# Alias OBJ Model File
# Exported from SketchUp, (c) 2000-2012 Trimble Navigation Limited
# File units = meters

mtllib Keris.mtl

g Mesh1 Group1 Model

usemtl sulawesi_kris_pamor_weapon_sumatra_weapon_ae66fa6602eece6a74b2dff70e2d4343
v 0.246891 0.408384 -1.41126
vt 0.729241 0.208665
vn 0.990296 0.123438 0.0638509
v 0.238421 0.464226 -1.39547
vt 0.723177 0.169642
vn 0.985376 0.113557 0.127042
v 0.238421 0.462584 -1.39378
vt 0.722383 0.170727
vn 0.987421 0.132332 0.0865351
f 1/1/1 2/2/2 3/3/3

v 0.238421 0.466083 -1.39693
vt 0.723868 0.168402
vn 0.982039 0.10528 0.156576
f 1/1/1 4/4/4 2/2/2

v 0.238421 0.468121 -1.39812
vt 0.724443 0.167029
vn 0.976066 0.09541 0.195427
f 1/1/1 5/5/5 4/4/4

v 0.238421 0.470301 -1.39902
vt 0.72489 0.16555
vn 0.96435 0.082196 0.251543
f 1/1/1 6/6/6 5/5/5

v 0.238421 0.472583 -1.39961
vt 0.725202 0.163991
vn 0.987303 0.109364 0.115209
f 1/1/1 7/7/7 6/6/6

v 0.238421 0.472021 -1.40097
vt 0.725805 0.164418
vn 0.988858 0.139856 -0.0509853
f 1/1/1 8/8/8 7/7/7

v 0.238421 0.471578 -1.40238
vt 0.72643 0.164765
vn 0.989749 0.137885 -0.0371984
f 1/1/1 9/9/9 8/8/8

v 0.238421 0.471257 -1.40381
vt 0.727072 0.165028
vn 0.990364 0.136312 -0.0244446
f 1/1/1 10/10/10 9/9/9

v 0.238421 0.471061 -1.40527
vt 0.727726 0.165206
vn 0.990758 0.135072 -0.0123789
f 1/1/1 11/11/11 10/10/10

v 0.238421 0.47099 -1.40674
vt 0.728388 0.165297
vn 0.990965 0.134121 -0.000717271
f 1/1/1 12/12/12 11/11/11

v 0.238421 0.471045 -1.40821
vt 0.729053 0.165301
vn 0.990999 0.133431 0.0107903
f 1/1/1 13/13/13 12/12/12

v 0.238421 0.471227 -1.40967
vt 0.729715 0.165218
vn 0.990349 0.134731 0.0325156
f 1/1/1 14/14/14 13/13/13

v 0.246891 0.414565 -1.42712
vt 0.736513 0.204856
vn 0.981309 0.102476 0.162887
f 1/1/1 15/15/15 14/14/14

v 0.246891 0.34924 -1.46516
vt 0.752442 0.251073
vn 1 1.38618e-15 -7.83957e-16
v 0.246891 0.358086 -1.47034
vt 0.754947 0.245113
v 0.246891 0.36648 -1.47623
vt 0.757762 0.239487
v 0.246891 0.374365 -1.48278
vt 0.760867 0.234231
v 0.246891 0.384242 -1.47716
vt 0.75852 0.227247
v 0.246891 0.394799 -1.47296
vt 0.756824 0.219834
v 0.246891 0.405835 -1.47025
vt 0.755811 0.212134
v 0.246891 0.417138 -1.46909
vt 0.755501 0.204294
v 0.246891 0.428493 -1.4695
vt 0.7559 0.196463
v 0.246891 0.439684 -1.47147
vt 0.757 0.188792
v 0.246891 0.430255 -1.4573
vt 0.750429 0.194894
v 0.246891 0.421867 -1.44249
vt 0.743588 0.200258
v 0.246891 0.403359 -1.39499
vt 0.721809 0.211666
v 0.246891 0.399513 -1.37841
vt 0.714256 0.213842
v 0.246891 0.396868 -1.3616
vt 0.70662 0.215182
v 0.246891 0.395436 -1.34464
vt 0.698941 0.215679
v 0.246891 0.395226 -1.32762
vt 0.691258 0.215332
v 0.246891 0.396238 -1.31063
vt 0.683611 0.214141
v 0.246891 0.398467 -1.29375
vt 0.67604 0.212113
v 0.246891 0.401902 -1.27708
vt 0.668584 0.209258
v 0.246891 0.404448 -1.26635
vt 0.663788 0.207189
v 0.246891 0.40632 -1.2566
vt 0.659425 0.205615
v 0.246891 0.407769 -1.24678
vt 0.655022 0.204329
v 0.246891 0.408794 -1.2369
vt 0.650587 0.203336
v 0.246891 0.409392 -1.227
vt 0.646128 0.202636
v 0.246891 0.409561 -1.21707
vt 0.641653 0.202232
v 0.246891 0.409303 -1.20715
vt 0.637171 0.202123
v 0.246891 0.408973 -1.20238
vt 0.635014 0.202213
v 0.246891 0.408581 -1.19768
vt 0.632885 0.202347
v 0.246891 0.4081 -1.19334
vt 0.63092 0.202554
v 0.246891 0.407498 -1.18902
vt 0.628958 0.202845
v 0.246891 0.406777 -1.18472
vt 0.627003 0.203218
v 0.246891 0.405938 -1.18044
vt 0.625056 0.203674
v 0.246891 0.40498 -1.17618
vt 0.623117 0.204212
v 0.246891 0.403906 -1.17195
vt 0.621189 0.204832
v 0.246891 0.402714 -1.16775
vt 0.619273 0.205533
v 0.246891 0.401407 -1.16359
vt 0.61737 0.206315
v 0.246891 0.399986 -1.15946
vt 0.615482 0.207177
v 0.246891 0.398451 -1.15538
vt 0.61361 0.208119
v 0.246891 0.396261 -1.15001
vt 0.611146 0.209476
v 0.246891 0.392557 -1.14013
vt 0.60662 0.211748
v 0.246891 0.389307 -1.1286
vt 0.601353 0.213659
v 0.246891 0.38704 -1.11683
vt 0.596001 0.214884
v 0.246891 0.385772 -1.10491
vt 0.590599 0.215415
v 0.246891 0.385511 -1.09293
vt 0.585188 0.215248
v 0.246891 0.38626 -1.08096
vt 0.579805 0.214385
v 0.246891 0.388013 -1.06911
vt 0.574489 0.212831
v 0.246891 0.390758 -1.05744
vt 0.569277 0.210597
v 0.246891 0.393416 -1.04929
vt 0.565651 0.208526
v 0.246891 0.395194 -1.04278
vt 0.562747 0.207109
v 0.246891 0.393785 -1.0464
vt 0.564351 0.208187
v 0.246891 0.390308 -1.0569
vt 0.569027 0.210893
v 0.246891 0.387382 -1.06758
vt 0.573789 0.213222
v 0.246891 0.385017 -1.0784
vt 0.578623 0.215169
v 0.246891 0.383218 -1.08932
vt 0.583517 0.216728
v 0.246891 0.38199 -1.10032
vt 0.588458 0.217894
v 0.246891 0.381337 -1.11137
vt 0.593431 0.218665
v 0.246891 0.38126 -1.12244
vt 0.598424 0.219038
v 0.246891 0.38176 -1.1335
vt 0.603423 0.219013
v 0.246891 0.382835 -1.14452
vt 0.608414 0.21859
v 0.246891 0.384483 -1.15546
vt 0.613384 0.217769
v 0.246891 0.387284 -1.16918
vt 0.619625 0.216231
v 0.246891 0.388772 -1.17977
vt 0.624432 0.21551
v 0.246891 0.389781 -1.18985
vt 0.628998 0.215105
v 0.246891 0.390388 -1.19996
vt 0.633571 0.214978
v 0.246891 0.390593 -1.21009
vt 0.638143 0.21513
v 0.246891 0.390396 -1.22021
vt 0.642708 0.215559
v 0.246891 0.390165 -1.2241
vt 0.644459 0.215831
v 0.246891 0.389857 -1.2293
vt 0.6468 0.216195
v 0.246891 0.388573 -1.23902
vt 0.651158 0.217362
v 0.246891 0.38729 -1.24873
vt 0.655516 0.21853
v 0.246891 0.385312 -1.25833
vt 0.659808 0.220174
v 0.246891 0.383334 -1.26792
vt 0.6641 0.221817
v 0.246891 0.380672 -1.27735
vt 0.668304 0.223929
v 0.246891 0.37801 -1.28678
vt 0.672508 0.22604
v 0.246891 0.376344 -1.29139
vt 0.674555 0.227324
v 0.246891 0.374678 -1.296
vt 0.676602 0.228608
v 0.246891 0.372349 -1.30278
vt 0.67962 0.230413
v 0.246891 0.370021 -1.30957
vt 0.682637 0.232217
v 0.246891 0.367918 -1.31643
vt 0.685692 0.233868
v 0.246891 0.365814 -1.32329
vt 0.688747 0.23552
v 0.246891 0.363938 -1.33021
vt 0.691835 0.237016
v 0.246891 0.362062 -1.33713
vt 0.694924 0.238512
v 0.246891 0.360414 -1.34412
vt 0.698043 0.239852
v 0.246891 0.358767 -1.3511
vt 0.701162 0.241191
v 0.246891 0.357351 -1.35813
vt 0.704308 0.242373
v 0.246891 0.355935 -1.36516
vt 0.707454 0.243555
v 0.246891 0.354752 -1.37224
vt 0.710624 0.244577
v 0.246891 0.353568 -1.37932
vt 0.713794 0.245599
v 0.246891 0.352935 -1.38406
vt 0.715921 0.246174
v 0.246891 0.352302 -1.3888
vt 0.718048 0.246748
v 0.246891 0.351668 -1.39354
vt 0.720175 0.247323
v 0.246891 0.351192 -1.3983
vt 0.722313 0.24779
v 0.246891 0.350715 -1.40306
vt 0.724451 0.248256
v 0.246891 0.350239 -1.40781
vt 0.726589 0.248723
v 0.246891 0.349919 -1.41259
vt 0.728736 0.249082
v 0.246891 0.3496 -1.41736
vt 0.730883 0.249441
v 0.246891 0.34928 -1.42213
vt 0.73303 0.2498
v 0.246891 0.349118 -1.42691
vt 0.735183 0.25005
v 0.246891 0.348956 -1.43169
vt 0.737337 0.2503
v 0.246891 0.348794 -1.43647
vt 0.73949 0.250551
v 0.246891 0.348789 -1.44125
vt 0.741648 0.250692
v 0.246891 0.348785 -1.44604
vt 0.743806 0.250834
v 0.246891 0.34878 -1.45082
vt 0.745964 0.250975
v 0.246891 0.348933 -1.4556
vt 0.748123 0.251008
v 0.246891 0.349086 -1.46038
vt 0.750283 0.251041
f 16/16/16 17/17/16 18/18/16 19/19/16 20/20/16 21/21/16 22/22/16 23/23/16 24/24/16 25/25/16 26/26/16 27/27/16 15/15/16 1/1/16 28/28/16 29/29/16 30/30/16 31/31/16 32/32/16 33/33/16 34/34/16 35/35/16 36/36/16 37/37/16 38/38/16 39/39/16 40/40/16 41/41/16 42/42/16 43/43/16 44/44/16 45/45/16 46/46/16 47/47/16 48/48/16 49/49/16 50/50/16 51/51/16 52/52/16 53/53/16 54/54/16 55/55/16 56/56/16 57/57/16 58/58/16 59/59/16 60/60/16 61/61/16 62/62/16 63/63/16 64/64/16 65/65/16 66/66/16 67/67/16 68/68/16 69/69/16 70/70/16 71/71/16 72/72/16 73/73/16 74/74/16 75/75/16 76/76/16 77/77/16 78/78/16 79/79/16 80/80/16 81/81/16 82/82/16 83/83/16 84/84/16 85/85/16 86/86/16 87/87/16 88/88/16 89/89/16 90/90/16 91/91/16 92/92/16 93/93/16 94/94/16 95/95/16 96/96/16 97/97/16 98/98/16 99/99/16 100/100/16 101/101/16 102/102/16 103/103/16 104/104/16 105/105/16 106/106/16 107/107/16 108/108/16 109/109/16 110/110/16 111/111/16 112/112/16 113/113/16 114/114/16 115/115/16 116/116/16 117/117/16 118/118/16 119/119/16 120/120/16 121/121/16 

vn -8.90936e-17 0.540203 0.841535
v 0.229951 0.358086 -1.47034
v 0.229951 0.34924 -1.46516
vn 4.54125e-17 0.469606 0.882876
f 17/17/17 122/17/17 123/16/18 16/16/18 

vn -2.18767e-16 0.607184 0.794561
v 0.229951 0.36648 -1.47623
f 18/18/19 124/18/19 122/17/17 17/17/17 

vn -2.83109e-16 0.639178 0.769059
v 0.229951 0.374365 -1.48278
f 19/19/20 125/19/20 124/18/19 18/18/19 

vn 1.36671e-15 -0.494328 0.869275
vn 1.30698e-15 -0.433105 0.901344
v 0.229951 0.384242 -1.47716
f 125/19/21 19/19/21 20/20/22 126/20/22 

vn 1.16911e-15 -0.304753 0.952432
v 0.229951 0.394799 -1.47296
f 126/20/22 20/20/22 21/21/23 127/21/23 

vn 1.00893e-15 -0.170585 0.985343
v 0.229951 0.405835 -1.47025
f 127/21/23 21/21/23 22/22/24 128/22/24 

vn 8.29494e-16 -0.0331613 0.99945
v 0.229951 0.417138 -1.46909
f 128/22/24 22/22/24 23/23/25 129/23/25 

vn 6.34229e-16 0.104895 0.994483
v 0.229951 0.428493 -1.4695
f 129/23/25 23/23/25 24/24/26 130/24/26 

vn 4.2686e-16 0.240949 0.970538
v 0.229951 0.439684 -1.47147
f 130/24/26 24/24/26 25/25/27 131/25/27 

v 0.246891 0.450497 -1.47496
vt 0.758781 0.181425
vn 2.06116e-16 0.372405 0.92807
v 0.229951 0.450497 -1.47496
f 131/25/27 25/25/27 132/122/28 133/122/28 

vn 0.99374 0.0954792 0.0579989
vn 0.985347 0.113177 0.127602
v 0.238421 0.518518 -1.46877
vt 0.757273 0.134268
vn 0.988609 0.107864 0.104966
f 25/25/29 132/122/30 134/123/31

v 0.238421 0.518711 -1.46975
vt 0.757717 0.134163
vn 0.992079 0.120459 0.0356316
f 132/122/30 135/124/32 134/123/31

v 0.238421 0.519077 -1.47067
vt 0.758141 0.133937
vn 0.991101 0.118627 0.0603908
f 132/122/30 136/125/33 135/124/32

v 0.238421 0.519603 -1.47152
vt 0.758532 0.133598
vn 0.989111 0.116759 0.089587
f 132/122/30 137/126/34 136/125/33

v 0.238421 0.520274 -1.47225
vt 0.758876 0.133156
vn 0.979983 0.114746 0.162686
f 132/122/30 138/127/35 137/126/34

v 0.246891 0.460724 -1.47991
vt 0.761207 0.174505
vn 0.953414 0.0932952 0.286875
f 132/122/30 139/128/36 138/127/35

vn 9.13821e-17 0.43562 0.900131
v 0.238421 0.460724 -1.47991
v 0.229951 0.460724 -1.47991
f 133/122/28 132/122/28 139/128/37 140/128/37 141/128/37 

vn 1.01914e-06 -0.484036 -0.875048
v 0.246512 0.465862 -1.48279
vt 0.762604 0.17104
vn 0.000135926 -0.489049 -0.872256
vn -4.30166e-17 -0.488886 -0.872348
f 140/128/38 142/129/39 139/128/40

v 0.246134 0.470996 -1.48567
vt 0.764 0.167578
vn -0.012828 -0.48167 -0.876259
f 140/128/38 143/130/41 142/129/39

v 0.245754 0.476189 -1.48846
vt 0.765355 0.164072
vn -0.00648166 -0.476273 -0.879274
f 140/128/38 144/131/42 143/130/41

v 0.231089 0.476189 -1.48846
vn 0.00864233 -0.477139 -0.878786
f 145/131/43 144/131/42 140/128/38

v 0.231467 0.481369 -1.49124
vt 0.76671 0.160575
vn 0 -0.467932 -0.883764
f 145/131/43 146/132/44 144/131/42

vn -0.988002 0.122654 0.0938478
v 0.230709 0.470996 -1.48567
vn -0.991767 0.124766 -0.0288366
v 0.238421 0.531711 -1.48383
vt 0.764316 0.125592
vn -0.991476 0.129261 0.0163562
vn -0.969999 0.111574 0.215995
f 145/131/45 147/130/46 148/133/47 146/132/48 

vn 0.0128316 -0.481668 -0.87626
f 140/128/38 147/130/49 145/131/43

v 0.23033 0.46586 -1.48279
vt 0.762603 0.171041
vn -0.00013236 -0.489049 -0.872256
f 149/134/50 147/130/49 140/128/38

v 0.238421 0.53554 -1.47703
vt 0.76132 0.122751
vn -0.993194 0.116362 -0.00511536
vn -0.991809 0.109765 0.0653222
vn -0.953414 0.0932952 0.286875
f 150/135/51 147/130/46 149/134/52 141/128/53 

v 0.238421 0.53481 -1.4788
vt 0.762104 0.123306
vn -0.989934 0.126486 -0.0635052
f 151/136/54 147/130/46 150/135/51

v 0.238421 0.533839 -1.48044
vt 0.762829 0.124025
vn -0.98764 0.12866 -0.0895149
f 152/137/55 147/130/46 151/136/54

v 0.238421 0.532644 -1.48194
vt 0.76348 0.124893
vn -0.986937 0.129297 -0.096118
f 153/138/56 147/130/46 152/137/55

v 0.238421 0.532041 -1.48282
vt 0.763865 0.125335
vn -0.989638 0.128072 -0.0649133
f 154/139/57 147/130/46 153/138/56

f 148/133/47 147/130/46 154/139/57

vn 0.991767 0.124766 -0.0288366
vn 0.991476 0.129261 0.0163562
vn 0.989638 0.128072 -0.0649133
f 143/130/58 148/133/59 154/139/60

vn 0.988002 0.122654 0.0938478
v 0.245375 0.481369 -1.49124
vn 0.969999 0.111574 0.215995
f 143/130/58 144/131/61 155/132/62 148/133/59 

vn 8.44429e-18 -0.462185 -0.886784
f 146/132/44 155/132/63 144/131/42

v 0.231848 0.486615 -1.49394
vt 0.768023 0.15703
vn 4.19648e-18 -0.456903 -0.889516
f 146/132/44 156/140/64 155/132/63

v 0.238421 0.544802 -1.48927
vt 0.767019 0.116709
vn -0.993449 0.11404 -0.00732733
v 0.232227 0.491842 -1.49663
vt 0.769337 0.153498
vn -0.986357 0.132125 -0.0981983
vn -0.992 0.10665 0.0675356
f 157/141/65 158/142/66 156/140/67 146/132/48 

v 0.238421 0.544276 -1.49023
vt 0.767441 0.1171
vn -0.985952 0.129373 -0.105651
f 159/143/68 158/142/66 157/141/65

v 0.238421 0.543477 -1.49098
vt 0.767763 0.117673
vn -0.963058 0.140665 -0.229634
f 160/144/69 158/142/66 159/143/68

v 0.238421 0.542487 -1.49144
vt 0.767953 0.118371
vn -0.945929 0.145407 -0.289956
f 161/145/70 158/142/66 160/144/69

v 0.238421 0.54139 -1.49203
vt 0.768201 0.119145
vn -0.968853 0.140058 -0.204225
f 162/146/71 158/142/66 161/145/70

v 0.238421 0.540485 -1.49289
vt 0.768572 0.119795
vn -0.984632 0.133988 -0.112014
f 163/147/72 158/142/66 162/146/71

v 0.238421 0.539833 -1.49396
vt 0.76904 0.120276
vn -0.989577 0.131051 -0.0596827
f 164/148/73 158/142/66 163/147/72

v 0.238421 0.539479 -1.49516
vt 0.769573 0.120556
vn -0.990752 0.133802 0.0225388
f 165/149/74 158/142/66 164/148/73

v 0.232608 0.497138 -1.49922
vt 0.770607 0.149916
vn -0.98609 0.124837 0.10974
v 0.232987 0.502411 -1.50182
vt 0.771879 0.146349
vn -0.986474 0.133263 0.0954493
f 166/150/75 158/142/66 165/149/74 167/151/76 

v 0.244616 0.491842 -1.49663
vn -1.06922e-17 -0.446012 -0.895027
vn -4.24764e-18 -0.451952 -0.892042
vn -1.06917e-17 -0.440659 -0.897675
f 168/142/77 158/142/78 166/150/79

v 0.244995 0.486615 -1.49394
vn 4.19648e-18 -0.457388 -0.889267
f 158/142/78 168/142/77 169/140/80

vn 0.993449 0.11404 -0.00732733
vn 0.992 0.10665 0.0675356
vn 0.986357 0.132125 -0.0981983
f 157/141/81 155/132/62 169/140/82 168/142/83 

v 0.238421 0.545004 -1.4882
vt 0.766538 0.116538
vn -0.487534 0.108794 0.866299
f 155/132/62 157/141/81 170/152/84

f 157/141/65 146/132/48 170/152/84

v 0.238421 0.535323 -1.48818
vt 0.766346 0.123224
vn -0.331764 0.0552901 0.941741
f 170/152/84 146/132/48 171/153/85

v 0.238421 0.53427 -1.48801
vt 0.76625 0.123946
vn -0.921022 0.0980087 0.376978
f 171/153/85 146/132/48 172/154/86

v 0.238421 0.533308 -1.48755
vt 0.766024 0.124597
vn -0.975584 0.117411 0.185607
f 172/154/86 146/132/48 173/155/87

v 0.238421 0.532516 -1.48683
vt 0.765687 0.125123
vn -0.986403 0.124903 0.106811
f 173/155/87 146/132/48 174/156/88

v 0.238421 0.531959 -1.48593
vt 0.765267 0.125482
vn -0.989872 0.130089 0.0568356
f 174/156/88 146/132/48 175/157/89

v 0.238421 0.531684 -1.4849
vt 0.764797 0.125642
vn -0.990729 0.134918 0.0159403
f 175/157/89 146/132/48 176/158/90

f 176/158/90 146/132/48 148/133/47

vn 0.990729 0.134918 0.0159403
f 155/132/62 176/158/91 148/133/59

vn 0.989872 0.130089 0.0568356
f 155/132/62 175/157/92 176/158/91

vn 0.986403 0.124903 0.106811
f 155/132/62 174/156/93 175/157/92

vn 0.975584 0.117411 0.185607
f 155/132/62 173/155/94 174/156/93

vn 0.921022 0.0980087 0.376978
f 155/132/62 172/154/95 173/155/94

f 155/132/62 171/153/85 172/154/95

f 155/132/62 170/152/84 171/153/85

v 0.238421 0.541597 -1.48463
vt 0.764863 0.118788
vn -1 -1.38618e-15 7.83957e-16
v 0.238421 0.542673 -1.48482
vt 0.76497 0.11805
v 0.238421 0.543636 -1.48534
vt 0.765222 0.1174
v 0.238421 0.544391 -1.48613
vt 0.765593 0.116902
v 0.238421 0.544863 -1.48711
vt 0.766047 0.116605
v 0.238421 0.53638 -1.48804
vt 0.766303 0.122489
v 0.238421 0.537355 -1.48761
vt 0.766127 0.121804
v 0.238421 0.538167 -1.48691
vt 0.76583 0.121223
v 0.238421 0.538749 -1.48602
vt 0.765438 0.120795
v 0.238421 0.539533 -1.48526
vt 0.765109 0.120232
v 0.238421 0.540515 -1.48478
vt 0.764911 0.11954
f 177/159/96 178/160/96 179/161/96 180/162/96 181/163/96 170/152/84 171/153/85 182/164/96 183/165/96 184/166/96 185/167/96 186/168/96 187/169/96 

f 156/140/64 169/140/80 155/132/63

f 156/140/64 158/142/78 169/140/80

vn 0.985952 0.129373 -0.105651
f 168/142/83 159/143/97 157/141/81

vn 0.963058 0.140665 -0.229634
f 168/142/83 160/144/98 159/143/97

vn 0.945929 0.145407 -0.289956
f 168/142/83 161/145/99 160/144/98

vn 0.968853 0.140058 -0.204225
f 168/142/83 162/146/100 161/145/99

vn 0.984632 0.133988 -0.112014
f 168/142/83 163/147/101 162/146/100

vn 0.989577 0.131051 -0.0596827
f 168/142/83 164/148/102 163/147/101

vn 0.990752 0.133802 0.0225388
f 168/142/83 165/149/103 164/148/102

v 0.244234 0.497138 -1.49922
vn 0.98609 0.124837 0.10974
v 0.243856 0.502411 -1.50182
vn 0.986474 0.133263 0.0954493
f 168/142/83 188/150/104 189/151/105 165/149/103 

vn -1.06917e-17 -0.441265 -0.897377
f 166/150/79 188/150/106 168/142/77

vn -1.21226e-17 -0.435804 -0.900042
f 166/150/79 167/151/107 188/150/106

vn -2.61481e-17 -0.429715 -0.902964
f 167/151/107 189/151/108 188/150/106

v 0.233369 0.507754 -1.50432
vt 0.773107 0.142731
vn 9.97535e-16 -0.424634 -0.905365
f 189/151/108 167/151/107 190/170/109

vn -0.983579 0.129245 0.125968
v 0.238421 0.542258 -1.50027
vt 0.771934 0.118784
vn -0.971489 0.113799 0.207989
v 0.233748 0.513072 -1.50682
vt 0.774337 0.139131
vn -0.984609 0.127074 0.119986
f 190/170/110 167/151/76 191/171/111 192/172/112 

v 0.238421 0.541193 -1.49962
vt 0.771619 0.119501
vn -0.97817 0.127765 0.163888
f 191/171/111 167/151/76 193/173/113

v 0.238421 0.540334 -1.49871
vt 0.771195 0.120068
vn -0.986137 0.13321 0.098936
f 193/173/113 167/151/76 194/174/114

v 0.238421 0.539738 -1.49762
vt 0.770689 0.120448
vn -0.988985 0.137939 0.0536874
f 194/174/114 167/151/76 195/175/115

v 0.238421 0.539446 -1.4964
vt 0.770135 0.120614
vn -0.989606 0.143021 0.014968
f 195/175/115 167/151/76 196/176/116

f 196/176/116 167/151/76 165/149/74

vn 0.989606 0.143021 0.014968
f 189/151/105 196/176/117 165/149/103

vn 0.988985 0.137939 0.0536874
f 189/151/105 195/175/118 196/176/117

vn 0.986137 0.13321 0.098936
f 189/151/105 194/174/119 195/175/118

vn 0.97817 0.127765 0.163888
f 189/151/105 193/173/120 194/174/119

vn 0.971489 0.113799 0.207989
f 189/151/105 191/171/121 193/173/120

v 0.243474 0.507754 -1.50432
vn 0.983579 0.129245 0.125968
v 0.243095 0.513072 -1.50682
vn 0.984609 0.127074 0.119986
f 189/151/105 197/170/122 198/172/123 191/171/121 

vn -3.16437e-17 -0.424634 -0.905365
f 190/170/109 197/170/124 189/151/108

vn 1.98493e-15 -0.416398 -0.909183
f 190/170/109 198/172/125 197/170/124

vn 3.99492e-15 -0.416398 -0.909183
f 190/170/109 192/172/126 198/172/125

v 0.23413 0.51846 -1.50922
vt 0.775522 0.135479
vn 9.5162e-16 -0.408166 -0.912908
f 192/172/126 199/177/127 198/172/125

vn -0.975497 0.143566 0.166718
v 0.238421 0.543921 -1.50604
vt 0.774567 0.117802
vn -0.984801 0.157917 0.0723191
v 0.234508 0.523821 -1.51163
vt 0.776708 0.131846
vn -0.976223 0.161116 0.145021
f 199/177/128 192/172/112 200/178/129 201/179/130 

v 0.238421 0.543866 -1.50479
vt 0.774003 0.117805
vn -0.988569 0.150563 -0.0078876
f 200/178/129 192/172/112 202/180/131

v 0.238421 0.544049 -1.50356
vt 0.77345 0.117643
vn -0.987474 0.153038 -0.0383904
f 202/180/131 192/172/112 203/181/132

v 0.238421 0.544462 -1.50238
vt 0.772927 0.117323
vn -0.984819 0.157082 -0.0738668
f 203/181/132 192/172/112 204/182/133

v 0.238421 0.545093 -1.5013
vt 0.772453 0.116856
vn -0.864628 0.501797 -0.024877
f 204/182/133 192/172/112 205/183/134

v 0.238421 0.544702 -1.50066
vt 0.772154 0.117107
vn -0.608846 0.176661 0.773367
f 205/183/134 192/172/112 206/184/135

v 0.238421 0.543455 -1.50063
vt 0.772116 0.117968
vn -0.901663 0.0511498 0.429403
f 206/184/135 192/172/112 207/185/136

f 207/185/136 192/172/112 191/171/111

vn 0.901663 0.0511498 0.429403
f 198/172/123 207/185/137 191/171/121

f 198/172/123 206/184/135 207/185/137

f 198/172/123 205/183/134 206/184/135

vn 0.984819 0.157082 -0.0738668
f 198/172/123 204/182/138 205/183/134

vn 0.987474 0.153038 -0.0383904
f 198/172/123 203/181/139 204/182/138

vn 0.988569 0.150563 -0.0078876
f 198/172/123 202/180/140 203/181/139

vn 0.984801 0.157917 0.0723191
f 202/180/140 198/172/123 200/178/141

v 0.242713 0.51846 -1.50922
vn 0.975497 0.143566 0.166718
v 0.242335 0.523821 -1.51163
vn 0.976223 0.161116 0.145021
f 198/172/123 208/177/142 209/179/143 200/178/141 

vn -2.90395e-17 -0.408166 -0.912908
f 199/177/127 208/177/144 198/172/125

vn 1.76276e-14 -0.399897 -0.91656
f 199/177/127 209/179/145 208/177/144

vn -5.20346e-17 -0.399897 -0.91656
f 199/177/127 201/179/146 209/179/145

v 0.234891 0.529252 -1.51393
vt 0.77785 0.128162
vn 4.70296e-14 -0.391213 -0.9203
f 201/179/146 210/186/147 209/179/145

vn -0.966802 0.15448 0.203545
v 0.238421 0.547405 -1.51094
vt 0.776844 0.115538
vn -0.959652 0.140691 0.243461
v 0.235269 0.534656 -1.51624
vt 0.778993 0.124496
vn -0.965385 0.0892202 0.245097
f 210/186/148 201/179/130 211/187/149 212/188/150 

v 0.238421 0.546355 -1.51026
vt 0.77652 0.116244
vn -0.966887 0.15569 0.202216
f 211/187/149 201/179/130 213/189/151

v 0.238421 0.545452 -1.5094
vt 0.776114 0.116843
vn -0.976496 0.162058 0.142101
f 213/189/151 201/179/130 214/190/152

v 0.238421 0.544729 -1.50839
vt 0.775642 0.117313
vn -0.980852 0.168436 0.0977634
f 214/190/152 201/179/130 215/191/153

v 0.238421 0.544212 -1.50725
vt 0.77512 0.117636
vn -0.982601 0.17557 0.0605874
f 215/191/153 201/179/130 216/192/154

f 216/192/154 201/179/130 200/178/129

vn 0.982601 0.17557 0.0605874
f 209/179/143 216/192/155 200/178/141

vn 0.980852 0.168436 0.0977634
f 209/179/143 215/191/156 216/192/155

vn 0.976496 0.162058 0.142101
f 209/179/143 214/190/157 215/191/156

vn 0.966887 0.15569 0.202216
f 214/190/157 209/179/143 213/189/158

vn 0.959652 0.140691 0.243461
f 209/179/143 211/187/159 213/189/158

v 0.241952 0.529252 -1.51393
vn 0.966802 0.15448 0.203545
v 0.241574 0.534656 -1.51624
vn 0.965385 0.0892202 0.245097
f 209/179/143 217/186/160 218/188/161 211/187/159 

vn 4.70526e-14 -0.391915 -0.920001
f 210/186/147 217/186/162 209/179/145

vn 1.76389e-14 -0.383265 -0.923638
f 210/186/147 212/188/163 217/186/162

vn 0 -0.383265 -0.923638
f 212/188/163 218/188/164 217/186/162

v 0.241193 0.540127 -1.51844
vt 0.780092 0.120782
vn 2.28587e-17 -0.374514 -0.927221
f 212/188/163 219/193/165 218/188/164

v 0.23565 0.540127 -1.51844
vn 7.46262e-18 -0.375154 -0.926963
f 212/188/163 220/193/166 219/193/165

vn -0.989173 0.10873 0.098561
v 0.238421 0.56267 -1.5155
vt 0.779191 0.105128
vn -0.992208 0.120084 0.0332226
v 0.236029 0.545573 -1.52065
vt 0.781191 0.117085
vn -0.989725 0.132662 0.0533414
f 220/193/167 212/188/150 221/194/168 222/195/169 

v 0.238421 0.562628 -1.5142
vt 0.778605 0.105119
vn -0.99374 0.111534 0.00647018
f 221/194/168 212/188/150 223/196/170

v 0.238421 0.56252 -1.51291
vt 0.778019 0.105156
vn -0.993747 0.110988 0.0121626
f 223/196/170 212/188/150 224/197/171

v 0.238421 0.562346 -1.51162
vt 0.777435 0.10524
vn -0.646726 0.143117 0.749174
f 224/197/171 212/188/150 225/198/172

v 0.238421 0.550923 -1.51162
vt 0.777219 0.113128
vn -0.401899 -0.00362631 0.915677
f 225/198/172 212/188/150 226/199/173

v 0.238421 0.54979 -1.51163
vt 0.777202 0.113911
vn -0.874204 0.0347551 0.484313
f 226/199/173 212/188/150 227/200/174

v 0.238421 0.548565 -1.5114
vt 0.777074 0.114751
vn -0.936171 0.0944307 0.338624
f 227/200/174 212/188/150 228/201/175

f 228/201/175 212/188/150 211/187/149

vn 0.936171 0.0944307 0.338624
f 218/188/161 228/201/176 211/187/159

vn 0.874204 0.0347551 0.484313
f 218/188/161 227/200/177 228/201/176

f 218/188/161 226/199/173 227/200/177

f 218/188/161 225/198/172 226/199/173

vn 0.993747 0.110988 0.0121626
f 218/188/161 224/197/178 225/198/172

vn 0.99374 0.111534 0.00647018
f 218/188/161 223/196/179 224/197/178

vn 0.992208 0.120084 0.0332226
f 218/188/161 221/194/180 223/196/179

vn 0.989173 0.10873 0.098561
v 0.240814 0.545573 -1.52065
vn 0.989725 0.132662 0.0533414
f 218/188/161 219/193/181 229/195/182 221/194/180 

vn 1.12622e-17 -0.369609 -0.929187
f 220/193/166 229/195/183 219/193/165

vn 2.79271e-14 -0.363408 -0.93163
f 220/193/166 222/195/184 229/195/183

v 0.240433 0.551079 -1.52276
vt 0.782245 0.113343
vn 5.58823e-14 -0.357717 -0.93383
f 222/195/184 230/202/185 229/195/183

v 0.23641 0.551079 -1.52276
vn 5.58999e-14 -0.358243 -0.933628
f 230/202/185 222/195/184 231/202/186

vn -0.978398 0.129402 0.161219
v 0.238421 0.562765 -1.51993
vt 0.781191 0.10519
vn -0.982049 0.137396 0.129234
v 0.236788 0.556568 -1.52487
vt 0.783301 0.109613
vn -0.97867 0.0889318 0.185192
f 231/202/187 222/195/169 232/203/188 233/204/189 

v 0.238421 0.562398 -1.51938
vt 0.780936 0.105428
vn -0.989772 0.138025 0.03607
f 232/203/188 222/195/169 234/205/190

v 0.238421 0.562555 -1.51809
vt 0.780358 0.105282
vn -0.989844 0.141504 -0.0135983
f 234/205/190 222/195/169 235/206/191

v 0.238421 0.562646 -1.5168
vt 0.779776 0.105182
vn -0.990109 0.140163 -0.00625812
f 235/206/191 222/195/169 236/207/192

f 236/207/192 222/195/169 221/194/168

vn 0.990109 0.140163 -0.00625812
f 229/195/182 236/207/193 221/194/180

vn 0.989844 0.141504 -0.0135983
f 229/195/182 235/206/194 236/207/193

vn 0.989772 0.138025 0.03607
f 235/206/194 229/195/182 234/205/195

vn 0.982049 0.137396 0.129234
f 229/195/182 232/203/196 234/205/195

vn 0.978398 0.129402 0.161219
v 0.240054 0.556568 -1.52487
vn 0.998635 -0.000165182 -0.0522261
f 229/195/182 230/202/197 237/204/198 232/203/196 

f 231/202/186 237/204/198 230/202/185

vn 0.000643155 -0.346904 -0.9379
f 231/202/186 233/204/199 237/204/198

v 0.239674 0.56211 -1.52687
vt 0.784311 0.105844
vn 0.46101 -0.274516 -0.843867
f 233/204/199 238/208/200 237/204/198

v 0.239296 0.567637 -1.52888
vt 0.785322 0.102084
vn 0.991841 0.0161357 -0.126453
f 233/204/199 239/209/201 238/208/200

v 0.238421 0.575171 -1.52529
vt 0.783844 0.0967772
vn 0.994471 0.0876501 0.0578411
f 240/210/202 237/204/198 238/208/200 239/209/201 

v 0.238421 0.574175 -1.52369
vt 0.783105 0.0974189
vn 0.99472 0.0888298 0.0513859
f 237/204/198 240/210/202 241/211/203

vn -0.994471 0.08765 0.057841
vn -0.99472 0.0888298 0.0513859
f 240/210/204 233/204/189 241/211/205

v 0.237547 0.567637 -1.52888
vn -0.994553 0.084466 0.0610643
f 240/210/204 242/209/206 233/204/189

v 0.238421 0.576274 -1.52682
vt 0.784553 0.0960601
vn -0.99421 0.084874 0.0658939
f 240/210/204 243/212/207 242/209/206

vn 0.99421 0.084874 0.0658939
f 240/210/202 239/209/201 243/212/208

v 0.238421 0.577477 -1.52826
vt 0.785228 0.0952711
vn 0.993705 0.0835959 0.0745753
f 239/209/201 244/213/209 243/212/208

v 0.238421 0.578775 -1.52962
vt 0.785868 0.0944138
vn 0.996444 0.0663265 0.0519586
f 239/209/201 245/214/210 244/213/209

v 0.238537 0.578796 -1.53267
vt 0.787243 0.0944873
vn 0.998032 0.0492222 0.0388503
f 245/214/210 239/209/201 246/215/211

usemtl FrontColor
v 0.238421 0.580505 -1.53325
vt -60.5798 14.1852
vn -0.997498 -0.0512036 0.04874
v 0.238524 0.578993 -1.53277
vt -60.5604 14.1256
v 0.238535 0.578832 -1.53268
vt -60.5572 14.1192
vt -60.5567 14.1178
vt -60.4062 13.6779
v 0.238421 0.581634 -1.53207
vt -60.5332 14.2297
f 247/216/212 248/217/212 249/218/212 246/219/212 239/220/212 250/221/212 

usemtl sulawesi_kris_pamor_weapon_sumatra_weapon_ae66fa6602eece6a74b2dff70e2d4343
vt 0.787025 0.0925102
vn 0.999119 0.0417401 -0.0044558
vt 0.787249 0.094463
vt 0.787289 0.0943546
vn 0.997476 0.0513929 -0.048989
vt 0.787537 0.0933239
f 250/222/213 249/223/213 248/224/214 247/225/214 

v 0.238421 0.580163 -1.5309
vt 0.786467 0.0934921
vn 0.998675 0.0334485 0.0390976
f 251/226/215 246/215/211 249/223/213 250/222/213 

f 245/214/210 246/215/211 251/226/215

vn -0.998677 0.03343 0.0390724
v 0.238307 0.578808 -1.53266
vt 0.787237 0.0944793
v 0.238305 0.578778 -1.5327
vt 0.787253 0.0945008
vn -0.997606 0.0577939 0.03798
vn -0.996454 0.0663028 0.0517937
f 251/226/216 252/227/216 253/228/217 245/214/218 

vn -0.999122 0.0416617 -0.00439361
v 0.238309 0.578863 -1.53268
vt 0.787247 0.0944412
f 250/222/219 254/229/219 252/227/216 251/226/216 

vn -0.997491 0.0512306 -0.0488543
f 250/222/219 247/225/220 254/229/219

usemtl FrontColor
vt -61.0156 14.6706
vn -0.997777 0.0553928 -0.0370368
vt -61.0149 14.674
vt -61.0377 14.7387
v 0.238319 0.578992 -1.53277
vt -61.0184 14.6791
f 253/230/221 254/231/221 247/232/221 255/233/221 

usemtl sulawesi_kris_pamor_weapon_sumatra_weapon_ae66fa6602eece6a74b2dff70e2d4343
f 253/228/217 242/209/206 245/214/218

vn -0.993705 0.0835959 0.0745753
f 245/214/218 242/209/206 244/213/222

f 244/213/222 242/209/206 243/212/207

usemtl FrontColor
v 0.238538 0.578778 -1.5327
vt 60.6443 14.1197
vn 0.997771 0.055291 -0.0373512
vt 60.6471 14.1281
vt 60.6439 14.1218
f 256/234/223 248/235/223 249/236/223

usemtl sulawesi_kris_pamor_weapon_sumatra_weapon_ae66fa6602eece6a74b2dff70e2d4343
vn 0.997843 0.065171 -0.00785769
f 256/228/224 246/215/224 239/209/224

v 0.238421 0.57329 -1.52203
vt 0.782339 0.0979825
vn -0.995322 0.0924351 0.0281026
f 241/211/205 233/204/189 257/237/225

v 0.238421 0.573243 -1.52152
vt 0.782105 0.0979998
vn -0.729026 0.134743 0.671093
f 257/237/225 233/204/189 258/238/226

v 0.238421 0.566223 -1.52157
vt 0.781996 0.102849
vn -0.51064 0.0195659 0.859572
f 258/238/226 233/204/189 259/239/227

v 0.238421 0.565564 -1.52153
vt 0.781966 0.103304
vn -0.938239 0.0430327 0.343301
f 259/239/227 233/204/189 260/240/228

v 0.238421 0.564918 -1.52139
vt 0.781891 0.103746
vn -0.960795 0.0770919 0.266327
f 260/240/228 233/204/189 261/241/229

v 0.238421 0.564302 -1.52116
vt 0.781773 0.104165
vn -0.971062 0.101283 0.21629
f 261/241/229 233/204/189 262/242/230

v 0.238421 0.563728 -1.52083
vt 0.781615 0.104551
vn -0.976212 0.121285 0.17972
f 262/242/230 233/204/189 263/243/231

v 0.238421 0.563212 -1.52042
vt 0.781419 0.104896
vn -0.978691 0.139832 0.15037
f 263/243/231 233/204/189 264/244/232

f 264/244/232 233/204/189 232/203/188

vn 0.978691 0.139832 0.15037
f 237/204/198 264/244/233 232/203/196

vn 0.976212 0.121285 0.17972
f 237/204/198 263/243/234 264/244/233

vn 0.971062 0.101283 0.21629
f 237/204/198 262/242/235 263/243/234

vn 0.960795 0.0770919 0.266327
f 237/204/198 261/241/236 262/242/235

vn 0.938239 0.0430327 0.343301
f 237/204/198 260/240/237 261/241/236

f 237/204/198 259/239/227 260/240/237

f 237/204/198 258/238/226 259/239/227

vn 0.995322 0.0924351 0.0281026
f 237/204/198 257/237/238 258/238/226

f 237/204/198 241/211/203 257/237/238

v 0.238421 0.573087 -1.52102
vt 0.78188 0.0980934
v 0.238421 0.566881 -1.52151
vt 0.78198 0.102394
v 0.238421 0.56752 -1.52134
vt 0.781918 0.101947
v 0.238421 0.568128 -1.52108
vt 0.781812 0.10152
v 0.238421 0.568688 -1.52073
vt 0.781665 0.101123
v 0.238421 0.569188 -1.5203
vt 0.78148 0.100765
v 0.238421 0.56959 -1.51997
vt 0.78134 0.100478
v 0.238421 0.570052 -1.51974
vt 0.781244 0.100152
v 0.238421 0.570554 -1.51961
vt 0.781196 0.0998019
v 0.238421 0.571071 -1.5196
vt 0.781198 0.099444
v 0.238421 0.57158 -1.51969
vt 0.78125 0.0990953
v 0.238421 0.572057 -1.51989
vt 0.78135 0.0987718
v 0.238421 0.57248 -1.52019
vt 0.781493 0.0984886
v 0.238421 0.572828 -1.52058
vt 0.781672 0.0982589
f 265/245/96 258/238/226 259/239/227 266/246/96 267/247/96 268/248/96 269/249/96 270/250/96 271/251/96 272/252/96 273/253/96 274/254/96 275/255/96 276/256/96 277/257/96 278/258/96 

v 0.238421 0.5564 -1.50188
vt 0.772929 0.109064
v 0.238421 0.55703 -1.50198
vt 0.772982 0.108632
v 0.238421 0.557639 -1.50216
vt 0.773076 0.108216
v 0.238421 0.558215 -1.50243
vt 0.773209 0.107826
v 0.238421 0.558745 -1.50278
vt 0.773378 0.10747
v 0.238421 0.559217 -1.50321
vt 0.773579 0.107156
v 0.238421 0.559622 -1.5037
vt 0.773809 0.106891
v 0.238421 0.55995 -1.50424
vt 0.774061 0.106681
v 0.238421 0.560505 -1.50542
vt 0.774601 0.106331
v 0.238421 0.560999 -1.50662
vt 0.775152 0.106025
v 0.238421 0.561432 -1.50784
vt 0.775712 0.105761
v 0.238421 0.561801 -1.50909
vt 0.77628 0.105542
v 0.238421 0.562106 -1.51035
vt 0.776855 0.105368
v 0.238421 0.552032 -1.51139
vt 0.777135 0.112356
v 0.238421 0.553072 -1.51094
vt 0.776952 0.111625
v 0.238421 0.554002 -1.51029
vt 0.776678 0.110963
v 0.238421 0.554786 -1.50948
vt 0.776324 0.110399
v 0.238421 0.555391 -1.50852
vt 0.775903 0.109953
v 0.238421 0.555795 -1.50746
vt 0.775433 0.109643
v 0.238421 0.55598 -1.50634
vt 0.774933 0.109483
v 0.238421 0.55594 -1.50521
vt 0.774421 0.109478
v 0.238421 0.555676 -1.50411
vt 0.773919 0.109628
v 0.238421 0.555199 -1.50308
vt 0.773447 0.109928
v 0.238421 0.554527 -1.50217
vt 0.773022 0.110366
v 0.238421 0.555135 -1.50198
vt 0.772949 0.10994
v 0.238421 0.555764 -1.50189
vt 0.772918 0.109503
f 279/259/96 280/260/96 281/261/96 282/262/96 283/263/96 284/264/96 285/265/96 286/266/96 287/267/96 288/268/96 289/269/96 290/270/96 291/271/96 225/198/172 226/199/173 292/272/96 293/273/96 294/274/96 295/275/96 296/276/96 297/277/96 298/278/96 299/279/96 300/280/96 301/281/96 302/282/96 303/283/96 304/284/96 

v 0.238421 0.545916 -1.50037
vt 0.772046 0.116261
f 305/285/96 205/183/134 206/184/135

vn 0.986937 0.129297 -0.096118
f 143/130/58 154/139/60 153/138/239

vn 0.98764 0.12866 -0.0895149
f 143/130/58 153/138/239 152/137/240

vn 0.989934 0.126486 -0.0635052
f 143/130/58 152/137/240 151/136/241

vn 0.993194 0.116362 -0.00511536
f 143/130/58 151/136/241 150/135/242

vn 0.991809 0.109765 0.0653222
f 150/135/242 139/128/36 142/129/243 143/130/58 

v 0.238421 0.536012 -1.47518
vt 0.760493 0.122371
vn 0.993376 0.113052 -0.0205705
f 139/128/36 150/135/242 306/286/244

vn -0.993376 0.113052 -0.0205705
f 150/135/51 141/128/53 306/286/245

v 0.238421 0.536218 -1.47327
vt 0.759639 0.122174
vn -0.483671 0.0750886 0.872023
f 306/286/245 141/128/53 307/287/246

v 0.238421 0.524403 -1.47373
vt 0.75962 0.130347
vn -0.320239 0.0125629 0.947253
f 307/287/246 141/128/53 308/288/247

v 0.238421 0.522907 -1.47358
vt 0.759526 0.131376
vn -0.89054 0.0756185 0.448576
f 308/288/247 141/128/53 309/289/248

v 0.238421 0.521953 -1.4733
vt 0.759381 0.132027
vn -0.956919 0.103053 0.271452
f 309/289/248 141/128/53 310/290/249

v 0.238421 0.521065 -1.47285
vt 0.759162 0.132627
vn -0.975441 0.11493 0.1879
f 310/290/249 141/128/53 311/291/250

vn -0.979983 0.114746 0.162686
f 311/291/250 141/128/53 138/127/251

vn -0.985347 0.113177 0.127602
f 141/128/53 133/122/252 138/127/251

vn -0.989111 0.116759 0.089587
f 138/127/251 133/122/252 137/126/253

vn -0.991101 0.118627 0.0603908
f 137/126/253 133/122/252 136/125/254

vn -0.992079 0.120459 0.0356316
f 136/125/254 133/122/252 135/124/255

vn -0.988609 0.107864 0.104966
f 135/124/255 133/122/252 134/123/256

vn -0.99374 0.0954792 0.0579989
f 133/122/252 131/25/257 134/123/256

v 0.238421 0.518505 -1.46778
vt 0.756825 0.134248
vn -0.994199 0.107229 -0.00840549
f 134/123/256 131/25/257 312/292/258

v 0.238421 0.518671 -1.4668
vt 0.756386 0.134105
vn -0.993699 0.108271 -0.0289688
f 312/292/258 131/25/257 313/293/259

v 0.238421 0.519012 -1.46586
vt 0.75597 0.133843
vn -0.992591 0.109678 -0.0522858
f 313/293/259 131/25/257 314/294/260

v 0.238421 0.519515 -1.46501
vt 0.755593 0.13347
vn -0.990425 0.111658 -0.0811887
f 314/294/260 131/25/257 315/295/261

v 0.238421 0.520165 -1.46425
vt 0.755266 0.133
vn -0.991445 0.110562 -0.0693677
f 315/295/261 131/25/257 316/296/262

v 0.238421 0.520547 -1.46325
vt 0.75482 0.132707
vn -0.993734 0.107279 -0.0313835
f 316/296/262 131/25/257 317/297/263

v 0.238421 0.520761 -1.4622
vt 0.754349 0.132529
vn -0.994357 0.105328 -0.0126651
f 317/297/263 131/25/257 318/298/264

v 0.238421 0.5208 -1.46112
vt 0.753866 0.132471
vn -0.994643 0.103264 0.00466901
f 318/298/264 131/25/257 319/299/265

v 0.238421 0.520663 -1.46006
vt 0.753382 0.132534
vn -0.994653 0.101001 0.0215289
f 319/299/265 131/25/257 320/300/266

v 0.238421 0.520354 -1.45903
vt 0.752912 0.132718
vn -0.99439 0.0984324 0.0387298
f 320/300/266 131/25/257 321/301/267

v 0.238421 0.519882 -1.45806
vt 0.752468 0.133016
vn -0.993796 0.0954025 0.057159
f 321/301/267 131/25/257 322/302/268

v 0.238421 0.519258 -1.45719
vt 0.752061 0.133421
vn -0.992732 0.0916717 0.0779762
f 322/302/268 131/25/257 323/303/269

v 0.238421 0.518501 -1.45643
vt 0.751703 0.133923
vn -0.990889 0.0868336 0.102956
f 323/303/269 131/25/257 324/304/270

v 0.238421 0.517629 -1.4558
vt 0.751403 0.134507
vn -0.987571 0.0801283 0.135218
f 324/304/270 131/25/257 325/305/271

v 0.238421 0.516666 -1.45532
vt 0.75117 0.135158
vn -0.980973 0.069939 0.181109
f 325/305/271 131/25/257 326/306/272

v 0.238421 0.515639 -1.45501
vt 0.751009 0.135858
vn -0.96523 0.0521151 0.256154
f 326/306/272 131/25/257 327/307/273

v 0.238421 0.514574 -1.45487
vt 0.750925 0.13659
vn -0.986094 0.0792515 0.146077
f 327/307/273 131/25/257 328/308/274

v 0.229951 0.430255 -1.4573
vn -0.995479 0.0945339 0.00916633
f 131/25/257 329/26/275 328/308/274

v 0.229951 0.349086 -1.46038
v 0.229951 0.348933 -1.4556
v 0.229951 0.34878 -1.45082
v 0.229951 0.348785 -1.44604
v 0.229951 0.348789 -1.44125
v 0.229951 0.348794 -1.43647
v 0.229951 0.348956 -1.43169
v 0.229951 0.349118 -1.42691
v 0.229951 0.34928 -1.42213
v 0.229951 0.3496 -1.41736
v 0.229951 0.349919 -1.41259
v 0.229951 0.350239 -1.40781
v 0.229951 0.350715 -1.40306
v 0.229951 0.351192 -1.3983
v 0.229951 0.351668 -1.39354
v 0.229951 0.352302 -1.3888
v 0.229951 0.352935 -1.38406
v 0.229951 0.353568 -1.37932
v 0.229951 0.354752 -1.37224
v 0.229951 0.355935 -1.36516
v 0.229951 0.357351 -1.35813
v 0.229951 0.358767 -1.3511
v 0.229951 0.360414 -1.34412
v 0.229951 0.362062 -1.33713
v 0.229951 0.363938 -1.33021
v 0.229951 0.365814 -1.32329
v 0.229951 0.367918 -1.31643
v 0.229951 0.370021 -1.30957
v 0.229951 0.372349 -1.30278
v 0.229951 0.374678 -1.296
v 0.229951 0.376344 -1.29139
v 0.229951 0.37801 -1.28678
v 0.229951 0.380672 -1.27735
v 0.229951 0.383334 -1.26792
v 0.229951 0.385312 -1.25833
v 0.229951 0.38729 -1.24873
v 0.229951 0.388573 -1.23902
v 0.229951 0.389857 -1.2293
v 0.229951 0.390165 -1.2241
v 0.229951 0.390396 -1.22021
v 0.229951 0.390593 -1.21009
v 0.229951 0.390388 -1.19996
v 0.229951 0.389781 -1.18985
v 0.229951 0.388772 -1.17977
v 0.229951 0.387284 -1.16918
v 0.229951 0.384483 -1.15546
v 0.229951 0.382835 -1.14452
v 0.229951 0.38176 -1.1335
v 0.229951 0.38126 -1.12244
v 0.229951 0.381337 -1.11137
v 0.229951 0.38199 -1.10032
v 0.229951 0.383218 -1.08932
v 0.229951 0.385017 -1.0784
v 0.229951 0.387382 -1.06758
v 0.229951 0.390308 -1.0569
v 0.229951 0.393785 -1.0464
v 0.229951 0.395194 -1.04278
v 0.229951 0.393416 -1.04929
v 0.229951 0.390758 -1.05744
v 0.229951 0.388013 -1.06911
v 0.229951 0.38626 -1.08096
v 0.229951 0.385511 -1.09293
v 0.229951 0.385772 -1.10491
v 0.229951 0.38704 -1.11683
v 0.229951 0.389307 -1.1286
v 0.229951 0.392557 -1.14013
v 0.229951 0.396261 -1.15001
v 0.229951 0.398451 -1.15538
v 0.229951 0.399986 -1.15946
v 0.229951 0.401407 -1.16359
v 0.229951 0.402714 -1.16775
v 0.229951 0.403906 -1.17195
v 0.229951 0.40498 -1.17618
v 0.229951 0.405938 -1.18044
v 0.229951 0.406777 -1.18472
v 0.229951 0.407498 -1.18902
v 0.229951 0.4081 -1.19334
v 0.229951 0.408581 -1.19768
v 0.229951 0.408973 -1.20238
v 0.229951 0.409303 -1.20715
v 0.229951 0.409561 -1.21707
v 0.229951 0.409392 -1.227
v 0.229951 0.408794 -1.2369
v 0.229951 0.407769 -1.24678
v 0.229951 0.40632 -1.2566
v 0.229951 0.404448 -1.26635
v 0.229951 0.401902 -1.27708
v 0.229951 0.398467 -1.29375
v 0.229951 0.396238 -1.31063
v 0.229951 0.395226 -1.32762
v 0.229951 0.395436 -1.34464
v 0.229951 0.396868 -1.3616
v 0.229951 0.399513 -1.37841
v 0.229951 0.403359 -1.39499
v 0.229951 0.408384 -1.41126
v 0.229951 0.414565 -1.42712
v 0.229951 0.421867 -1.44249
f 122/17/96 123/16/96 330/121/96 331/120/96 332/119/96 333/118/96 334/117/96 335/116/96 336/115/96 337/114/96 338/113/96 339/112/96 340/111/96 341/110/96 342/109/96 343/108/96 344/107/96 345/106/96 346/105/96 347/104/96 348/103/96 349/102/96 350/101/96 351/100/96 352/99/96 353/98/96 354/97/96 355/96/96 356/95/96 357/94/96 358/93/96 359/92/96 360/91/96 361/90/96 362/89/96 363/88/96 364/87/96 365/86/96 366/85/96 367/84/96 368/83/96 369/82/96 370/81/96 371/80/96 372/79/96 373/78/96 374/77/96 375/76/96 376/75/96 377/74/96 378/73/96 379/72/96 380/71/96 381/70/96 382/69/96 383/68/96 384/67/96 385/66/96 386/65/96 387/64/96 388/63/96 389/62/96 390/61/96 391/60/96 392/59/96 393/58/96 394/57/96 395/56/96 396/55/96 397/54/96 398/53/96 399/52/96 400/51/96 401/50/96 402/49/96 403/48/96 404/47/96 405/46/96 406/45/96 407/44/96 408/43/96 409/42/96 410/41/96 411/40/96 412/39/96 413/38/96 414/37/96 415/36/96 416/35/96 417/34/96 418/33/96 419/32/96 420/31/96 421/30/96 422/29/96 423/28/96 424/1/96 425/15/96 426/27/96 329/26/96 131/25/96 130/24/96 129/23/96 128/22/96 127/21/96 126/20/96 125/19/96 124/18/96 

vn -0.994696 -0.102803 -0.00329286
v 0.230422 0.344619 -1.46294
vt 0.751353 0.2542
v 0.230892 0.339999 -1.46072
vt 0.750264 0.257327
v 0.231309 0.335913 -1.45915
vt 0.74948 0.260103
f 330/121/276 123/16/276 427/309/276 428/310/276 429/311/276 

vn 1.11945e-16 0.433099 0.901346
v 0.238421 0.344619 -1.46294
v 0.246421 0.344619 -1.46294
f 16/16/18 123/16/18 427/309/277 430/309/277 431/309/277 

vn 1.71471e-16 0.395866 0.918308
v 0.245951 0.339999 -1.46072
f 430/309/277 427/309/277 428/310/278 432/310/278 431/309/277 

vn 2.33494e-16 0.357971 0.933733
v 0.231869 0.330426 -1.45705
vt 0.748428 0.263832
vn 3.03323e-16 0.319477 0.947594
v 0.244974 0.330426 -1.45705
v 0.245534 0.335913 -1.45915
f 432/310/278 428/310/278 429/311/279 433/312/280 434/312/280 435/311/279 

v 0.232704 0.322267 -1.45467
vt 0.747198 0.269398
f 330/121/276 429/311/276 433/312/276 436/313/276 331/120/276 

vn 3.72643e-16 0.280448 0.959869
v 0.232876 0.320585 -1.45417
vt 0.746944 0.270545
vn 4.31313e-16 0.240949 0.970538
v 0.243966 0.320585 -1.45417
v 0.244138 0.322267 -1.45467
f 434/312/280 433/312/280 436/313/281 437/314/282 438/314/282 439/313/281 

v 0.233908 0.310543 -1.45211
vt 0.745825 0.277421
v 0.234195 0.30775 -1.45177
vt 0.745619 0.27934
vn -0.902721 -0.103098 0.41769
vn -0.983563 -0.0972907 -0.15211
f 331/120/276 436/313/276 437/314/276 440/315/276 441/316/283 332/119/284 

vn 5.50197e-16 0.160809 0.986986
v 0.242935 0.310543 -1.45211
f 438/314/282 437/314/282 440/315/285 442/315/285 

vn 6.10212e-16 0.120301 0.992737
v 0.234251 0.307547 -1.45175
vt 0.745604 0.27948
v 0.234186 0.307506 -1.45174
vt 0.745601 0.279508
v 0.234223 0.306819 -1.45166
vt 0.745551 0.27998
v 0.234308 0.305681 -1.45152
vt 0.745467 0.280762
v 0.234443 0.30407 -1.45133
vt 0.745348 0.281868
v 0.234815 0.300365 -1.45088
vt 0.745076 0.284414
vn 6.70494e-16 0.0795924 0.996827
v 0.242028 0.300365 -1.45088
v 0.2424 0.30407 -1.45133
v 0.242535 0.305681 -1.45152
v 0.242619 0.306819 -1.45166
v 0.242657 0.307506 -1.45174
v 0.242592 0.307547 -1.45175
v 0.242648 0.30775 -1.45177
f 442/315/285 440/315/285 441/316/286 443/317/286 444/318/286 445/319/286 446/320/286 447/321/286 448/322/287 449/322/287 450/321/286 451/320/286 452/319/286 453/318/286 454/317/286 455/316/286 

vn -0.947487 -0.0918773 -0.306311
f 332/119/284 441/316/283 443/317/288

vn -0.615897 -0.0455373 -0.786509
f 332/119/284 443/317/288 444/318/289

vn -0.962826 -0.0929266 -0.253635
f 332/119/284 444/318/289 445/319/290

vn -0.982795 -0.0967726 -0.15732
f 332/119/284 445/319/290 446/320/291

vn -0.993098 -0.0990459 -0.0628238
f 332/119/284 446/320/291 447/321/292

vn -0.994992 -0.0999538 9.39553e-05
v 0.235844 0.290121 -1.45048
vt 0.744703 0.291478
v 0.236873 0.279878 -1.45092
vt 0.744708 0.298565
v 0.237472 0.273915 -1.45167
vt 0.744933 0.302705
v 0.238421 0.264465 -1.45178
vt 0.744803 0.309235
vn -0.992838 -0.0973955 -0.0691835
vn -0.9951 -0.0981729 -0.0117525
f 332/119/284 447/321/292 448/322/293 456/323/293 457/324/293 458/325/292 459/326/294 333/118/295 

vn 7.86945e-16 -0.00215686 0.999998
v 0.240999 0.290121 -1.45048
f 449/322/287 448/322/287 456/323/296 460/323/296 

vn 8.97194e-16 -0.0838917 0.996475
v 0.23997 0.279878 -1.45092
f 460/323/296 456/323/296 457/324/297 461/324/297 

vn 9.49966e-16 -0.124583 0.992209
v 0.237863 0.270518 -1.4521
vt 0.745061 0.305063
v 0.237962 0.269706 -1.4522
vt 0.745092 0.305627
vn 1.0011e-15 -0.165065 0.986283
v 0.238881 0.269706 -1.4522
v 0.23898 0.270518 -1.4521
v 0.239371 0.273915 -1.45167
f 461/324/297 457/324/297 458/325/298 462/327/298 463/328/299 464/328/299 465/327/298 466/325/298 

v 0.238421 0.26499 -1.45219
vt 0.744998 0.308884
f 459/326/294 458/325/292 462/327/291 467/329/291 

vn -0.977305 -0.0956997 -0.188986
v 0.238113 0.268618 -1.45243
vt 0.745174 0.306385
v 0.238421 0.265584 -1.45249
vt 0.745145 0.308482
f 467/329/291 462/327/291 463/328/300 468/330/290 469/331/290 

vn 1.05056e-15 -0.205271 0.978705
v 0.238279 0.267611 -1.45264
vt 0.745251 0.307086
v 0.238421 0.26755 -1.45265
vt 0.745255 0.307129
v 0.238564 0.267611 -1.45264
v 0.23873 0.268618 -1.45243
f 464/328/299 463/328/299 468/330/301 470/332/301 471/333/301 472/332/301 473/330/301 

v 0.238421 0.266224 -1.45267
vt 0.745238 0.308045
f 469/331/290 468/330/290 470/332/289 474/334/289 

vn -0.0844598 0.0136958 -0.996333
f 474/334/289 470/332/289 471/333/302

vn 0.615897 -0.0455373 -0.786509
vn 0.0844598 0.0136958 -0.996333
f 472/332/303 474/334/303 471/333/304

vn 0.962826 -0.0929266 -0.253635
f 473/330/305 469/331/305 474/334/303 472/332/303 

vn 0.982795 -0.0967726 -0.15732
vn 0.977305 -0.0956997 -0.188986
f 465/327/306 467/329/306 469/331/305 473/330/305 464/328/307 

vn 0.993098 -0.0990459 -0.0628238
vn 0.992838 -0.0973955 -0.0691835
f 466/325/308 459/326/309 467/329/306 465/327/306 

vn 0.983563 -0.0972907 -0.15211
vn 0.9951 -0.0981729 -0.0117525
vn 0.994992 -0.0999538 9.39553e-05
f 450/321/308 119/119/310 118/118/311 459/326/309 466/325/308 461/324/312 460/323/312 449/322/312 

f 451/320/306 119/119/310 450/321/308

f 452/319/305 119/119/310 451/320/306

f 453/318/303 119/119/310 452/319/305

vn 0.947487 -0.0918773 -0.306311
f 454/317/313 119/119/310 453/318/303

vn 0.902721 -0.103098 0.41769
f 455/316/314 119/119/310 454/317/313

vn 0.994696 -0.102803 -0.00329286
f 439/313/315 120/120/315 119/119/310 455/316/314 442/315/315 438/314/315 

f 435/311/315 121/121/315 120/120/315 439/313/315 434/312/315 

f 16/16/315 121/121/315 435/311/315 432/310/315 431/309/315 

v 0.238421 0.264027 -1.45128
vt 0.744568 0.309522
vn 0.993111 -0.0950019 -0.06859
f 459/326/309 118/118/311 475/335/316

v 0.238421 0.263695 -1.4507
vt 0.744302 0.309735
vn 0.994342 -0.0965497 -0.0443009
f 475/335/316 118/118/311 476/336/317

v 0.238421 0.263479 -1.45007
vt 0.744014 0.309866
vn 0.994942 -0.09768 -0.0234201
f 476/336/317 118/118/311 477/337/318

v 0.238421 0.263388 -1.44941
vt 0.743714 0.309909
vn 0.995125 -0.0985426 -0.00400185
f 477/337/318 118/118/311 478/338/319

v 0.238421 0.263425 -1.44875
vt 0.743415 0.309865
vn 0.994947 -0.0992158 0.0154159
f 478/338/319 118/118/311 479/339/320

v 0.238421 0.263589 -1.4481
vt 0.743127 0.309733
vn 0.994352 -0.0997372 0.0362942
f 479/339/320 118/118/311 480/340/321

v 0.238421 0.263874 -1.4475
vt 0.742861 0.309519
vn 0.994254 -0.100914 0.0357134
f 480/340/321 118/118/311 481/341/322

vn 0.994272 -0.102601 0.0299215
f 481/341/322 118/118/311 117/117/323

v 0.238421 0.265874 -1.44404
vt 0.741336 0.308037
vn 0.992843 -0.103426 0.0597206
f 481/341/322 117/117/323 482/342/324

v 0.238421 0.267874 -1.44057
vt 0.739812 0.306556
vn 0.993721 -0.104823 0.0391357
f 482/342/324 117/117/323 483/343/325

vn 0.994169 -0.105877 0.020426
f 483/343/325 117/117/323 116/116/326

v 0.238421 0.26977 -1.43705
vt 0.738259 0.305144
vn 0.993351 -0.107888 0.0401783
f 483/343/325 116/116/326 484/344/327

vn 0.993834 -0.108625 0.0222236
f 484/344/327 116/116/326 115/115/328

v 0.238421 0.271667 -1.43353
vt 0.736706 0.303732
vn 0.993031 -0.11087 0.0399596
f 484/344/327 115/115/328 485/345/329

vn 0.993197 -0.112435 0.0303037
f 485/345/329 115/115/328 114/114/330

v 0.238421 0.273459 -1.42996
vt 0.735127 0.302391
vn 0.991932 -0.113334 0.0568062
f 485/345/329 114/114/330 486/346/331

v 0.238421 0.275251 -1.42638
vt 0.733548 0.30105
vn 0.992669 -0.114635 0.0382972
f 486/346/331 114/114/330 487/347/332

vn 0.993049 -0.115636 0.021953
f 487/347/332 114/114/330 113/113/333

v 0.238421 0.276936 -1.42276
vt 0.731944 0.299781
vn 0.992291 -0.117564 0.0392128
f 487/347/332 113/113/333 488/348/334

vn 0.992697 -0.118267 0.0237953
f 488/348/334 113/113/333 112/112/335

v 0.238421 0.278622 -1.41913
vt 0.73034 0.298512
vn 0.991976 -0.120339 0.0387459
f 488/348/334 112/112/335 489/349/336

vn 0.99209 -0.121798 0.0303739
f 489/349/336 112/112/335 111/111/337

v 0.238421 0.2802 -1.41545
vt 0.728712 0.297316
vn 0.991064 -0.122567 0.0526328
f 489/349/336 111/111/337 490/350/338

v 0.238421 0.281778 -1.41178
vt 0.727084 0.29612
vn 0.991626 -0.123785 0.0368172
f 490/350/338 111/111/337 491/351/339

vn 0.991911 -0.124749 0.0234581
f 491/351/339 111/111/337 110/110/340

v 0.238421 0.283247 -1.40806
vt 0.725433 0.294997
vn 0.991272 -0.126362 0.0375706
f 491/351/339 110/110/340 492/352/341

vn 0.991573 -0.127051 0.0253116
f 492/352/341 110/110/340 109/109/342

v 0.238421 0.284716 -1.40434
vt 0.723783 0.293875
vn 0.990997 -0.128715 0.0368308
f 492/352/341 109/109/342 493/353/343

vn 0.991062 -0.129977 0.0300467
f 493/353/343 109/109/342 108/108/344

v 0.238421 0.286074 -1.40058
vt 0.722112 0.292828
vn 0.990332 -0.130467 0.0471198
f 493/353/343 108/108/344 494/354/345

v 0.238421 0.287432 -1.39682
vt 0.72044 0.291781
vn 0.990704 -0.131559 0.0346212
f 494/354/345 108/108/344 495/355/346

vn 0.99088 -0.132434 0.0248388
f 495/355/346 108/108/344 107/107/347

v 0.238421 0.288679 -1.39302
vt 0.71875 0.29081
vn 0.990418 -0.133547 0.0351891
f 495/355/346 107/107/347 496/356/348

vn 0.9906 -0.134169 0.0266587
f 496/356/348 107/107/347 106/106/349

v 0.238421 0.289926 -1.38922
vt 0.717059 0.289839
vn 0.990221 -0.135254 0.0341768
f 496/356/348 106/106/349 497/357/350

vn 0.990425 -0.135675 0.0254945
f 497/357/350 106/106/349 105/105/351

v 0.238421 0.29106 -1.38538
vt 0.71535 0.288945
vn 0.990044 -0.13681 0.0331105
f 497/357/350 105/105/351 498/358/352

vn 0.991343 -0.125627 0.0381654
f 498/358/352 105/105/351 104/104/353

v 0.238421 0.292195 -1.38155
vt 0.713642 0.28805
vn 0.989681 -0.137989 0.0386171
f 498/358/352 104/104/353 499/359/354

v 0.238421 0.293215 -1.37768
vt 0.711916 0.287234
vn 0.989774 -0.137921 0.0364025
f 499/359/354 104/104/353 500/360/355

v 0.238421 0.294236 -1.37382
vt 0.710191 0.286417
vn 0.989821 -0.138124 0.034289
f 500/360/355 104/104/353 501/361/356

v 0.238421 0.295142 -1.36992
vt 0.708451 0.285678
vn 0.989864 -0.138326 0.0321753
f 501/361/356 104/104/353 502/362/357

v 0.246345 0.349855 -1.37846
vt 0.713337 0.248139
vn 0.976247 -0.173681 -0.129526
v 0.246017 0.347627 -1.37794
vt 0.713063 0.249662
v 0.238421 0.296048 -1.36603
vt 0.706711 0.28494
f 502/362/357 104/104/353 503/363/358 504/364/358 505/365/358 

v 0.238421 0.294892 -1.36521
vt 0.706319 0.285715
vn 0.955271 -0.191989 -0.224937
f 104/104/353 506/366/359 505/365/358 504/364/358 503/363/358 

v 0.238421 0.293942 -1.36415
vt 0.705825 0.28634
vn 0.977095 -0.17101 -0.126652
f 104/104/353 507/367/360 506/366/359

v 0.238421 0.293246 -1.36292
vt 0.705255 0.286785
vn 0.985189 -0.157048 -0.0688404
f 104/104/353 508/368/361 507/367/360

v 0.238421 0.292835 -1.36156
vt 0.704635 0.287029
vn 0.988867 -0.146125 -0.0280956
f 104/104/353 509/369/362 508/368/361

v 0.238421 0.29273 -1.36015
vt 0.703995 0.287061
vn 0.990628 -0.136515 0.00445334
f 509/369/362 104/104/353 510/370/363

v 0.238421 0.292936 -1.35874
vt 0.703366 0.286878
vn 0.991318 -0.127235 0.0331521
f 104/104/353 511/371/364 510/370/363

v 0.238421 0.293443 -1.35742
vt 0.702778 0.286489
vn 0.991212 -0.117513 0.0607467
f 104/104/353 512/372/365 511/371/364

v 0.238421 0.294227 -1.35624
vt 0.70226 0.285914
vn 0.990268 -0.106499 0.0896008
f 512/372/365 104/104/353 513/373/366

v 0.238421 0.295249 -1.35526
vt 0.701836 0.28518
vn 0.988097 -0.0929325 0.122586
f 104/104/353 514/374/367 513/373/366

v 0.238421 0.296461 -1.35452
vt 0.701527 0.284321
vn 0.98357 -0.0744765 0.16445
f 514/374/367 104/104/353 515/375/368

v 0.238421 0.297804 -1.35407
vt 0.701348 0.283381
vn 0.973199 -0.0457754 0.225363
f 515/375/368 104/104/353 516/376/369

v 0.238421 0.299214 -1.35392
vt 0.701307 0.282403
vn 0.960554 -0.0200679 0.277369
f 516/376/369 104/104/353 517/377/370

v 0.238421 0.308119 -1.35354
vt 0.701307 0.276241
vn 0.987509 -0.141842 0.0686117
f 517/377/370 104/104/353 518/378/371

vn 0.985432 -0.167739 0.0280582
f 518/378/371 104/104/353 103/103/372

vn 0.985462 -0.167081 0.0307843
f 518/378/371 103/103/372 102/102/373

vn 0.985485 -0.166423 0.0335102
f 518/378/371 102/102/373 101/101/374

vn 0.993057 -0.0736243 0.0917403
f 518/378/371 101/101/374 100/100/375

v 0.238421 0.308021 -1.35119
vt 0.700243 0.276241
vn 0.969184 -0.161436 -0.186067
f 518/378/371 100/100/375 519/379/376

v 0.238421 0.293811 -1.34513
vt 0.697243 0.28588
vn 0.94032 -0.15063 -0.305137
f 100/100/375 520/380/377 519/379/376

v 0.238421 0.291228 -1.34361
vt 0.696506 0.287619
vn 0.970699 -0.14314 -0.193017
f 100/100/375 521/381/378 520/380/377

v 0.238421 0.289129 -1.34147
vt 0.695499 0.289008
vn 0.985415 -0.134307 -0.10449
f 521/381/378 100/100/375 522/382/379

v 0.238421 0.287655 -1.33885
vt 0.694293 0.28995
vn 0.990496 -0.127049 -0.052695
f 522/382/379 100/100/375 523/383/380

v 0.238421 0.286907 -1.33595
vt 0.692968 0.290382
vn 0.992628 -0.120228 -0.015314
f 523/383/380 100/100/375 524/384/381

v 0.238421 0.286937 -1.33295
vt 0.691615 0.290274
vn 0.993452 -0.113143 0.0158404
f 524/384/381 100/100/375 525/385/382

v 0.238421 0.287743 -1.33006
vt 0.690326 0.289634
vn 0.993438 -0.105132 0.0450324
f 100/100/375 526/386/383 525/385/382

v 0.238421 0.289269 -1.32748
vt 0.68919 0.288506
vn 0.992578 -0.0952826 0.0755667
f 100/100/375 527/387/384 526/386/383

v 0.238421 0.291411 -1.32538
vt 0.688283 0.286965
vn 0.990378 -0.0819528 0.111513
f 100/100/375 528/388/385 527/387/384

v 0.238421 0.294024 -1.3239
vt 0.687667 0.285118
vn 0.985121 -0.0614557 0.1605
f 100/100/375 529/389/386 528/388/385

v 0.238421 0.29693 -1.32315
vt 0.687385 0.28309
vn 0.969705 -0.0229199 0.2432
f 100/100/375 530/390/387 529/389/386

v 0.238421 0.29993 -1.32318
vt 0.687455 0.281019
vn 0.890066 0.0843919 0.447951
f 100/100/375 531/391/388 530/390/387

v 0.238421 0.302819 -1.32399
vt 0.687873 0.279046
vn 0.590067 0.27795 0.758
f 531/391/388 100/100/375 532/392/389

v 0.238421 0.306967 -1.32576
vt 0.688749 0.276233
vn 0.980758 -0.0650259 0.184079
f 532/392/389 100/100/375 533/393/390

vn 0.988847 -0.144958 0.0341947
f 533/393/390 100/100/375 99/99/391

vn 0.988834 -0.144459 0.036602
f 533/393/390 99/99/391 98/98/392

vn 0.988814 -0.143959 0.0390091
f 533/393/390 98/98/392 97/97/393

vn 0.989743 -0.141481 0.0198035
f 533/393/390 97/97/393 96/96/394

v 0.238421 0.30619 -1.3208
vt 0.6865 0.276626
vn 0.990335 -0.138628 0.00434531
f 533/393/390 96/96/394 534/394/395

vn 0.990327 -0.136384 0.0255299
f 534/394/395 96/96/394 95/95/396

v 0.238421 0.305919 -1.3158
vt 0.684237 0.276669
vn 0.990894 -0.133976 0.0134086
f 534/394/395 95/95/396 535/395/397

vn 0.990647 -0.132889 0.0309779
f 535/395/397 95/95/396 94/94/398

v 0.238421 0.306155 -1.31079
vt 0.681982 0.276361
vn 0.991099 -0.131009 0.0236355
f 535/395/397 94/94/398 536/396/399

vn 0.990856 -0.130155 0.0355546
f 536/396/399 94/94/398 93/93/400

v 0.238421 0.306897 -1.30584
vt 0.67976 0.275705
vn 0.991233 -0.129495 0.0262239
f 536/396/399 93/93/400 537/397/401

v 0.238421 0.308136 -1.30098
vt 0.677592 0.274708
vn 0.990689 -0.129611 0.0416724
f 537/397/401 93/93/400 538/398/402

vn 0.990492 -0.129556 0.046259
f 538/398/402 93/93/400 92/92/403

v 0.238421 0.30986 -1.29627
vt 0.675501 0.273381
vn 0.990117 -0.129993 0.0526416
f 538/398/402 92/92/403 539/399/404

vn 0.990071 -0.130364 0.0525721
f 539/399/404 92/92/403 91/91/405

v 0.238421 0.312052 -1.29176
vt 0.673509 0.271737
vn 0.989222 -0.131514 0.0643777
f 539/399/404 91/91/405 540/400/406

vn 0.985547 -0.134114 0.103494
f 540/400/406 91/91/405 90/90/407

v 0.238421 0.314688 -1.2875
vt 0.671635 0.269793
vn 0.986807 -0.133044 0.0922571
f 540/400/406 90/90/407 541/401/408

v 0.238421 0.317742 -1.28353
vt 0.6699 0.267569
vn 0.984729 -0.13228 0.113187
f 541/401/408 90/90/407 542/402/409

v 0.238421 0.321183 -1.27988
vt 0.66832 0.265087
vn 0.982136 -0.129848 0.136193
f 542/402/409 90/90/407 543/403/410

v 0.238421 0.324975 -1.2766
vt 0.666913 0.262373
vn 0.978885 -0.125342 0.161472
f 543/403/410 90/90/407 544/404/411

v 0.238421 0.329079 -1.27373
vt 0.665692 0.259456
vn 0.985563 -0.150051 0.078425
f 544/404/411 90/90/407 545/405/412

vn 0.986298 -0.158768 0.0448195
f 545/405/412 90/90/407 89/89/413

vn 0.986334 -0.159259 0.0422043
f 545/405/412 89/89/413 88/88/414

v 0.238421 0.331451 -1.26599
vt 0.662249 0.257593
vn 0.98624 -0.160041 0.0414376
f 545/405/412 88/88/414 546/406/415

vn 0.986335 -0.160718 0.0362288
f 546/406/415 88/88/414 87/87/416

v 0.238421 0.333515 -1.25817
vt 0.65876 0.255942
vn 0.986202 -0.161315 0.0371981
f 546/406/415 87/87/416 547/407/417

vn 0.986388 -0.16169 0.0299191
f 547/407/417 87/87/416 86/86/418

v 0.238421 0.335266 -1.25028
vt 0.655231 0.254504
vn 0.986329 -0.161553 0.0324936
f 547/407/417 86/86/418 548/408/419

v 0.238421 0.336702 -1.24232
vt 0.651668 0.253282
vn 0.986464 -0.16215 0.024433
f 548/408/419 86/86/418 549/409/420

vn 0.98646 -0.162536 0.0218842
f 549/409/420 86/86/418 85/85/421

v 0.238421 0.337821 -1.23431
vt 0.648075 0.252277
vn 0.986514 -0.162436 0.0200979
f 549/409/420 85/85/421 550/410/422

vn 0.986593 -0.162441 0.0157458
f 550/410/422 85/85/421 84/84/423

v 0.238421 0.33862 -1.22626
vt 0.644459 0.251492
vn 0.986651 -0.162342 0.0128737
f 550/410/422 84/84/423 551/411/424

vn 0.986656 -0.162535 0.00964126
vn 0.986661 -0.162663 0.00640748
v 0.238421 0.339099 -1.21819
vt 0.640826 0.250928
f 551/411/424 84/84/423 83/83/425 82/82/426 552/412/426 

vn 0.986661 -0.162789 -6.27004e-05
v 0.238421 0.339257 -1.21011
vt 0.637181 0.250585
f 552/412/426 82/82/426 81/81/427 553/413/427 

vn 0.986661 -0.162658 -0.00653278
v 0.238421 0.339093 -1.20202
vt 0.63353 0.250464
f 553/413/427 81/81/427 80/80/428 554/414/428 

vn 0.986661 -0.16227 -0.0129925
v 0.238421 0.338608 -1.19395
vt 0.629879 0.250565
f 554/414/428 80/80/428 79/79/429 555/415/429 

vn 0.986661 -0.161625 -0.0194318
v 0.238421 0.337802 -1.1859
vt 0.626233 0.250889
f 555/415/429 79/79/429 78/78/430 556/416/430 

vn 0.986668 -0.160384 -0.0276146
v 0.238421 0.336677 -1.17789
vt 0.622599 0.251434
f 556/416/430 78/78/430 77/77/431 557/417/431 

vn 0.986665 -0.160268 -0.0284078
v 0.238421 0.333927 -1.16443
vt 0.616471 0.252944
f 557/417/431 77/77/431 76/76/432 558/418/432 

vn 0.986665 -0.16153 -0.0200226
v 0.238421 0.331881 -1.15083
vt 0.6103 0.253963
f 558/418/432 76/76/432 75/75/433 559/419/433 

vn 0.986665 -0.162354 -0.0115831
v 0.238421 0.330546 -1.13715
vt 0.604103 0.254489
f 559/419/433 75/75/433 74/74/434 560/420/434 

vn 0.986665 -0.162737 -0.00311211
v 0.238421 0.329926 -1.12342
vt 0.597896 0.25452
f 560/420/434 74/74/434 73/73/435 561/421/435 

vn 0.986665 -0.162678 0.00536732
v 0.238421 0.330021 -1.10968
vt 0.591697 0.254057
f 561/421/435 73/73/435 72/72/436 562/422/436 

vn 0.986665 -0.162178 0.0138322
v 0.238421 0.330832 -1.09596
vt 0.585522 0.253099
f 562/422/436 72/72/436 71/71/437 563/423/437 

vn 0.986665 -0.161237 0.0222595
v 0.238421 0.332356 -1.0823
vt 0.579388 0.251651
f 563/423/437 71/71/437 70/70/438 564/424/438 

vn 0.986665 -0.159859 0.0306264
v 0.238421 0.33459 -1.06873
vt 0.573311 0.249716
f 564/424/438 70/70/438 69/69/439 565/425/439 

vn 0.986665 -0.158047 0.0389102
v 0.238421 0.337527 -1.05531
vt 0.567308 0.247299
f 565/425/439 69/69/439 68/68/440 566/426/440 

vn 0.986665 -0.155806 0.0470884
v 0.238421 0.341159 -1.04205
vt 0.561396 0.244406
f 566/426/440 68/68/440 67/67/441 567/427/441 

vn 0.986665 -0.153143 0.0551387
v 0.238421 0.345477 -1.029
vt 0.555591 0.241047
f 567/427/441 67/67/441 66/66/442 568/428/442 

v 0.24679 0.397826 -1.03433
vt 0.558984 0.205047
vn 0.986656 -0.152052 0.0582205
v 0.238421 0.350469 -1.0162
vt 0.549907 0.237229
vn 0.986656 -0.151704 0.0591287
v 0.246865 0.396147 -1.0399
vt 0.561464 0.206367
f 569/429/443 570/430/443 568/428/442 66/66/442 65/65/444 571/431/444 

v 0.24663 0.400703 -1.02394
vt 0.55435 0.202759
vn 0.986675 -0.154359 0.0514454
v 0.238421 0.353477 -1.0082
vt 0.546355 0.23492
v 0.246742 0.398936 -1.03056
vt 0.557307 0.204171
vn 0.986656 -0.1524 0.0573123
f 572/432/445 573/433/445 570/430/443 569/429/443 574/434/446 

v 0.246465 0.403183 -1.01186
vt 0.548947 0.200696
vn 0.986675 -0.157819 0.0395779
v 0.238421 0.355869 -0.999993
vt 0.542699 0.23303
v 0.246601 0.40135 -1.02108
vt 0.553072 0.202229
vn 0.986656 -0.156311 0.0455766
f 575/435/447 576/436/447 573/433/445 572/432/445 577/437/448 

v 0.246306 0.404757 -0.999707
vt 0.543494 0.199258
vn 0.986675 -0.160368 0.027482
v 0.238421 0.357631 -0.991631
vt 0.53896 0.231571
v 0.246462 0.403252 -1.01143
vt 0.548755 0.200637
vn 0.986656 -0.15932 0.0335778
v 0.246339 0.40455 -1.00165
vt 0.544367 0.199457
f 578/438/449 579/439/449 576/436/447 575/435/447 580/440/450 581/441/450 

v 0.246159 0.40547 -0.987551
vt 0.538024 0.198414
vn 0.986675 -0.161992 0.0152274
v 0.238421 0.358753 -0.983159
vt 0.535159 0.230551
v 0.246222 0.405294 -0.991775
vt 0.539926 0.198657
vn 0.986656 -0.16141 0.0213851
f 582/442/451 583/443/451 579/439/449 578/438/449 584/444/452 

v 0.246027 0.405343 -0.975445
vt 0.532559 0.198151
vn 0.986675 -0.16268 0.00288488
v 0.238421 0.359229 -0.974627
vt 0.531318 0.229975
v 0.24611 0.405489 -0.981841
vt 0.535448 0.198235
vn 0.986656 -0.162567 0.00906904
f 585/445/453 586/446/453 583/443/451 582/442/451 587/447/454 

v 0.24591 0.404389 -0.963439
vt 0.527125 0.198462
vn 0.986675 -0.16243 -0.00947427
v 0.238421 0.359056 -0.966083
vt 0.52746 0.229847
v 0.246003 0.405126 -0.971878
vt 0.530946 0.198198
vn 0.986656 -0.162787 -0.00329939
f 588/448/455 589/449/455 586/446/453 585/445/453 590/450/456 

v 0.245805 0.402609 -0.951584
vt 0.521742 0.199348
vn 0.986675 -0.161242 -0.0217787
v 0.238421 0.358235 -0.957577
vt 0.523607 0.230168
v 0.245902 0.404198 -0.961922
vt 0.526436 0.19855
vn 0.986656 -0.162067 -0.0156488
v 0.245811 0.402686 -0.952009
vt 0.521936 0.199308
f 591/451/457 592/452/457 589/449/455 588/448/455 593/453/458 594/454/458 

v 0.24571 0.399994 -0.939934
vt 0.516437 0.200817
vn 0.986675 -0.159123 -0.0339575
v 0.238421 0.35677 -0.949158
vt 0.519781 0.230936
v 0.245736 0.400551 -0.94219
vt 0.517465 0.200498
vn 0.986656 -0.160411 -0.0279078
f 595/455/459 596/456/459 592/452/457 591/451/457 597/457/460 

v 0.245634 0.396631 -0.928524
vt 0.511225 0.202809
vn 0.986675 -0.156086 -0.0459402
v 0.238421 0.35467 -0.940875
vt 0.516004 0.232146
v 0.245667 0.397744 -0.932107
vt 0.512863 0.202145
vn 0.986656 -0.157829 -0.0400058
v 0.245651 0.397162 -0.930208
vt 0.511995 0.202491
f 598/458/461 599/459/461 596/456/459 595/455/459 600/460/462 601/461/462 

v 0.245553 0.39239 -0.917448
vt 0.506148 0.205418
vn 0.986675 -0.152147 -0.0576577
v 0.238421 0.351948 -0.932774
vt 0.512298 0.233792
v 0.245632 0.396422 -0.927939
vt 0.510958 0.202937
vn 0.986656 -0.154336 -0.0518728
v 0.245622 0.395601 -0.9257
vt 0.509932 0.203439
v 0.245608 0.39476 -0.923466
vt 0.508908 0.203955
v 0.24559 0.393901 -0.921236
vt 0.507886 0.204484
v 0.24557 0.393022 -0.919011
vt 0.506865 0.205027
f 602/462/463 603/463/463 599/459/461 598/458/461 604/464/464 605/465/464 606/466/464 607/467/464 608/468/464 

v 0.245467 0.387308 -0.906773
vt 0.501236 0.208619
vn 0.986675 -0.147331 -0.0690425
v 0.238421 0.348618 -0.924904
vt 0.508684 0.235864
v 0.245551 0.392099 -0.916802
vt 0.505851 0.2056
vn 0.986656 -0.149952 -0.0634404
v 0.245539 0.3911 -0.914626
vt 0.504851 0.206227
v 0.245523 0.390082 -0.912457
vt 0.503853 0.206867
v 0.245505 0.389046 -0.910295
vt 0.502857 0.207521
v 0.245483 0.38799 -0.908138
vt 0.501864 0.208187
f 609/469/465 610/470/465 603/463/463 602/462/463 611/471/466 612/472/466 613/473/466 614/474/466 615/475/466 

v 0.245455 0.383614 -0.899778
vt 0.49801 0.210968
vn 0.986692 -0.148248 -0.0667883
v 0.238421 0.344701 -0.917309
vt 0.505184 0.23835
v 0.245459 0.386286 -0.904908
vt 0.500375 0.20927
vn 0.986656 -0.144703 -0.0746419
f 616/476/467 617/477/467 610/470/465 609/469/465 618/478/468 

v 0.245426 0.381143 -0.893902
vt 0.495312 0.212504
vn 0.98667 -0.153566 -0.0538484
v 0.238421 0.341069 -0.907954
vt 0.500894 0.240587
v 0.24543 0.382544 -0.897429
vt 0.49693 0.211638
vn 0.986656 -0.151782 -0.0589297
f 619/479/469 620/480/469 617/477/467 616/476/467 621/481/470 

v 0.245389 0.378764 -0.887068
vt 0.492184 0.213949
vn 0.98667 -0.15679 -0.0435772
v 0.238421 0.338063 -0.89838
vt 0.496518 0.242386
v 0.245387 0.379198 -0.888492
vt 0.492834 0.213691
vn 0.986656 -0.155346 -0.0487654
f 622/482/471 623/483/471 620/480/469 619/479/469 624/484/472 

v 0.245359 0.37688 -0.880067
vt 0.48899 0.215047
vn 0.98667 -0.159329 -0.0331154
v 0.238421 0.335697 -0.888627
vt 0.492073 0.243738
f 625/485/473 626/486/473 623/483/471 622/482/471 

v 0.245342 0.375539 -0.872936
vt 0.485747 0.215767
vn 0.98667 -0.161169 -0.0225086
v 0.238421 0.333981 -0.87874
vt 0.487579 0.244637
v 0.245352 0.376702 -0.879307
vt 0.488643 0.215148
vn 0.986656 -0.160422 -0.027842
f 627/487/474 628/488/474 626/486/473 625/485/473 629/489/475 

v 0.245326 0.374678 -0.865724
vt 0.482477 0.216153
vn 0.98667 -0.162305 -0.0118033
v 0.238421 0.332922 -0.86876
vt 0.483057 0.245079
v 0.245321 0.375095 -0.869946
vt 0.484389 0.215988
vn 0.986656 -0.161912 -0.0171745
f 630/490/476 631/491/476 628/488/474 627/487/474 632/492/477 

v 0.245312 0.374304 -0.858464
vt 0.479194 0.216202
vn 0.98667 -0.16273 -0.0010464
v 0.238421 0.332526 -0.858733
vt 0.478525 0.245063
v 0.245304 0.374336 -0.860493
vt 0.48011 0.216238
vn 0.986656 -0.162693 -0.00643181
f 633/493/478 634/494/478 631/491/476 630/490/476 635/495/479 

v 0.2453 0.374427 -0.851191
vt 0.475915 0.215906
vn 0.98667 -0.162443 0.0097151
v 0.238421 0.332793 -0.848701
vt 0.474004 0.244587
f 636/496/480 637/497/480 634/494/478 633/493/478 

v 0.245307 0.375139 -0.843951
vt 0.472662 0.215205
vn 0.98667 -0.161446 0.0204341
v 0.238421 0.333724 -0.838709
vt 0.469514 0.243656
v 0.245299 0.374436 -0.851018
vt 0.475837 0.215895
vn 0.986656 -0.162119 0.0150909
f 638/498/481 639/499/481 637/497/480 636/496/480 640/500/482 

v 0.245314 0.376336 -0.836777
vt 0.469448 0.21417
vn 0.98667 -0.159741 0.0310637
v 0.238421 0.335312 -0.8288
vt 0.465073 0.242272
v 0.245296 0.375452 -0.8416
vt 0.471607 0.214921
vn 0.986656 -0.160767 0.0257767
f 641/501/483 642/502/483 639/499/481 638/498/481 643/503/484 

v 0.245323 0.378013 -0.829704
vt 0.466289 0.212807
vn 0.98667 -0.157338 0.0415573
v 0.238421 0.337553 -0.819018
vt 0.460702 0.240441
v 0.245306 0.37731 -0.832308
vt 0.46745 0.213368
vn 0.986656 -0.158711 0.0363497
f 644/504/485 645/505/485 642/502/483 641/501/483 646/506/486 

v 0.245334 0.38016 -0.822764
vt 0.463198 0.211124
vn 0.98667 -0.154246 0.051869
v 0.238421 0.340435 -0.809405
vt 0.45642 0.238172
v 0.24533 0.379999 -0.823211
vt 0.463397 0.211248
vn 0.986656 -0.15596 0.0467636
f 647/507/487 648/508/487 645/505/485 644/504/485 649/509/488 

v 0.245369 0.383616 -0.814123
vt 0.459365 0.208487
vn 0.986659 -0.153377 0.0545869
v 0.238421 0.343946 -0.800004
vt 0.452245 0.235475
v 0.245366 0.383501 -0.814374
vt 0.459476 0.208573
vn 0.986656 -0.152527 0.0569729
f 650/510/489 651/511/489 648/508/487 647/507/487 652/512/490 

v 0.245412 0.384826 -0.811358
vt 0.45814 0.207571
vn 0.986656 -0.153841 0.0533111
v 0.238421 0.344799 -0.797487
vt 0.451125 0.234814
f 653/513/491 654/514/491 651/511/489 650/510/489 

v 0.245439 0.385662 -0.809484
vt 0.457311 0.206939
vn 0.986656 -0.153055 0.0555266
v 0.238421 0.345687 -0.794982
vt 0.450012 0.234128
f 655/515/492 656/516/492 654/514/491 653/513/491 

v 0.245463 0.38651 -0.80762
vt 0.456486 0.206299
vn 0.986656 -0.152238 0.0577305
v 0.238421 0.346611 -0.79249
vt 0.448905 0.233417
f 657/517/493 658/518/493 656/516/492 655/515/492 

v 0.245485 0.387373 -0.805766
vt 0.455666 0.20565
vn 0.986656 -0.151388 0.0599223
v 0.238421 0.347572 -0.790012
vt 0.447805 0.232682
v 0.245464 0.386565 -0.807502
vt 0.456434 0.206258
vn 0.986656 -0.151821 0.0588294
f 659/519/494 660/520/494 658/518/493 657/517/493 661/521/495 

v 0.245505 0.388248 -0.803921
vt 0.45485 0.204992
vn 0.986656 -0.150507 0.0621017
v 0.238421 0.348568 -0.787548
vt 0.446712 0.231923
f 662/522/496 663/523/496 660/520/494 659/519/494 

v 0.245522 0.389136 -0.802084
vt 0.454038 0.204326
vn 0.986656 -0.149595 0.0642681
v 0.238421 0.349599 -0.785098
vt 0.445627 0.23114
f 664/524/497 665/525/497 663/523/496 662/522/496 

v 0.245537 0.390035 -0.800255
vt 0.45323 0.203652
vn 0.986656 -0.148652 0.0664211
v 0.238421 0.350666 -0.782664
vt 0.444549 0.230333
f 666/526/498 667/527/498 665/525/497 664/524/497 

v 0.24555 0.390947 -0.798435
vt 0.452426 0.202969
vn 0.986656 -0.147677 0.0685603
v 0.238421 0.351767 -0.780245
vt 0.443478 0.229502
f 668/528/499 669/529/499 667/527/498 666/526/498 

v 0.245553 0.391834 -0.796604
vt 0.451617 0.202304
vn 0.986656 -0.146672 0.0706852
v 0.238421 0.352904 -0.777843
vt 0.442416 0.228647
v 0.245555 0.391464 -0.797423
vt 0.451979 0.202583
vn 0.986656 -0.147182 0.0696263
f 670/530/500 671/531/500 669/529/499 668/528/499 672/532/501 

v 0.245545 0.392687 -0.794757
vt 0.450799 0.201661
vn 0.986656 -0.145636 0.0727953
v 0.238421 0.354075 -0.775457
vt 0.441361 0.227769
f 673/533/502 674/534/502 671/531/500 670/530/500 

v 0.245534 0.393553 -0.792914
vt 0.449984 0.20101
vn 0.986656 -0.14457 0.0748903
v 0.238421 0.35528 -0.773088
vt 0.440316 0.226868
f 675/535/503 676/536/503 674/534/502 673/533/502 

v 0.245514 0.394915 -0.790073
vt 0.448728 0.199987
vn 0.98666 -0.145396 0.0732219
v 0.238421 0.35652 -0.770737
vt 0.439278 0.225944
f 677/537/504 678/538/504 676/536/503 675/535/503 

v 0.245423 0.398349 -0.781643
vt 0.44499 0.197371
vn 0.986682 -0.14961 0.0638455
v 0.238421 0.359289 -0.764974
vt 0.436731 0.223865
v 0.245511 0.395339 -0.789144
vt 0.448317 0.199667
vn 0.986656 -0.146761 0.0705093
f 679/539/505 680/540/505 678/538/504 677/537/504 681/541/506 

v 0.245317 0.401312 -0.771919
vt 0.440658 0.195043
vn 0.986682 -0.154695 0.0502878
v 0.238421 0.361534 -0.758988
vt 0.434072 0.222141
v 0.245419 0.398717 -0.780594
vt 0.444523 0.197087
vn 0.986656 -0.15245 0.0571784
f 682/542/507 683/543/507 680/540/505 679/539/505 684/544/508 

v 0.245197 0.403299 -0.762005
vt 0.436223 0.193384
vn 0.986682 -0.158554 0.0363316
v 0.238421 0.363238 -0.752825
vt 0.431324 0.220786
v 0.245316 0.40136 -0.771728
vt 0.440573 0.195005
vn 0.986656 -0.156931 0.0433945
v 0.245209 0.403207 -0.7626
vt 0.43649 0.193465
f 685/545/509 686/546/509 683/543/507 682/542/507 687/547/510 688/548/510 

v 0.245068 0.404329 -0.75201
vt 0.431733 0.192383
vn 0.986682 -0.161157 0.0220874
v 0.238421 0.364387 -0.746536
vt 0.428508 0.21981
v 0.245093 0.404251 -0.753279
vt 0.432304 0.192474
vn 0.986656 -0.160168 0.0292667
f 689/549/511 690/550/511 686/546/509 685/545/509 691/551/512 

v 0.244932 0.404421 -0.742031
vt 0.427233 0.192031
vn 0.986682 -0.162482 0.00766829
v 0.238421 0.364973 -0.740169
vt 0.425647 0.219222
v 0.244968 0.404473 -0.74383
vt 0.428045 0.192047
vn 0.986656 -0.162136 0.014907
f 692/552/513 693/553/513 690/550/511 689/549/511 694/554/514 

v 0.244791 0.403593 -0.732157
vt 0.422762 0.192317
vn 0.986682 -0.16252 -0.00681163
v 0.238421 0.36499 -0.733775
vt 0.422762 0.219025
v 0.244835 0.403854 -0.734323
vt 0.423744 0.192199
vn 0.986656 -0.16282 0.00042917
f 695/555/515 696/556/515 693/553/513 692/552/513 697/557/516 

v 0.244646 0.401873 -0.722475
vt 0.418362 0.193225
vn 0.986682 -0.161271 -0.0212376
v 0.238421 0.364438 -0.727405
vt 0.419878 0.219222
v 0.244696 0.402377 -0.724829
vt 0.419433 0.192945
vn 0.986656 -0.162213 -0.0140521
f 698/558/517 699/559/517 696/556/515 695/555/515 700/560/518 

v 0.244499 0.399297 -0.713066
vt 0.414068 0.194732
vn 0.986682 -0.158743 -0.0354952
v 0.238421 0.363322 -0.72111
vt 0.417017 0.21981
v 0.24455 0.400032 -0.715426
vt 0.415147 0.194292
vn 0.986656 -0.16032 -0.0284219
f 701/561/519 702/562/519 699/559/517 698/558/517 703/563/520 

v 0.24435 0.395907 -0.704002
vt 0.409914 0.19681
vn 0.986682 -0.154958 -0.0494716
v 0.238421 0.36165 -0.714938
vt 0.414201 0.220786
v 0.2444 0.396816 -0.706194
vt 0.41092 0.196246
vn 0.986656 -0.157158 -0.0425666
f 704/564/521 705/565/521 702/562/519 701/561/519 706/566/522 

v 0.244199 0.391739 -0.695356
vt 0.405935 0.199439
vn 0.986682 -0.149944 -0.0630559
v 0.238421 0.359436 -0.70894
vt 0.411453 0.222141
v 0.244248 0.392788 -0.697333
vt 0.406846 0.198772
vn 0.986656 -0.15275 -0.056374
f 707/567/523 708/568/523 705/565/521 704/564/521 709/569/524 

v 0.244114 0.387212 -0.686999
vt 0.402079 0.202323
vn 0.986682 -0.143743 -0.0761406
v 0.238421 0.356698 -0.703163
vt 0.408794 0.223865
v 0.244163 0.390523 -0.69329
vt 0.40498 0.200219
vn 0.986656 -0.147131 -0.0697346
f 710/570/525 711/571/525 708/568/523 707/567/523 712/572/526 

v 0.244173 0.383478 -0.679942
vt 0.398824 0.204698
vn 0.986656 -0.140239 -0.0827241
v 0.238421 0.353457 -0.697651
vt 0.406246 0.225944
v 0.244115 0.386745 -0.6862
vt 0.401709 0.202623
vn 0.986656 -0.140347 -0.0825426
f 713/573/527 714/574/527 711/571/525 710/570/525 715/575/528 

v 0.244274 0.380661 -0.673984
vt 0.396083 0.206471
vn 0.986679 -0.143362 -0.076892
v 0.238421 0.34938 -0.690761
vt 0.403061 0.22856
v 0.244182 0.383022 -0.67907
vt 0.398422 0.204988
vn 0.986656 -0.140132 -0.0829056
f 716/576/529 717/577/529 714/574/527 713/573/527 718/578/530 

v 0.244342 0.378848 -0.669292
vt 0.393932 0.207587
vn 0.986679 -0.1493 -0.0646118
v 0.238421 0.345895 -0.683553
vt 0.399743 0.230758
v 0.244298 0.3797 -0.671664
vt 0.395018 0.207068
vn 0.986656 -0.146585 -0.0708748
f 719/579/531 720/580/531 717/577/529 716/576/529 721/581/532 

v 0.244394 0.377359 -0.664528
vt 0.391754 0.208478
vn 0.986679 -0.154188 -0.0518774
v 0.238421 0.343026 -0.676079
vt 0.396316 0.232523
f 722/582/533 723/583/533 720/580/531 719/579/531 

v 0.244446 0.376277 -0.659681
vt 0.389547 0.209084
vn 0.986679 -0.157992 -0.0387782
v 0.238421 0.340794 -0.668391
vt 0.392805 0.233843
v 0.244396 0.377188 -0.663889
vt 0.391463 0.208577
vn 0.986656 -0.156361 -0.0454066
f 724/584/534 725/585/534 723/583/533 722/582/533 726/586/535 

v 0.244476 0.375485 -0.654807
vt 0.387333 0.209491
vn 0.986679 -0.160685 -0.0254065
v 0.238421 0.339213 -0.660542
vt 0.389234 0.234707
v 0.244463 0.375612 -0.655835
vt 0.387799 0.209433
vn 0.986656 -0.159615 -0.0321481
f 727/587/536 728/588/536 725/585/534 724/584/534 729/589/537 

v 0.244503 0.375084 -0.649901
vt 0.385112 0.209626
vn 0.986679 -0.162248 -0.0118561
v 0.238421 0.338295 -0.652589
vt 0.385629 0.235111
f 730/590/538 731/591/538 728/588/536 727/587/536 

v 0.244517 0.375016 -0.644991
vt 0.382895 0.209531
vn 0.986679 -0.162671 0.00177762
v 0.238421 0.338047 -0.644587
vt 0.382014 0.235051
v 0.2445 0.374994 -0.647629
vt 0.384085 0.209622
vn 0.986656 -0.162742 -0.005048
f 732/592/539 733/593/539 731/591/538 730/590/538 734/594/540 

v 0.244515 0.375262 -0.64009
vt 0.380689 0.209219
vn 0.986679 -0.16195 0.0153988
v 0.238421 0.33847 -0.636592
vt 0.378415 0.234527
f 735/595/541 736/596/541 733/593/539 732/592/539 

v 0.244512 0.375913 -0.635226
vt 0.378506 0.208628
vn 0.986679 -0.160091 0.0289118
v 0.238421 0.339561 -0.628661
vt 0.374857 0.233544
v 0.24451 0.375326 -0.639395
vt 0.380376 0.209154
vn 0.986656 -0.161301 0.0221938
f 737/597/542 738/598/542 736/596/541 735/595/541 739/599/543 

v 0.244488 0.376844 -0.630397
vt 0.376346 0.207846
vn 0.986679 -0.157106 0.0422215
v 0.238421 0.341313 -0.620849
vt 0.371366 0.232108
v 0.244486 0.376641 -0.631263
vt 0.376733 0.20801
vn 0.986656 -0.158874 0.0356285
f 740/600/544 741/601/544 738/598/542 737/597/542 742/602/545 

v 0.244461 0.378167 -0.625647
vt 0.374228 0.206795
vn 0.986679 -0.153017 0.0552344
v 0.238421 0.343713 -0.613211
vt 0.367965 0.230229
f 743/603/546 744/604/546 741/601/544 740/600/544 

v 0.244428 0.379174 -0.622656
vt 0.372897 0.206012
vn 0.986764 -0.143889 0.0747881
v 0.238421 0.346745 -0.605801
vt 0.364679 0.227921
v 0.244431 0.378908 -0.623362
vt 0.37321 0.206217
vn 0.986656 -0.150696 0.0616536
f 745/605/547 746/606/547 744/604/546 743/603/546 747/607/548 

v 0.244288 0.382325 -0.616172
vt 0.370031 0.203648
vn 0.98669 -0.141166 0.0807201
v 0.238421 0.351426 -0.598503
vt 0.361475 0.224477
f 748/608/549 749/609/549 746/606/547 745/605/547 

v 0.244282 0.387842 -0.605191
vt 0.365181 0.199521
vn 0.98669 -0.148636 0.0659616
v 0.238421 0.355341 -0.590768
vt 0.35806 0.221549
v 0.244285 0.38242 -0.615949
vt 0.369932 0.203577
vn 0.986656 -0.145272 0.0735285
v 0.244258 0.386152 -0.608207
vt 0.36651 0.200775
f 750/610/550 751/611/550 749/609/549 748/608/549 752/612/551 753/613/551 

v 0.244436 0.39314 -0.594014
vt 0.360239 0.195538
vn 0.98669 -0.154568 0.0505205
v 0.238421 0.35845 -0.582675
vt 0.354467 0.219168
v 0.244408 0.391504 -0.597798
vt 0.361915 0.196777
vn 0.986656 -0.15199 0.0583901
f 754/614/552 755/615/552 751/611/550 750/610/550 756/616/553 

v 0.244537 0.396979 -0.582194
vt 0.354978 0.192544
vn 0.98669 -0.158901 0.0345568
v 0.238421 0.360721 -0.574308
vt 0.350735 0.217357
v 0.244489 0.394356 -0.590755
vt 0.358791 0.194603
vn 0.986656 -0.157136 0.0426475
v 0.244539 0.396626 -0.583557
vt 0.355587 0.192828
f 757/617/554 758/618/554 755/615/552 754/614/552 759/619/555 760/620/555 

v 0.244564 0.399164 -0.569933
vt 0.349488 0.190681
vn 0.98669 -0.161589 0.0182354
v 0.238421 0.36213 -0.565754
vt 0.346902 0.216137
v 0.244577 0.398209 -0.576208
vt 0.352301 0.191521
vn 0.986656 -0.160655 0.0264636
f 761/621/556 762/622/556 758/618/554 757/617/554 763/623/557 

v 0.244514 0.399628 -0.557493
vt 0.343884 0.19
vn 0.98669 -0.162606 0.00172539
v 0.238421 0.362662 -0.557101
vt 0.343008 0.215518
v 0.244571 0.399279 -0.568781
vt 0.34897 0.190567
vn 0.986656 -0.162513 0.0100059
v 0.244555 0.399642 -0.561278
vt 0.345592 0.1901
f 764/624/558 765/625/558 762/622/556 761/621/556 766/626/559 767/627/559 

v 0.244402 0.39845 -0.545135
vt 0.338286 0.190456
vn 0.98669 -0.16194 -0.0148025
v 0.238421 0.362313 -0.548438
vt 0.339093 0.215508
v 0.244505 0.399424 -0.553744
vt 0.342189 0.190032
vn 0.986656 -0.162688 -0.00655528
v 0.244423 0.398619 -0.546197
vt 0.338769 0.190369
f 768/628/560 769/629/560 765/625/558 764/624/558 770/630/561 771/631/561 

v 0.244216 0.395596 -0.533115
vt 0.332809 0.192079
vn 0.98669 -0.159598 -0.0311772
v 0.238421 0.361086 -0.539856
vt 0.335198 0.216108
v 0.244329 0.397086 -0.538703
vt 0.335359 0.191211
vn 0.986656 -0.161181 -0.0230487
f 772/632/562 773/633/562 769/629/560 768/628/560 774/634/563 

v 0.243971 0.391213 -0.521663
vt 0.32756 0.194774
vn 0.98669 -0.155605 -0.0472293
v 0.238421 0.358993 -0.531443
vt 0.331363 0.217309
v 0.244194 0.394994 -0.531248
vt 0.331956 0.19244
vn 0.986656 -0.158005 -0.0393036
v 0.24404 0.392205 -0.523913
vt 0.328594 0.194154
f 775/635/564 776/636/564 773/633/562 772/632/562 777/637/565 778/638/565 

v 0.243687 0.385529 -0.510948
vt 0.322618 0.19839
vn 0.98669 -0.150002 -0.0627928
v 0.238421 0.356057 -0.523286
vt 0.327627 0.219101
v 0.243856 0.388616 -0.516499
vt 0.325181 0.196419
vn 0.986656 -0.153195 -0.0551518
v 0.243692 0.385649 -0.511194
vt 0.322731 0.198314
f 779/639/566 780/640/566 776/636/564 775/635/564 781/641/567 782/642/567 

v 0.2436 0.379908 -0.500454
vt 0.317777 0.201968
vn 0.98669 -0.142847 -0.0777065
v 0.238421 0.352307 -0.515469
vt 0.32403 0.221465
v 0.243601 0.381211 -0.503148
vt 0.319017 0.201146
vn 0.986656 -0.1468 -0.0704294
f 783/643/568 784/644/568 780/640/566 779/639/566 785/645/569 

v 0.243693 0.375802 -0.492657
vt 0.314182 0.204578
vn 0.986684 -0.142506 -0.0784069
v 0.238421 0.347782 -0.508074
vt 0.320607 0.224376
v 0.243649 0.376942 -0.49504
vt 0.315279 0.20386
vn 0.986656 -0.138885 -0.0849782
f 786/646/570 787/647/570 784/644/568 783/643/568 788/648/571 

v 0.243741 0.37382 -0.487971
vt 0.31203 0.205811
vn 0.986676 -0.148733 -0.0659439
v 0.238421 0.344327 -0.501047
vt 0.317372 0.226558
f 789/649/572 790/650/572 787/647/570 786/646/570 

v 0.243791 0.372156 -0.482966
vt 0.309741 0.206815
vn 0.986676 -0.153481 -0.0539783
v 0.238421 0.341439 -0.493769
vt 0.314034 0.228342
v 0.243745 0.373292 -0.486568
vt 0.311387 0.206136
vn 0.986656 -0.151341 -0.0600538
f 791/651/573 792/652/573 790/650/572 789/649/572 793/653/574 

v 0.243819 0.370778 -0.477901
vt 0.307429 0.207621
vn 0.986676 -0.157268 -0.0416747
v 0.238421 0.339136 -0.486286
vt 0.310614 0.229717
f 794/654/575 795/655/575 792/652/573 791/651/573 

v 0.243859 0.369873 -0.472744
vt 0.305085 0.208096
vn 0.986676 -0.160071 -0.0291102
v 0.238421 0.337431 -0.478643
vt 0.307134 0.230673
v 0.243819 0.370722 -0.477658
vt 0.307319 0.207653
vn 0.986656 -0.158915 -0.0354472
f 796/656/576 797/657/576 795/655/575 794/654/575 798/658/577 

v 0.243874 0.369238 -0.467564
vt 0.302737 0.208385
vn 0.986676 -0.161871 -0.0163635
v 0.238421 0.336336 -0.47089
vt 0.303615 0.231204
v 0.243865 0.369306 -0.468459
vt 0.303141 0.208364
vn 0.986656 -0.16122 -0.022772
f 799/659/578 800/660/578 797/657/576 796/656/576 801/661/579 

v 0.243895 0.369047 -0.462358
vt 0.300384 0.208366
vn 0.986676 -0.162658 -0.00351429
v 0.238421 0.335857 -0.463075
vt 0.30008 0.231309
f 802/662/580 803/663/580 800/660/578 799/659/578 

v 0.2439 0.369171 -0.457157
vt 0.29804 0.20813
vn 0.986676 -0.162427 0.00935689
v 0.238421 0.335998 -0.455246
vt 0.29655 0.230985
v 0.243887 0.369056 -0.459135
vt 0.29893 0.208267
vn 0.986656 -0.162794 0.00292582
f 804/664/581 805/665/581 803/663/580 802/662/580 806/666/582 

v 0.243901 0.369678 -0.451981
vt 0.295714 0.20763
vn 0.986676 -0.161179 0.0221695
v 0.238421 0.336757 -0.447453
vt 0.293049 0.230235
f 807/667/583 808/668/583 805/665/581 804/664/581 

v 0.243895 0.370555 -0.446853
vt 0.293417 0.206876
vn 0.986676 -0.158921 0.0348433
v 0.238421 0.33813 -0.439744
vt 0.289597 0.229064
v 0.243887 0.369972 -0.449847
vt 0.294757 0.207365
vn 0.986656 -0.160298 0.0285505
f 809/669/584 810/670/584 808/668/583 807/667/583 811/671/585 

v 0.243875 0.371753 -0.441783
vt 0.291152 0.205902
vn 0.986676 -0.155669 0.047299
v 0.238421 0.340109 -0.432168
vt 0.286216 0.227478
f 812/672/586 813/673/586 810/670/584 809/669/584 

v 0.243862 0.37237 -0.439775
vt 0.290258 0.205417
vn 0.986656 -0.153426 0.0544943
v 0.238421 0.3413 -0.428739
vt 0.284692 0.226556
v 0.243864 0.37204 -0.440752
vt 0.290693 0.205674
vn 0.986656 -0.153793 0.0534613
f 814/674/587 815/675/587 813/673/586 812/672/586 816/676/588 

v 0.24386 0.372642 -0.438992
vt 0.28991 0.205207
vn 0.986658 -0.152284 0.057578
v 0.238421 0.34181 -0.427335
vt 0.284068 0.226163
f 817/677/589 818/678/589 815/675/587 814/674/587 

v 0.243858 0.372848 -0.438421
vt 0.289656 0.205048
vn 0.986658 -0.150679 0.0616576
v 0.238421 0.342357 -0.425944
vt 0.283451 0.225745
f 819/679/590 820/680/590 818/678/589 817/677/589 

v 0.243853 0.373062 -0.437852
vt 0.289404 0.204884
vn 0.986658 -0.148964 0.0656926
v 0.238421 0.342942 -0.424569
vt 0.282841 0.225302
f 821/681/591 822/682/591 820/680/590 819/679/590 

v 0.243848 0.373285 -0.437285
vt 0.289152 0.204714
vn 0.986658 -0.147141 0.0696799
v 0.238421 0.343563 -0.42321
vt 0.28224 0.224833
f 823/683/592 824/684/592 822/682/591 821/681/591 

v 0.243841 0.373515 -0.43672
vt 0.288901 0.204538
vn 0.986658 -0.145211 0.0736166
v 0.238421 0.344221 -0.421869
vt 0.281647 0.22434
f 825/685/593 826/686/593 824/684/592 823/683/592 

v 0.243833 0.373754 -0.436156
vt 0.288652 0.204357
vn 0.986658 -0.143176 0.0775
v 0.238421 0.344914 -0.420545
vt 0.281063 0.223823
f 827/687/594 828/688/594 826/686/593 825/685/593 

v 0.243823 0.374001 -0.435593
vt 0.288402 0.20417
vn 0.986658 -0.141038 0.0813272
v 0.238421 0.345643 -0.419241
vt 0.280488 0.223282
f 829/689/595 830/690/595 828/688/594 827/687/594 

v 0.243812 0.374257 -0.435032
vt 0.288154 0.203977
vn 0.986658 -0.138797 0.0850954
v 0.238421 0.346407 -0.417957
vt 0.279923 0.222717
f 831/691/596 832/692/596 830/690/595 829/689/595 

v 0.243799 0.374522 -0.434471
vt 0.287906 0.203778
vn 0.986658 -0.136455 0.0888019
v 0.238421 0.347205 -0.416693
vt 0.279369 0.222129
f 833/693/597 834/694/597 832/692/596 831/691/596 

v 0.243785 0.374796 -0.433911
vt 0.287658 0.203572
vn 0.986658 -0.134014 0.092444
v 0.238421 0.348037 -0.415452
vt 0.278824 0.221519
f 835/695/598 836/696/598 834/694/597 833/693/597 

v 0.24377 0.375079 -0.433351
vt 0.287411 0.203361
vn 0.986658 -0.131477 0.0960191
v 0.238421 0.348902 -0.414234
vt 0.278291 0.220886
f 837/697/599 838/698/599 836/696/598 835/695/598 

v 0.243726 0.375936 -0.431768
vt 0.286713 0.202723
vn 0.986662 -0.132317 0.0948141
v 0.238421 0.349799 -0.413039
vt 0.277769 0.220232
v 0.243735 0.375686 -0.432189
vt 0.286898 0.202908
vn 0.986656 -0.130183 0.0977893
f 839/699/600 840/700/600 838/698/599 837/697/599 841/701/601 

v 0.243605 0.380186 -0.424243
vt 0.283399 0.19957
vn 0.9867 -0.13935 0.0836891
v 0.238421 0.353211 -0.408043
vt 0.275579 0.217731
f 842/702/602 843/703/602 840/700/600 839/699/600 

v 0.243636 0.384868 -0.415704
vt 0.279634 0.19609
vn 0.9867 -0.148159 0.0668685
v 0.238421 0.356018 -0.402684
vt 0.273214 0.215637
v 0.243605 0.380226 -0.424162
vt 0.283362 0.19954
vn 0.986656 -0.14424 0.0755331
v 0.243635 0.383421 -0.418462
vt 0.280851 0.197168
f 844/704/603 845/705/603 843/703/602 842/702/602 846/706/604 847/707/604 

v 0.243684 0.388629 -0.406689
vt 0.275638 0.19323
vn 0.9867 -0.154945 0.0491355
v 0.238421 0.358181 -0.397033
vt 0.270706 0.21398
v 0.243675 0.386545 -0.411993
vt 0.277992 0.194823
vn 0.986656 -0.152064 0.0581979
f 848/708/605 849/709/605 845/705/603 844/704/603 850/710/606 

v 0.243696 0.39111 -0.397222
vt 0.271414 0.191243
vn 0.9867 -0.159618 0.0307321
v 0.238421 0.35967 -0.391169
vt 0.268088 0.212782
v 0.243692 0.388864 -0.405971
vt 0.275319 0.193048
vn 0.986656 -0.157813 0.0400686
v 0.24371 0.390556 -0.399755
vt 0.272546 0.191699
f 851/711/607 852/712/607 849/709/605 848/708/605 853/713/608 854/714/608 

v 0.243688 0.392345 -0.387513
vt 0.267057 0.190109
vn 0.9867 -0.162113 0.0119093
v 0.238421 0.360464 -0.385171
vt 0.265398 0.212059
v 0.243712 0.391711 -0.393424
vt 0.269712 0.190718
vn 0.986656 -0.161409 0.0213927
f 855/715/609 856/716/609 852/712/607 851/711/607 857/717/610 

v 0.243641 0.39221 -0.377743
vt 0.262646 0.18992
vn 0.9867 -0.162396 -0.00707596
v 0.238421 0.360555 -0.379122
vt 0.26267 0.211822
v 0.24369 0.392369 -0.387015
vt 0.266832 0.190078
vn 0.986656 -0.162802 0.00242483
v 0.243672 0.392357 -0.38056
vt 0.26392 0.1899
f 858/718/611 859/719/611 856/716/609 855/715/609 860/720/612 861/721/612 

v 0.243577 0.390833 -0.368104
vt 0.258272 0.190592
vn 0.9867 -0.160463 -0.0259647
v 0.238421 0.359939 -0.373103
vt 0.259943 0.212073
v 0.243636 0.391807 -0.37411
vt 0.260999 0.190093
vn 0.986656 -0.161974 -0.0165761
f 862/722/613 863/723/613 859/719/611 858/718/611 864/724/614 

v 0.243477 0.388142 -0.358796
vt 0.254021 0.192181
vn 0.9867 -0.15634 -0.0444991
v 0.238421 0.358625 -0.367198
vt 0.257254 0.212809
v 0.243577 0.39074 -0.367688
vt 0.258082 0.190644
vn 0.986656 -0.158936 -0.0353509
v 0.243522 0.388998 -0.361382
vt 0.255204 0.191664
f 865/725/615 866/726/615 863/723/613 862/722/613 867/727/616 868/728/616 

v 0.243362 0.384324 -0.349967
vt 0.249966 0.194562
vn 0.9867 -0.150084 -0.0624264
v 0.238421 0.356632 -0.361485
vt 0.254639 0.214021
v 0.24345 0.386715 -0.355204
vt 0.252373 0.193062
vn 0.986656 -0.15373 -0.0536433
f 869/729/617 870/730/617 866/726/615 865/725/615 871/731/618 

v 0.243237 0.379482 -0.341748
vt 0.246166 0.197668
vn 0.9867 -0.141781 -0.0795019
v 0.238421 0.353986 -0.356044
vt 0.252134 0.215691
v 0.243357 0.383906 -0.349179
vt 0.249602 0.194828
vn 0.986656 -0.146426 -0.0712038
v 0.243242 0.379689 -0.342096
vt 0.246327 0.197536
f 872/732/619 873/733/619 870/730/617 869/729/617 874/734/620 875/735/620 

v 0.243228 0.375178 -0.335128
vt 0.243098 0.200449
vn 0.986656 -0.136703 -0.0884435
v 0.238421 0.350724 -0.350949
vt 0.249773 0.217796
v 0.243216 0.376447 -0.337247
vt 0.244078 0.199634
vn 0.986656 -0.137124 -0.0877927
f 876/736/621 877/737/621 873/733/619 872/732/619 878/738/622 

v 0.243291 0.37152 -0.328829
vt 0.240187 0.202793
vn 0.986687 -0.140311 -0.0822279
v 0.238421 0.346029 -0.343768
vt 0.246445 0.220831
v 0.243256 0.372644 -0.330937
vt 0.241159 0.202078
vn 0.986656 -0.136282 -0.0890942
f 879/739/623 880/740/623 877/737/621 876/736/621 881/741/624 

v 0.243335 0.369128 -0.323673
vt 0.237815 0.204296
vn 0.986687 -0.147672 -0.0681291
v 0.238421 0.342058 -0.336162
vt 0.242938 0.223353
v 0.243325 0.369377 -0.324285
vt 0.238096 0.204142
vn 0.986656 -0.144332 -0.0753563
f 882/742/625 883/743/625 880/740/623 879/739/623 884/744/626 

v 0.243378 0.367255 -0.318335
vt 0.235371 0.205435
vn 0.986687 -0.153621 -0.0533788
v 0.238421 0.338849 -0.328205
vt 0.239287 0.225339
f 885/745/627 886/746/627 883/743/625 882/742/625 

v 0.243416 0.365888 -0.312871
vt 0.23288 0.206221
vn 0.986687 -0.1581 -0.0381179
v 0.238421 0.336433 -0.319973
vt 0.235528 0.226769
v 0.243377 0.366933 -0.317251
vt 0.234876 0.205626
vn 0.986656 -0.156229 -0.0458565
f 887/747/628 888/748/628 886/746/627 885/745/627 889/749/629 

v 0.243441 0.364995 -0.307331
vt 0.230364 0.206677
vn 0.986687 -0.161068 -0.0224925
v 0.238421 0.334832 -0.311544
vt 0.231694 0.227631
v 0.243417 0.36534 -0.309949
vt 0.231552 0.206515
vn 0.986656 -0.159962 -0.0303769
f 890/750/630 891/751/630 888/748/628 887/747/628 892/752/631 

v 0.243455 0.364576 -0.301749
vt 0.227838 0.206805
vn 0.986687 -0.162495 -0.00665194
v 0.238421 0.334062 -0.302998
vt 0.227824 0.227915
v 0.243447 0.364597 -0.302491
vt 0.228173 0.206812
vn 0.986656 -0.162164 -0.0146067
f 893/753/632 894/754/632 891/751/630 890/750/630 895/755/633 

v 0.243467 0.364694 -0.296161
vt 0.225319 0.206562
vn 0.986687 -0.162367 0.00925222
v 0.238421 0.334131 -0.294419
vt 0.223955 0.227619
f 896/756/634 897/757/634 894/754/632 893/753/632 

v 0.243474 0.365323 -0.290612
vt 0.222827 0.205967
vn 0.986687 -0.160687 0.0250679
v 0.238421 0.335037 -0.285887
vt 0.220123 0.226746
v 0.24346 0.364776 -0.294986
vt 0.22479 0.206471
vn 0.986656 -0.161909 0.0172006
f 898/758/635 899/759/635 897/757/634 896/756/634 900/760/636 

v 0.243468 0.366418 -0.285136
vt 0.220377 0.205052
vn 0.986687 -0.15747 0.0406438
v 0.238421 0.336773 -0.277485
vt 0.216365 0.225305
v 0.243458 0.365858 -0.287553
vt 0.221457 0.205509
vn 0.986656 -0.159455 0.0329336
f 901/761/637 902/762/637 899/759/635 898/758/635 903/763/638 

v 0.24345 0.367974 -0.279765
vt 0.217984 0.203822
vn 0.986687 -0.152747 0.055831
v 0.238421 0.339321 -0.269292
vt 0.212717 0.223308
v 0.243447 0.36779 -0.2803
vt 0.218221 0.203964
vn 0.986656 -0.155475 0.0483515
f 904/764/639 905/765/639 902/762/637 901/761/637 906/766/640 

v 0.243432 0.37005 -0.274561
vt 0.215675 0.202238
vn 0.986687 -0.146563 0.0704842
v 0.238421 0.342657 -0.261388
vt 0.209213 0.220775
f 907/767/641 908/768/641 905/765/639 904/764/639 

v 0.243403 0.373225 -0.268351
vt 0.212933 0.199865
vn 0.986656 -0.142795 0.0782277
v 0.238421 0.346749 -0.253847
vt 0.205888 0.217731
v 0.243417 0.370602 -0.273353
vt 0.21514 0.201821
vn 0.986656 -0.143108 0.077657
f 909/769/642 910/770/642 908/768/641 907/767/641 911/771/643 

v 0.243421 0.376645 -0.262391
vt 0.210309 0.197331
vn 0.986678 -0.145468 0.0728436
v 0.238421 0.349532 -0.248814
vt 0.203671 0.215663
v 0.243398 0.374081 -0.266734
vt 0.21222 0.199227
vn 0.986656 -0.142482 0.0787984
v 0.243423 0.376285 -0.263067
vt 0.210607 0.197599
f 912/772/644 913/773/644 910/770/642 909/769/642 914/774/645 915/775/645 

v 0.243435 0.380105 -0.254918
vt 0.207003 0.194725
vn 0.986678 -0.150937 0.0607066
v 0.238421 0.351894 -0.243572
vt 0.20135 0.21388
v 0.243444 0.378974 -0.257558
vt 0.208172 0.195582
vn 0.986656 -0.148448 0.0668856
f 916/776/646 917/777/646 913/773/644 912/772/644 918/778/647 

v 0.243431 0.382839 -0.247147
vt 0.203549 0.192611
vn 0.986678 -0.155395 0.0481632
v 0.238421 0.35382 -0.238153
vt 0.198942 0.212393
v 0.243448 0.381339 -0.251677
vt 0.205564 0.193778
vn 0.986656 -0.153419 0.0545249
f 919/779/648 920/780/648 917/777/646 916/776/646 921/781/649 

v 0.243406 0.384807 -0.239154
vt 0.19998 0.191021
vn 0.986678 -0.158812 0.0352972
v 0.238421 0.355296 -0.232595
vt 0.196462 0.211212
v 0.243436 0.383271 -0.245637
vt 0.202875 0.192269
vn 0.986656 -0.157363 0.0417992
v 0.24341 0.384749 -0.239458
vt 0.200115 0.19107
f 922/782/650 923/783/650 920/780/648 919/779/648 924/784/651 925/785/651 

v 0.243352 0.385937 -0.231015
vt 0.196329 0.190005
vn 0.986678 -0.161166 0.0221949
v 0.238421 0.356313 -0.226936
vt 0.193928 0.210346
v 0.243378 0.38571 -0.233162
vt 0.197293 0.190224
vn 0.986656 -0.160254 0.0287936
f 926/786/652 927/787/652 923/783/650 922/782/650 928/788/653 

v 0.243281 0.386291 -0.222832
vt 0.192643 0.189524
vn 0.986678 -0.162441 0.00894405
v 0.238421 0.356864 -0.221212
vt 0.191356 0.2098
v 0.24333 0.38621 -0.226787
vt 0.194426 0.189694
vn 0.986656 -0.162072 0.0155952
f 929/789/654 930/790/654 927/787/652 926/786/652 931/791/655 

v 0.243193 0.385872 -0.214685
vt 0.18896 0.189577
vn 0.986678 -0.162629 -0.00436672
v 0.238421 0.356945 -0.215462
vt 0.188763 0.209578
v 0.243267 0.38624 -0.220357
vt 0.191526 0.189487
vn 0.986656 -0.162804 0.00229245
f 932/792/656 933/793/656 930/790/654 929/789/654 934/794/657 

v 0.243083 0.384659 -0.206658
vt 0.185315 0.190183
vn 0.986678 -0.161727 -0.0176483
v 0.238421 0.356555 -0.209724
vt 0.186167 0.209681
v 0.243188 0.385788 -0.2139
vt 0.188604 0.189612
vn 0.986656 -0.162447 -0.0110257
v 0.2431 0.384814 -0.20745
vt 0.185676 0.190098
f 935/795/658 936/796/658 933/793/656 932/792/656 937/797/659 938/798/659 

v 0.242953 0.382681 -0.198834
vt 0.181748 0.191322
vn 0.986678 -0.159743 -0.0308116
v 0.238421 0.355698 -0.204038
vt 0.183586 0.210108
v 0.243002 0.383315 -0.201046
vt 0.182758 0.190948
vn 0.986656 -0.161001 -0.02427
f 939/799/660 940/800/660 936/796/658 935/795/658 941/801/661 

v 0.242809 0.380008 -0.191282
vt 0.17829 0.19295
vn 0.986678 -0.156689 -0.0437687
v 0.238421 0.354379 -0.198441
vt 0.181036 0.210857
v 0.242889 0.381315 -0.194712
vt 0.179863 0.192146
vn 0.986656 -0.158478 -0.0373518
f 942/802/662 943/803/662 940/800/660 939/799/660 944/804/663 

v 0.242689 0.376881 -0.183993
vt 0.174942 0.194898
vn 0.986678 -0.152586 -0.0564327
v 0.238421 0.352606 -0.192971
vt 0.178534 0.211923
v 0.242745 0.378348 -0.187412
vt 0.176513 0.193984
vn 0.986656 -0.154894 -0.0501836
f 945/805/664 946/806/664 943/803/662 942/802/662 947/807/665 

v 0.242671 0.374143 -0.177713
vt 0.172057 0.196608
vn 0.986656 -0.150172 -0.0629191
v 0.238421 0.350393 -0.187663
vt 0.176098 0.213298
v 0.242677 0.376262 -0.182699
vt 0.174347 0.195288
vn 0.986656 -0.150272 -0.0626793
f 948/808/666 949/809/666 946/806/664 945/805/664 950/810/667 

v 0.2427 0.372181 -0.1726
vt 0.169714 0.197815
vn 0.986674 -0.152241 -0.0574131
v 0.238421 0.347906 -0.181755
vt 0.173385 0.214844
v 0.24267 0.373806 -0.176925
vt 0.171696 0.196817
vn 0.986656 -0.150071 -0.0631589
f 951/811/668 952/812/668 949/809/666 948/808/666 953/813/669 

v 0.242721 0.370891 -0.168341
vt 0.167768 0.198582
vn 0.986674 -0.156137 -0.0457722
v 0.238421 0.345872 -0.175676
vt 0.170604 0.216073
v 0.2427 0.371655 -0.171022
vt 0.168992 0.198132
vn 0.986656 -0.154406 -0.0516652
f 954/814/670 955/815/670 952/812/668 951/811/668 956/816/671 

v 0.242733 0.369875 -0.164018
vt 0.165798 0.199159
vn 0.986674 -0.159143 -0.0338708
v 0.238421 0.344302 -0.169461
vt 0.16777 0.216978
v 0.242725 0.370056 -0.164932
vt 0.166214 0.19906
vn 0.986656 -0.157861 -0.0398775
f 957/817/672 958/818/672 955/815/670 954/814/670 959/819/673 

v 0.242743 0.369177 -0.159637
vt 0.163808 0.199514
vn 0.986674 -0.161244 -0.0217765
v 0.238421 0.343205 -0.163145
vt 0.1649 0.217553
f 960/820/674 961/821/674 958/818/672 957/817/672 

v 0.242751 0.368798 -0.155222
vt 0.161809 0.199648
vn 0.986674 -0.162426 -0.00955834
v 0.238421 0.342587 -0.156764
vt 0.162009 0.217794
v 0.242739 0.369064 -0.158704
vt 0.163385 0.199565
vn 0.986656 -0.162063 -0.0156895
f 962/822/675 963/823/675 961/821/674 960/820/674 964/824/676 

v 0.24275 0.368698 -0.150793
vt 0.159809 0.199589
vn 0.986674 -0.162685 0.00271425
v 0.238421 0.342452 -0.150355
vt 0.159115 0.217702
v 0.242743 0.368689 -0.152405
vt 0.160536 0.199642
vn 0.986656 -0.162784 -0.00342685
f 965/825/677 966/826/677 963/823/675 962/822/675 967/827/678 

v 0.242742 0.368889 -0.146365
vt 0.157815 0.199328
vn 0.986674 -0.162017 0.0149714
v 0.238421 0.342801 -0.143954
vt 0.156234 0.217276
f 968/828/679 969/829/679 966/826/677 965/825/677 

v 0.242736 0.369431 -0.141963
vt 0.155839 0.198827
vn 0.986674 -0.160427 0.0271433
v 0.238421 0.343631 -0.137598
vt 0.153382 0.216519
v 0.24274 0.368911 -0.146099
vt 0.157695 0.199306
vn 0.986656 -0.161449 0.021087
f 970/830/680 971/831/680 969/829/679 968/828/679 972/832/681 

v 0.242722 0.370251 -0.137599
vt 0.153886 0.198134
vn 0.986674 -0.157925 0.0391608
v 0.238421 0.344938 -0.131322
vt 0.150575 0.215434
v 0.242721 0.369778 -0.139853
vt 0.154894 0.198526
vn 0.986656 -0.1594 0.0331986
f 973/833/682 974/834/682 971/831/680 970/830/680 975/835/683 

v 0.242699 0.371348 -0.133286
vt 0.151961 0.197251
vn 0.986674 -0.154523 0.0509553
v 0.238421 0.346715 -0.125163
vt 0.14783 0.214029
v 0.242698 0.371218 -0.133725
vt 0.152156 0.197354
vn 0.986656 -0.156443 0.0451214
f 976/836/684 977/837/684 974/834/682 973/833/682 978/838/685 

v 0.242677 0.372779 -0.129061
vt 0.150081 0.196141
vn 0.986674 -0.150241 0.0624598
v 0.238421 0.348951 -0.119155
vt 0.145162 0.212311
f 979/839/686 980/840/686 977/837/684 976/836/684 

v 0.242643 0.375177 -0.123365
vt 0.147557 0.19432
vn 0.986667 -0.149728 0.0637999
v 0.238421 0.351633 -0.113333
vt 0.142585 0.21029
v 0.242662 0.373265 -0.127786
vt 0.149515 0.195769
vn 0.986656 -0.147881 0.06813
f 981/841/687 982/842/687 980/840/686 979/839/686 983/843/688 

v 0.24265 0.378625 -0.114693
vt 0.14371 0.191688
vn 0.98666 -0.152647 0.0565683
v 0.238421 0.354593 -0.105788
vt 0.139237 0.208027
v 0.242644 0.375714 -0.122021
vt 0.14696 0.193911
vn 0.986656 -0.151572 0.0594684
v 0.24267 0.37702 -0.119122
vt 0.145678 0.192924
f 984/844/689 985/845/689 982/842/687 981/841/687 986/846/690 987/847/690 

v 0.242607 0.381367 -0.10604
vt 0.139857 0.189543
vn 0.98666 -0.154686 0.0507287
v 0.238421 0.357265 -0.0981352
vt 0.135835 0.205961
v 0.242646 0.379785 -0.111292
vt 0.142197 0.190788
vn 0.986656 -0.153721 0.0536676
f 988/848/691 989/849/691 985/845/689 984/844/689 990/850/692 

v 0.242539 0.383636 -0.0972574
vt 0.135938 0.187722
vn 0.98666 -0.156501 0.0448159
v 0.238421 0.359644 -0.0903869
vt 0.132384 0.204093
v 0.242591 0.382411 -0.102319
vt 0.138198 0.188715
vn 0.986656 -0.155649 0.0477893
f 991/851/693 992/852/693 989/849/691 988/848/691 993/853/694 

v 0.242448 0.385427 -0.0883762
vt 0.131965 0.186228
vn 0.98666 -0.158091 0.0388384
v 0.238421 0.361727 -0.0825538
vt 0.12889 0.202428
v 0.242511 0.384542 -0.0931786
vt 0.134115 0.186979
vn 0.986656 -0.157352 0.041842
f 994/854/695 995/855/695 992/852/693 991/851/693 996/856/696 

v 0.242334 0.386737 -0.0794255
vt 0.127951 0.185065
vn 0.98666 -0.159452 0.0328048
v 0.238421 0.363511 -0.0746472
vt 0.125356 0.200967
v 0.242404 0.386167 -0.0838835
vt 0.129952 0.185587
vn 0.986656 -0.158828 0.0358343
f 997/857/697 998/858/697 995/855/695 994/854/695 999/859/698 

v 0.242197 0.387566 -0.0704351
vt 0.123911 0.184231
vn 0.98666 -0.160583 0.0267239
v 0.238421 0.364993 -0.0666785
vt 0.121789 0.199713
v 0.242271 0.387277 -0.0744481
vt 0.125716 0.184547
vn 0.986656 -0.160075 0.0297749
f 1000/860/699 1001/861/699 998/858/697 997/857/697 1002/862/700 

v 0.242039 0.387919 -0.0614341
vt 0.119856 0.183728
vn 0.98666 -0.161482 0.0206044
v 0.238421 0.366171 -0.0586593
vt 0.118193 0.198667
v 0.242112 0.38786 -0.0648867
vt 0.121413 0.183868
vn 0.986656 -0.16109 0.0236726
f 1003/863/701 1004/864/701 1001/861/699 1000/860/699 1005/865/702 

v 0.241859 0.387799 -0.0524513
vt 0.115801 0.18355
vn 0.98666 -0.162149 0.0144551
v 0.238421 0.367044 -0.0506011
vt 0.114574 0.197831
v 0.241926 0.387905 -0.0552147
vt 0.11705 0.183557
vn 0.986656 -0.161873 0.017536
f 1006/866/703 1007/867/703 1004/864/701 1003/863/701 1008/868/704 

v 0.24166 0.387216 -0.0435146
vt 0.111758 0.183694
vn 0.98666 -0.162581 0.008285
v 0.238421 0.367611 -0.0425156
vt 0.110937 0.197205
v 0.241712 0.387397 -0.0454483
vt 0.112634 0.183625
vn 0.986656 -0.162422 0.0113741
f 1009/869/705 1010/870/705 1007/867/703 1006/866/703 1011/871/706 

v 0.241443 0.38618 -0.0346509
vt 0.10774 0.184153
vn 0.98666 -0.162778 0.00210292
v 0.238421 0.367869 -0.0344143
vt 0.107287 0.196792
v 0.241471 0.386322 -0.0356051
vt 0.108173 0.184082
vn 0.986656 -0.162737 0.00519581
f 1012/872/707 1013/873/707 1010/870/705 1009/869/705 1014/874/708 

v 0.241215 0.384748 -0.0261905
vt 0.103896 0.184897
vn 0.986656 -0.162816 -0.00114093
v 0.238421 0.36782 -0.0263091
vt 0.103629 0.196592
f 1015/875/709 1016/876/709 1013/873/707 1012/872/707 

v 0.241097 0.384003 -0.0225169
vt 0.102224 0.185305
vn 0.98666 -0.16279 0.00149935
v 0.238421 0.367789 -0.0223675
vt 0.10185 0.196499
v 0.241202 0.384665 -0.0257041
vt 0.103675 0.18494
vn 0.986656 -0.162815 -0.00129186
f 1017/877/710 1018/878/710 1016/876/709 1015/875/709 1019/879/711 

v 0.240975 0.383355 -0.0191002
vt 0.10067 0.185654
vn 0.98666 -0.162643 0.00707925
v 0.238421 0.367893 -0.0184272
vt 0.100074 0.196313
f 1020/880/712 1021/881/712 1018/878/710 1017/877/710 

v 0.240842 0.382758 -0.0156328
vt 0.0990948 0.185966
vn 0.98666 -0.162305 0.0126508
v 0.238421 0.368131 -0.0144927
vt 0.0983038 0.196035
f 1022/882/713 1023/883/713 1021/881/712 1020/880/712 

v 0.240676 0.382081 -0.0120967
vt 0.0974866 0.186331
vn 0.98666 -0.161776 0.0182076
v 0.238421 0.368505 -0.0105687
vt 0.0965405 0.195663
v 0.240841 0.382754 -0.0156045
vt 0.0990819 0.185968
vn 0.986656 -0.162087 0.0154337
f 1024/884/714 1025/885/714 1023/883/713 1022/882/713 1026/886/715 

v 0.240496 0.381454 -0.008494
vt 0.0958493 0.18666
vn 0.98666 -0.161056 0.0237429
v 0.238421 0.369013 -0.00665989
vt 0.0947865 0.195199
f 1027/887/716 1028/888/716 1025/885/714 1024/884/714 

v 0.240304 0.380877 -0.00482043
vt 0.094181 0.186952
vn 0.98666 -0.160148 0.0292503
v 0.238421 0.369655 -0.00277074
vt 0.093044 0.194643
v 0.24031 0.380897 -0.00493106
vt 0.0942313 0.186941
vn 0.986656 -0.160649 0.0265042
f 1029/889/717 1030/890/717 1028/888/716 1027/887/716 1031/891/718 

v 0.24007 0.380192 -0.00103724
vt 0.0924612 0.187316
vn 0.98666 -0.159051 0.0347233
v 0.238421 0.370429 0.00109413
vt 0.0913149 0.193996
v 0.240219 0.38064 -0.00339564
vt 0.0935337 0.187075
vn 0.986656 -0.159646 0.031996
v 0.240216 0.38063 -0.00334238
vt 0.0935095 0.18708
v 0.240115 0.380331 -0.00171873
vt 0.0927713 0.18724
v 0.240113 0.380324 -0.00168833
vt 0.0927574 0.187243
f 1032/892/719 1033/893/719 1030/890/717 1029/889/717 1034/894/720 1035/895/720 1036/896/720 1037/897/720 

v 0.239793 0.379394 0.00287923
vt 0.0906791 0.187754
vn 0.98666 -0.157767 0.0401555
v 0.238421 0.371336 0.00493017
vt 0.0896014 0.193259
v 0.24 0.38 -8.67362e-18
vt 0.0919896 0.187418
vn 0.986656 -0.158455 0.0374502
v 0.239876 0.379642 0.00176177
vt 0.0911879 0.187615
f 1038/898/721 1039/899/721 1033/893/719 1032/892/719 1040/900/722 1041/901/722 

v 0.239474 0.378486 0.00689669
vt 0.0888494 0.188264
vn 0.986656 -0.157078 0.0428604
v 0.238421 0.372373 0.00873287
vt 0.0879053 0.192433
v 0.239741 0.379253 0.00356999
vt 0.0903648 0.187831
v 0.239594 0.378838 0.00543483
vt 0.0895156 0.188063
f 1042/902/723 1043/903/723 1039/899/721 1038/898/721 1044/904/723 1045/905/723 

v 0.239434 0.378376 0.00734407
vt 0.0886454 0.188327
vn 0.991008 -0.0350107 0.129137
v 0.238421 0.372719 0.00978384
vt 0.0874377 0.192164
vn 0.986761 -0.148923 0.0642214
vn 0.986656 -0.154695 0.050793
v 0.239457 0.378444 0.0070954
vt 0.0887589 0.188288
f 1046/906/724 1047/907/725 1043/903/726 1042/902/726 1048/908/726 

v 0.238421 0.373246 0.0107562
vt 0.087009 0.191771
vn 0.986761 -0.135039 0.0898158
f 1049/909/727 1047/907/725 1046/906/724

vn -0.986761 -0.148923 0.0642214
vn -0.986761 -0.135039 0.0898158
v 0.237409 0.378376 0.00734407
vn -0.991008 -0.0350107 0.129137
f 1047/907/728 1049/909/729 1050/906/730

v 0.238421 0.373939 0.0116185
vt 0.086633 0.191268
vn -0.986761 -0.116802 0.112515
f 1049/909/729 1051/910/731 1050/906/730

vn 0.986761 -0.116802 0.112515
f 1051/910/732 1049/909/727 1046/906/724

v 0.238421 0.374775 0.0123431
vt 0.0863219 0.19067
vn 0.986761 -0.0948005 0.131588
f 1052/911/733 1051/910/732 1046/906/724

vn -0.986761 -0.0948005 0.131588
f 1051/910/731 1052/911/734 1050/906/730

v 0.238421 0.375727 0.0129065
vt 0.0860857 0.189996
vn -0.986761 -0.0697429 0.146418
f 1052/911/734 1053/912/735 1050/906/730

vn 0.986761 -0.0697429 0.146418
f 1053/912/736 1052/911/733 1046/906/724

v 0.238421 0.376764 0.0132906
vt 0.085932 0.189268
vn 0.986761 -0.0424371 0.15653
f 1054/913/737 1053/912/736 1046/906/724

vn -0.986761 -0.0424371 0.15653
f 1053/912/735 1054/913/738 1050/906/730

v 0.238421 0.377853 0.0134831
vt 0.0858658 0.188511
vn -0.986761 -0.0137635 0.161595
f 1054/913/738 1055/914/739 1050/906/730

vn 0.986761 -0.0137635 0.161595
f 1055/914/740 1054/913/737 1046/906/724

v 0.238421 0.378959 0.0134776
vt 0.0858892 0.187747
vn 0.986761 0.0153538 0.161452
f 1056/915/741 1055/914/740 1046/906/724

vn -0.986761 0.0153538 0.161452
f 1055/914/739 1056/915/742 1050/906/730

v 0.238421 0.380047 0.0132745
vt 0.0860014 0.187002
vn -0.986761 0.0439762 0.156104
f 1056/915/742 1057/916/743 1050/906/730

vn 0.986761 0.0439762 0.156104
f 1057/916/744 1056/915/741 1046/906/724

v 0.238421 0.38108 0.0128802
vt 0.0861989 0.186299
vn 0.986761 0.071181 0.145725
f 1058/917/745 1057/916/744 1046/906/724

vn -0.986761 0.071181 0.145725
f 1057/916/743 1058/917/746 1050/906/730

v 0.238421 0.382027 0.0123074
vt 0.0864752 0.185662
vn -0.986761 0.0960914 0.130648
f 1058/917/746 1059/918/747 1050/906/730

vn 0.986761 0.0960914 0.130648
f 1059/918/748 1058/917/745 1046/906/724

vn 0.986694 0.114094 0.115838
v 0.238421 0.382855 0.0115746
vt 0.0868214 0.185111
f 1048/908/749 1060/919/749 1059/918/748 1046/906/724 

vn 0.98666 0.12222 0.107539
v 0.238421 0.384173 0.0101289
vt 0.0874986 0.184243
vn 0.986656 0.120323 0.109694
f 1045/905/750 1061/920/750 1060/919/749 1048/908/749 1042/902/751 

vn 0.98666 0.125937 0.103161
v 0.238421 0.385439 0.00863768
vt 0.0881954 0.183411
f 1044/904/752 1062/921/752 1061/920/750 1045/905/750 

vn 0.98666 0.129497 0.0986557
v 0.238421 0.386652 0.00710269
vt 0.0889108 0.182618
vn 0.986656 0.127756 0.100939
f 1041/901/753 1063/922/753 1062/921/752 1044/904/752 1038/898/754 

vn 0.98666 0.132896 0.0940272
v 0.238421 0.38781 0.00552588
vt 0.0896441 0.181864
f 1040/900/755 1064/923/755 1063/922/753 1041/901/753 

vn 0.986645 0.133271 0.0936473
v 0.238421 0.388912 0.00390921
vt 0.0903944 0.18115
vn 0.986655 0.134753 0.0913945
vn 0.986656 0.134554 0.0916826
f 1037/897/756 1065/924/757 1064/923/755 1040/900/755 1032/892/758 

vn 0.986655 0.134853 0.0912505
f 1036/896/759 1065/924/757 1037/897/756

vn 0.986658 0.138454 0.0856563
v 0.238421 0.389956 0.0022547
vt 0.0911606 0.180477
vn 0.986659 0.139197 0.0844276
f 1035/895/760 1066/925/761 1065/924/757 1036/896/759 

vn 0.986659 0.139938 0.0831975
f 1034/894/762 1066/925/761 1035/895/760

vn 0.986665 0.142785 0.0781294
v 0.238421 0.39094 0.000564408
vt 0.0919418 0.179846
vn 0.986656 0.140682 0.0819696
f 1031/891/763 1067/926/763 1066/925/761 1034/894/762 1029/889/764 

v 0.238421 0.396043 -0.00938679
vt 0.096528 0.17661
vn 0.986673 0.147382 0.0689585
vn 0.986656 0.144885 0.0742876
f 1068/927/765 1067/926/763 1031/891/763 1027/887/766 1024/884/766 1026/886/765 

vn -0.986665 0.142785 0.0781294
vn -0.986673 0.147382 0.0689585
v 0.236002 0.382754 -0.0156045
v 0.236167 0.382081 -0.0120967
vn -0.986656 0.144885 0.0742876
v 0.236346 0.381454 -0.008494
v 0.236533 0.380897 -0.00493106
f 1067/926/767 1068/927/768 1069/886/768 1070/884/769 1071/887/769 1072/891/767 

v 0.238421 0.400413 -0.0196806
vt 0.101255 0.17389
vn -0.986673 0.151978 0.0581315
v 0.235641 0.384665 -0.0257041
v 0.235746 0.384003 -0.0225169
vn -0.986656 0.149873 0.063627
v 0.235868 0.383355 -0.0191002
v 0.236001 0.382758 -0.0156328
f 1073/928/770 1074/879/770 1075/877/771 1076/880/771 1077/882/771 1069/886/768 1068/927/768 

v 0.238421 0.404028 -0.0302632
vt 0.106098 0.1717
vn -0.986673 0.155781 0.0470007
v 0.235372 0.386322 -0.0356051
v 0.2354 0.38618 -0.0346509
vn -0.986656 0.154078 0.052634
v 0.235628 0.384748 -0.0261905
f 1078/929/772 1079/874/772 1080/872/773 1081/875/773 1074/879/770 1073/928/770 

v 0.238421 0.406869 -0.0410792
vt 0.111031 0.170051
vn -0.986673 0.158769 0.0356244
v 0.23513 0.387397 -0.0454483
v 0.235183 0.387216 -0.0435146
vn -0.986656 0.157478 0.0413659
f 1082/930/774 1083/871/774 1084/869/775 1079/874/772 1078/929/772 

v 0.238421 0.408921 -0.0520723
vt 0.11603 0.168951
vn -0.986673 0.160928 0.0240619
v 0.234917 0.387905 -0.0552147
v 0.234983 0.387799 -0.0524513
vn -0.986656 0.160055 0.0298816
f 1085/931/776 1086/868/776 1087/866/777 1083/871/774 1082/930/774 

v 0.238421 0.410174 -0.0631849
vt 0.121067 0.168408
vn -0.986673 0.162246 0.0123736
v 0.234731 0.38786 -0.0648867
v 0.234804 0.387919 -0.0614341
vn -0.986656 0.161795 0.0182412
f 1088/932/778 1089/865/778 1090/863/779 1086/868/776 1085/931/776 

v 0.238421 0.410621 -0.074359
vt 0.126117 0.168423
vn -0.986673 0.162716 0.0006207
v 0.234572 0.387277 -0.0744481
v 0.234646 0.387566 -0.0704351
vn -0.986656 0.16269 0.00650554
f 1091/933/780 1092/862/780 1093/860/781 1089/865/778 1088/932/778 

v 0.238421 0.41026 -0.0855362
vt 0.131153 0.168996
vn -0.986673 0.162335 -0.0111354
v 0.234439 0.386167 -0.0838835
v 0.234509 0.386737 -0.0794255
vn -0.986656 0.162735 -0.00526416
f 1094/934/782 1095/859/782 1096/857/783 1092/862/780 1091/933/780 

v 0.238421 0.409092 -0.096658
vt 0.136149 0.170124
vn -0.986673 0.161107 -0.0228334
v 0.234332 0.384542 -0.0931786
v 0.234395 0.385427 -0.0883762
vn -0.986656 0.16193 -0.0170064
f 1097/935/784 1098/856/784 1099/854/785 1095/859/782 1094/934/782 

v 0.238421 0.407123 -0.107666
vt 0.141078 0.171803
vn -0.986673 0.159036 -0.0344121
v 0.234252 0.382411 -0.102319
v 0.234304 0.383636 -0.0972574
vn -0.986656 0.160278 -0.0286597
f 1100/936/786 1101/853/786 1102/851/787 1098/856/784 1097/935/784 

v 0.238421 0.404365 -0.118504
vt 0.145916 0.174021
vn -0.986673 0.156135 -0.0458109
v 0.234197 0.379785 -0.111292
v 0.234236 0.381367 -0.10604
vn -0.986656 0.157789 -0.0401632
f 1103/937/788 1104/850/788 1105/848/789 1101/853/786 1100/936/786 

v 0.238421 0.40083 -0.129114
vt 0.150636 0.176769
vn -0.986731 0.149718 -0.0628248
v 0.234172 0.37702 -0.119122
v 0.234193 0.378625 -0.114693
vn -0.986656 0.154475 -0.0514569
f 1106/938/790 1107/847/790 1108/844/791 1104/850/788 1103/937/788 

v 0.238421 0.399008 -0.132675
vt 0.152208 0.178131
vn -0.986681 0.147928 -0.067658
v 0.234198 0.375714 -0.122021
f 1109/939/792 1110/846/792 1107/847/790 1106/938/790 

v 0.238421 0.397506 -0.136382
vt 0.153852 0.179276
vn -0.986681 0.153312 -0.0543662
v 0.234181 0.373265 -0.127786
v 0.2342 0.375177 -0.123365
vn -0.986656 0.150909 -0.0611293
f 1111/940/793 1112/843/793 1113/841/794 1110/846/792 1109/939/792 

v 0.238421 0.396336 -0.140208
vt 0.155556 0.180194
vn -0.986681 0.157505 -0.0406519
v 0.234145 0.371218 -0.133725
v 0.234144 0.371348 -0.133286
vn -0.986656 0.155707 -0.0476003
v 0.234166 0.372779 -0.129061
f 1114/941/795 1115/838/795 1116/836/796 1117/839/796 1112/843/793 1111/940/793 

v 0.238421 0.395508 -0.144121
vt 0.157306 0.180879
vn -0.986681 0.160473 -0.0266216
v 0.234121 0.369778 -0.139853
v 0.234121 0.370251 -0.137599
vn -0.986656 0.159294 -0.0337014
f 1118/942/797 1119/835/797 1120/833/798 1115/838/795 1114/941/795 

v 0.238421 0.395028 -0.148093
vt 0.159089 0.181326
vn -0.986681 0.162194 -0.0123844
v 0.234103 0.368911 -0.146099
v 0.234106 0.369431 -0.141963
vn -0.986656 0.161643 -0.0195405
f 1121/943/799 1122/832/799 1123/830/800 1119/835/797 1118/942/797 

v 0.238421 0.3949 -0.152091
vt 0.16089 0.18153
vn -0.986681 0.162655 0.00194905
v 0.2341 0.368689 -0.152405
v 0.234093 0.368698 -0.150793
vn -0.986656 0.162736 -0.0052277
v 0.234101 0.368889 -0.146365
f 1124/944/801 1125/827/801 1126/825/802 1127/828/802 1122/832/799 1121/943/799 

v 0.238421 0.395124 -0.156085
vt 0.162696 0.181491
vn -0.986681 0.161851 0.0162674
v 0.234103 0.369064 -0.158704
v 0.234092 0.368798 -0.155222
vn -0.986656 0.162564 0.00912571
f 1128/945/803 1129/824/803 1130/822/804 1125/827/801 1124/944/801 

v 0.238421 0.395699 -0.160044
vt 0.164493 0.181208
vn -0.986681 0.159789 0.0304592
v 0.234118 0.370056 -0.164932
v 0.23411 0.369875 -0.164018
vn -0.986656 0.161129 0.0234082
v 0.2341 0.369177 -0.159637
f 1131/946/805 1132/819/805 1133/817/806 1134/820/806 1129/824/803 1128/945/803 

v 0.238421 0.396621 -0.163936
vt 0.166267 0.180685
vn -0.986681 0.156485 0.0444144
v 0.234143 0.371655 -0.171022
v 0.234122 0.370891 -0.168341
vn -0.986656 0.158441 0.0375087
f 1135/947/807 1136/816/807 1137/814/808 1132/819/805 1131/946/805 

v 0.238421 0.397882 -0.167733
vt 0.168003 0.179924
vn -0.986681 0.151965 0.0580243
v 0.234173 0.373806 -0.176925
v 0.234143 0.372181 -0.1726
vn -0.986656 0.154522 0.0513177
f 1138/948/809 1139/813/809 1140/811/810 1136/816/807 1135/947/807 

v 0.238421 0.399472 -0.171403
vt 0.16969 0.178932
vn -0.986681 0.146264 0.0711832
v 0.234166 0.376262 -0.182699
v 0.234172 0.374143 -0.177713
vn -0.986656 0.149401 0.0647279
f 1141/949/811 1142/810/811 1143/808/812 1139/813/809 1138/948/809 

v 0.238421 0.401379 -0.174919
vt 0.171312 0.177716
vn -0.986656 0.143122 0.07763
v 0.234098 0.378348 -0.187412
v 0.234154 0.376881 -0.183993
vn -0.986656 0.14312 0.0776349
f 1144/950/813 1145/807/813 1146/805/814 1142/810/811 1141/949/811 

v 0.238421 0.405684 -0.182857
vt 0.174975 0.174973
vn -0.986681 0.146274 0.0711628
v 0.233954 0.381315 -0.194712
v 0.234034 0.380008 -0.191282
vn -0.986656 0.143125 0.077625
f 1147/951/815 1148/804/815 1149/802/816 1145/807/813 1144/950/813 

v 0.238421 0.409272 -0.191143
vt 0.178781 0.172735
vn -0.986681 0.151981 0.0579821
v 0.233841 0.383315 -0.201046
v 0.23389 0.382681 -0.198834
vn -0.986656 0.149415 0.0646969
f 1150/952/817 1151/801/817 1152/799/818 1148/804/815 1147/951/815 

v 0.238421 0.412115 -0.199714
vt 0.182702 0.171019
vn -0.986681 0.156503 0.0443493
v 0.233743 0.384814 -0.20745
v 0.23376 0.384659 -0.206658
vn -0.986656 0.154539 0.0512643
f 1153/953/819 1154/798/819 1155/795/820 1151/801/817 1150/952/817 

v 0.238421 0.414191 -0.208502
vt 0.186706 0.16984
vn -0.986681 0.159805 0.0303707
v 0.233655 0.385788 -0.2139
f 1156/954/821 1157/797/821 1154/798/819 1153/953/819 

v 0.238421 0.415484 -0.217439
vt 0.190762 0.169206
vn -0.986681 0.161861 0.0161553
v 0.233576 0.38624 -0.220357
v 0.23365 0.385872 -0.214685
vn -0.986656 0.161143 0.0233079
f 1158/955/822 1159/794/822 1160/792/823 1157/797/821 1156/954/821 

v 0.238421 0.415983 -0.226455
vt 0.194839 0.169122
vn -0.986681 0.162656 0.00181402
v 0.233513 0.38621 -0.226787
v 0.233562 0.386291 -0.222832
vn -0.986656 0.162571 0.009002
f 1161/956/824 1162/791/824 1163/789/825 1159/794/822 1158/955/822 

v 0.238421 0.415685 -0.23548
vt 0.198905 0.169589
vn -0.986681 0.162182 -0.0125414
v 0.233465 0.38571 -0.233162
v 0.233491 0.385937 -0.231015
vn -0.986656 0.162732 -0.00537405
f 1164/957/826 1165/788/826 1166/786/827 1162/791/824 1161/956/824 

v 0.238421 0.414592 -0.244443
vt 0.202929 0.170603
vn -0.986681 0.160443 -0.0267991
v 0.233433 0.384749 -0.239458
v 0.233437 0.384807 -0.239154
vn -0.986656 0.161623 -0.0197082
f 1167/958/828 1168/785/828 1169/782/829 1165/788/826 1164/957/826 

v 0.238421 0.412713 -0.253275
vt 0.206878 0.172157
vn -0.986681 0.157453 -0.0408479
v 0.233407 0.383271 -0.245637
f 1170/959/830 1171/784/830 1168/785/828 1167/958/828 

v 0.238421 0.410061 -0.261907
vt 0.210722 0.174238
vn -0.986681 0.153236 -0.0545781
v 0.233395 0.381339 -0.251677
v 0.233412 0.382839 -0.247147
vn -0.986656 0.155644 -0.0478049
f 1172/960/831 1173/781/831 1174/779/832 1171/784/830 1170/959/830 

v 0.238421 0.406659 -0.270271
vt 0.214432 0.17683
vn -0.986681 0.147824 -0.0678828
v 0.233399 0.378974 -0.257558
v 0.233408 0.380105 -0.254918
vn -0.986656 0.15082 -0.0613485
f 1175/961/833 1176/778/833 1177/776/834 1173/781/831 1172/960/831 

v 0.238421 0.402532 -0.278303
vt 0.217977 0.179912
vn -0.98669 0.140636 -0.0816342
v 0.23342 0.376285 -0.263067
v 0.233422 0.376645 -0.262391
vn -0.986656 0.144821 -0.0744137
f 1178/962/835 1179/775/835 1180/772/836 1176/778/833 1175/961/833 

v 0.238421 0.400245 -0.281816
vt 0.219519 0.181594
vn -0.986694 0.14086 -0.0811957
v 0.233445 0.374081 -0.266734
f 1181/963/837 1182/774/837 1179/775/835 1178/962/835 

v 0.238421 0.398352 -0.285556
vt 0.22117 0.18301
vn -0.986694 0.148831 -0.0654492
v 0.233426 0.370602 -0.273353
v 0.23344 0.373225 -0.268351
vn -0.986656 0.145268 -0.0735362
f 1183/964/838 1184/771/838 1185/769/839 1182/774/837 1181/963/837 

v 0.238421 0.396875 -0.289479
vt 0.222912 0.184143
vn -0.986694 0.155049 -0.0489313
v 0.233396 0.36779 -0.2803
v 0.233393 0.367974 -0.279765
vn -0.986656 0.152383 -0.057357
v 0.233411 0.37005 -0.274561
f 1186/965/840 1187/766/840 1188/764/841 1189/767/841 1184/771/838 1183/964/838 

v 0.238421 0.395832 -0.293539
vt 0.224725 0.184981
vn -0.986694 0.159439 -0.0318369
v 0.233385 0.365858 -0.287553
v 0.233375 0.366418 -0.285136
vn -0.986656 0.157702 -0.0405019
f 1190/966/842 1191/763/842 1192/761/843 1187/766/840 1186/965/840 

v 0.238421 0.395236 -0.297688
vt 0.226585 0.185513
vn -0.986694 0.161951 -0.0143674
v 0.233383 0.364776 -0.294986
v 0.233369 0.365323 -0.290612
vn -0.986656 0.161163 -0.0231695
f 1193/967/844 1194/760/844 1195/758/845 1191/763/842 1190/966/842 

v 0.238421 0.395092 -0.301877
vt 0.228473 0.185733
vn -0.986694 0.162554 0.00327151
v 0.233395 0.364597 -0.302491
v 0.233388 0.364576 -0.301749
vn -0.986656 0.162725 -0.00556409
v 0.233376 0.364694 -0.296161
f 1196/968/846 1197/755/846 1198/753/847 1199/756/847 1194/760/844 1193/967/844 

v 0.238421 0.395404 -0.306058
vt 0.230365 0.185639
vn -0.986694 0.161241 0.0208718
v 0.233426 0.36534 -0.309949
v 0.233402 0.364995 -0.307331
vn -0.986656 0.16237 0.0121069
f 1200/969/848 1201/752/848 1202/750/849 1197/755/846 1196/968/846 

v 0.238421 0.396167 -0.310179
vt 0.232239 0.185231
vn -0.986694 0.158029 0.0382262
v 0.233465 0.366933 -0.317251
v 0.233427 0.365888 -0.312871
vn -0.986656 0.160101 0.0296352
f 1203/970/850 1204/749/850 1205/747/851 1201/752/848 1200/969/848 

v 0.238421 0.397372 -0.314194
vt 0.234073 0.184515
vn -0.986694 0.152954 0.0551301
v 0.233518 0.369377 -0.324285
v 0.233508 0.369128 -0.323673
vn -0.986656 0.155945 0.0468143
v 0.233465 0.367255 -0.318335
f 1206/971/852 1207/744/852 1208/742/853 1209/745/853 1204/749/850 1203/970/850 

v 0.238421 0.399006 -0.318055
vt 0.235845 0.183499
vn -0.986694 0.146078 0.0713844
v 0.233587 0.372644 -0.330937
v 0.233551 0.37152 -0.328829
vn -0.986656 0.149952 0.0634417
f 1210/972/854 1211/741/854 1212/739/855 1207/744/852 1206/971/852 

v 0.238421 0.401048 -0.321716
vt 0.237536 0.182194
vn -0.986694 0.137479 0.0867975
v 0.233627 0.376447 -0.337247
v 0.233615 0.375178 -0.335128
vn -0.986656 0.142192 0.0793216
f 1213/973/856 1214/738/856 1215/736/857 1211/741/854 1210/972/854 

v 0.238421 0.403475 -0.325133
vt 0.239124 0.180617
vn -0.986656 0.132564 0.0945362
v 0.2336 0.379689 -0.342096
v 0.233606 0.379482 -0.341748
vn -0.986656 0.132756 0.0942667
f 1216/974/858 1217/735/858 1218/732/859 1214/738/856 1213/973/856 

v 0.238421 0.409099 -0.332986
vt 0.242773 0.17696
vn -0.986689 0.136798 0.0879305
v 0.233486 0.383906 -0.349179
f 1219/975/860 1220/734/860 1217/735/858 1216/974/858 

v 0.238421 0.413907 -0.341363
vt 0.246643 0.173882
vn -0.986689 0.144928 0.0737652
v 0.233393 0.386715 -0.355204
v 0.233481 0.384324 -0.349967
vn -0.986656 0.141214 0.0810496
f 1221/976/861 1222/731/861 1223/729/862 1220/734/860 1219/975/860 

v 0.238421 0.417851 -0.350181
vt 0.250696 0.171414
vn -0.986689 0.151596 0.0588559
v 0.23332 0.388998 -0.361382
v 0.233366 0.388142 -0.358796
vn -0.986656 0.148632 0.066476
f 1224/977/863 1225/728/863 1226/725/864 1222/731/861 1221/976/861 

v 0.238421 0.42089 -0.359349
vt 0.25489 0.16958
vn -0.986689 0.156735 0.0433529
v 0.233266 0.39074 -0.367688
f 1227/978/865 1228/727/865 1225/728/863 1224/977/863 

v 0.238421 0.422994 -0.368776
vt 0.259183 0.1684
vn -0.986689 0.160293 0.0274126
v 0.233207 0.391807 -0.37411
v 0.233266 0.390833 -0.368104
vn -0.986656 0.15891 0.035471
f 1229/979/866 1230/724/866 1231/722/867 1228/727/865 1227/978/865 

v 0.238421 0.424142 -0.378367
vt 0.263532 0.167884
vn -0.986689 0.162234 0.0111957
v 0.23317 0.392357 -0.38056
v 0.233202 0.39221 -0.377743
vn -0.986656 0.161666 0.0193523
f 1232/980/868 1233/721/868 1234/718/869 1230/724/866 1229/979/866 

v 0.238421 0.424322 -0.388024
vt 0.267892 0.168039
vn -0.986689 0.162539 -0.00513401
v 0.233152 0.392369 -0.387015
f 1235/981/870 1236/720/870 1233/721/868 1232/980/868 

v 0.238421 0.423533 -0.397651
vt 0.27222 0.168863
vn -0.986689 0.161204 -0.021412
v 0.233131 0.391711 -0.393424
v 0.233155 0.392345 -0.387513
vn -0.986656 0.162276 -0.0133061
f 1237/982/871 1238/717/871 1239/715/872 1236/720/870 1235/981/870 

v 0.238421 0.421782 -0.40715
vt 0.276473 0.170348
vn -0.986689 0.158244 -0.037474
v 0.233133 0.390556 -0.399755
v 0.233147 0.39111 -0.397222
vn -0.986656 0.160123 -0.0295164
f 1240/983/873 1241/714/873 1242/711/874 1238/717/871 1237/982/871 

v 0.238421 0.419087 -0.416425
vt 0.280607 0.172477
vn -0.986689 0.153687 -0.053158
v 0.233151 0.388864 -0.405971
f 1243/984/875 1244/713/875 1241/714/873 1240/983/873 

v 0.238421 0.415475 -0.425383
vt 0.28458 0.175231
vn -0.986689 0.147579 -0.0683058
v 0.233167 0.386545 -0.411993
v 0.233159 0.388629 -0.406689
vn -0.986656 0.151009 -0.0608834
f 1245/985/876 1246/710/876 1247/708/877 1244/713/875 1243/984/875 

v 0.238421 0.410983 -0.433934
vt 0.288353 0.178581
vn -0.986666 0.141926 -0.0796718
v 0.233207 0.383421 -0.418462
v 0.233207 0.384868 -0.415704
vn -0.986656 0.14414 -0.0757236
f 1248/986/878 1249/707/878 1250/704/879 1246/710/876 1245/985/876 

v 0.238421 0.408068 -0.438804
vt 0.290495 0.180735
vn -0.986695 0.143892 -0.075677
v 0.233238 0.380226 -0.424162
f 1251/987/880 1252/706/880 1249/707/878 1248/986/878 

v 0.238421 0.405707 -0.443966
vt 0.292779 0.182515
vn -0.986695 0.151349 -0.0593756
v 0.233108 0.375686 -0.432189
v 0.233116 0.375936 -0.431768
vn -0.986656 0.148065 -0.0677294
v 0.233238 0.380186 -0.424243
f 1253/988/881 1254/701/881 1255/699/882 1256/702/882 1252/706/880 1251/987/880 

v 0.238421 0.403928 -0.449356
vt 0.295178 0.1839
vn -0.986695 0.156966 -0.0423524
v 0.232979 0.37204 -0.440752
v 0.23298 0.37237 -0.439775
vn -0.986656 0.154621 -0.051017
v 0.232982 0.372642 -0.438992
v 0.232985 0.372848 -0.438421
v 0.232989 0.373062 -0.437852
v 0.232995 0.373285 -0.437285
v 0.233002 0.373515 -0.43672
v 0.23301 0.373754 -0.436156
v 0.23302 0.374001 -0.435593
v 0.233031 0.374257 -0.435032
v 0.233043 0.374522 -0.434471
v 0.233057 0.374796 -0.433911
v 0.233073 0.375079 -0.433351
f 1257/989/883 1258/676/883 1259/674/884 1260/677/884 1261/679/884 1262/681/884 1263/683/884 1264/685/884 1265/687/884 1266/689/884 1267/691/884 1268/693/884 1269/695/884 1270/697/884 1254/701/881 1253/988/881 

v 0.238421 0.402754 -0.454909
vt 0.297661 0.184871
vn -0.986695 0.160674 -0.0248143
v 0.232956 0.369972 -0.449847
v 0.232948 0.370555 -0.446853
vn -0.986656 0.159298 -0.0336844
v 0.232968 0.371753 -0.441783
f 1271/990/885 1272/671/885 1273/669/886 1274/672/886 1258/676/883 1257/989/883 

v 0.238421 0.402198 -0.460558
vt 0.300199 0.185419
vn -0.986695 0.16243 -0.00697453
v 0.232955 0.369056 -0.459135
v 0.232942 0.369171 -0.457157
vn -0.986656 0.162038 -0.0159422
v 0.232942 0.369678 -0.451981
f 1275/991/887 1276/666/887 1277/664/888 1278/667/888 1272/671/885 1271/990/885 

v 0.238421 0.402268 -0.466234
vt 0.302761 0.185535
vn -0.986695 0.16221 0.01095
v 0.232978 0.369306 -0.468459
v 0.232968 0.369238 -0.467564
vn -0.986656 0.162808 0.00199373
v 0.232947 0.369047 -0.462358
f 1279/992/889 1280/661/889 1281/659/890 1282/662/890 1276/666/887 1275/991/887 

v 0.238421 0.402962 -0.471867
vt 0.305316 0.185219
vn -0.986695 0.160019 0.0287415
v 0.233024 0.370722 -0.477658
v 0.232984 0.369873 -0.472744
vn -0.986656 0.161599 0.0199055
f 1283/993/891 1284/658/891 1285/656/892 1280/661/889 1279/992/889 

v 0.238421 0.404272 -0.47739
vt 0.307832 0.184474
vn -0.986695 0.155882 0.0461835
v 0.233097 0.373292 -0.486568
v 0.233052 0.372156 -0.482966
vn -0.986656 0.158425 0.0375752
v 0.233024 0.370778 -0.477901
f 1286/994/893 1287/653/893 1288/651/894 1289/654/894 1284/658/891 1283/993/891 

v 0.238421 0.406182 -0.482735
vt 0.31028 0.18331
vn -0.986695 0.14985 0.0630641
v 0.233194 0.376942 -0.49504
v 0.233149 0.375802 -0.492657
vn -0.986656 0.153325 0.0547881
v 0.233102 0.37382 -0.487971
f 1290/995/895 1291/648/895 1292/646/896 1293/649/896 1287/653/893 1286/994/893 

v 0.238421 0.408668 -0.487837
vt 0.312629 0.18174
vn -0.986695 0.141996 0.079178
v 0.233241 0.381211 -0.503148
v 0.233243 0.379908 -0.500454
vn -0.986656 0.146362 0.071335
f 1294/996/897 1295/645/897 1296/643/898 1291/648/895 1290/995/895 

v 0.238421 0.411702 -0.492634
vt 0.31485 0.179784
vn -0.986695 0.132416 0.0943293
v 0.233151 0.385649 -0.511194
v 0.233156 0.385529 -0.510948
vn -0.986656 0.137619 0.0870146
f 1297/997/899 1298/642/899 1299/639/900 1295/645/897 1294/996/897 

v 0.238421 0.415245 -0.497069
vt 0.316918 0.177465
vn -0.986681 0.131406 0.095882
v 0.232987 0.388616 -0.516499
f 1300/998/901 1301/641/901 1298/642/899 1297/997/899 

v 0.238421 0.421538 -0.506538
vt 0.321309 0.173393
vn -0.986691 0.139905 0.0828725
v 0.232803 0.392205 -0.523913
v 0.232872 0.391213 -0.521663
vn -0.986656 0.135604 0.0901228
f 1302/999/902 1303/638/902 1304/635/903 1301/641/901 1300/998/901 

v 0.238421 0.426819 -0.516607
vt 0.325952 0.170037
vn -0.986691 0.147725 0.0679602
v 0.232648 0.394994 -0.531248
f 1305/1000/904 1306/637/904 1303/638/902 1302/999/902 

v 0.238421 0.431029 -0.527169
vt 0.330797 0.167435
vn -0.986691 0.153961 0.0523192
v 0.232513 0.397086 -0.538703
v 0.232626 0.395596 -0.533115
vn -0.986656 0.151243 0.0602992
f 1307/1001/905 1308/634/905 1309/632/906 1306/637/904 1305/1000/904 

v 0.238421 0.434125 -0.538109
vt 0.335791 0.165614
vn -0.986691 0.158546 0.0361172
v 0.23242 0.398619 -0.546197
v 0.232441 0.39845 -0.545135
vn -0.986656 0.156668 0.0443355
f 1310/1002/907 1311/631/907 1312/628/908 1308/634/905 1307/1001/905 

v 0.238421 0.436073 -0.54931
vt 0.340882 0.164593
vn -0.986691 0.161431 0.0195279
v 0.232338 0.399424 -0.553744
f 1313/1003/909 1314/630/909 1311/631/907 1310/1002/907 

v 0.238421 0.436852 -0.560653
vt 0.346014 0.164383
vn -0.986691 0.162585 0.00272914
v 0.232288 0.399642 -0.561278
v 0.232329 0.399628 -0.557493
vn -0.986656 0.162437 0.011158
f 1315/1004/910 1316/627/910 1317/624/911 1314/630/909 1313/1003/909 

v 0.238421 0.436454 -0.572016
vt 0.351133 0.164987
vn -0.986691 0.161995 -0.0140988
v 0.232272 0.399279 -0.568781
f 1318/1005/912 1319/626/912 1316/627/910 1315/1004/910 

v 0.238421 0.434883 -0.583277
vt 0.356184 0.166397
vn -0.986691 0.159669 -0.0307757
v 0.232266 0.398209 -0.576208
v 0.232279 0.399164 -0.569933
vn -0.986656 0.161259 -0.0224968
f 1320/1006/913 1321/623/913 1322/621/914 1319/626/912 1318/1005/912 

v 0.238421 0.432156 -0.594315
vt 0.361112 0.1686
vn -0.986691 0.15563 -0.0471225
v 0.232303 0.396626 -0.583557
v 0.232306 0.396979 -0.582194
vn -0.986656 0.158068 -0.0390524
f 1323/1007/915 1324/620/915 1325/617/916 1321/623/913 1320/1006/913 

v 0.238421 0.428302 -0.605012
vt 0.365865 0.171572
vn -0.986691 0.149923 -0.062964
v 0.232354 0.394356 -0.590755
f 1326/1008/917 1327/619/917 1324/620/915 1323/1007/915 

v 0.238421 0.423363 -0.615252
vt 0.370392 0.175279
vn -0.986691 0.142608 -0.0781303
v 0.232435 0.391504 -0.597798
v 0.232407 0.39314 -0.594014
vn -0.986656 0.146653 -0.0707342
f 1328/1009/918 1329/616/918 1330/614/919 1327/619/917 1326/1008/917 

v 0.238421 0.417391 -0.624928
vt 0.374645 0.179684
vn -0.986705 0.143286 -0.0766931
v 0.232585 0.386152 -0.608207
v 0.232561 0.387842 -0.605191
vn -0.986656 0.138552 -0.0855208
f 1331/1010/920 1332/613/920 1333/610/921 1329/616/918 1328/1009/918 

v 0.238421 0.415427 -0.629212
vt 0.37654 0.181164
vn -0.986686 0.150911 -0.0606402
v 0.232558 0.38242 -0.615949
f 1334/1011/922 1335/612/922 1332/613/920 1331/1010/920 

v 0.238421 0.413881 -0.633664
vt 0.37852 0.182361
vn -0.986686 0.156011 -0.0459572
v 0.232412 0.378908 -0.623362
v 0.232415 0.379174 -0.622656
vn -0.986656 0.153808 -0.053419
v 0.232555 0.382325 -0.616172
f 1336/1012/923 1337/607/923 1338/605/924 1339/608/924 1335/612/922 1334/1011/922 

v 0.238421 0.412766 -0.638243
vt 0.380565 0.183263
vn -0.986686 0.159686 -0.0308544
v 0.232357 0.376641 -0.631263
v 0.232355 0.376844 -0.630397
vn -0.986656 0.158205 -0.0384925
v 0.232382 0.378167 -0.625647
f 1340/1013/925 1341/602/925 1342/600/926 1343/603/926 1337/607/923 1336/1012/923 

v 0.238421 0.412094 -0.642908
vt 0.382657 0.183862
vn -0.986686 0.161902 -0.0154698
v 0.232333 0.375326 -0.639395
v 0.232331 0.375913 -0.635226
vn -0.986656 0.161157 -0.0232144
f 1344/1014/927 1345/599/927 1346/597/928 1341/602/925 1340/1013/925 

v 0.238421 0.411871 -0.647616
vt 0.384777 0.184153
vn -0.986686 0.162639 5.60204e-05
v 0.232343 0.374994 -0.647629
v 0.232326 0.375016 -0.644991
vn -0.986656 0.162637 -0.00772432
v 0.232328 0.375262 -0.64009
f 1347/1015/929 1348/594/929 1349/592/930 1350/595/930 1345/599/927 1344/1014/927 

v 0.238421 0.412098 -0.652324
vt 0.386905 0.184133
vn -0.986686 0.161891 0.0155814
v 0.23238 0.375612 -0.655835
v 0.232367 0.375485 -0.654807
vn -0.986656 0.162632 0.00783635
v 0.23234 0.375084 -0.649901
f 1351/1016/931 1352/589/931 1353/587/932 1354/590/932 1348/594/929 1347/1015/929 

v 0.238421 0.412773 -0.656988
vt 0.389022 0.183801
vn -0.986686 0.159664 0.0309644
v 0.232447 0.377188 -0.663889
v 0.232397 0.376277 -0.659681
vn -0.986656 0.161141 0.0233254
f 1355/1017/933 1356/586/933 1357/584/934 1352/589/931 1351/1016/931 

v 0.238421 0.41389 -0.661567
vt 0.391109 0.183162
vn -0.986686 0.155979 0.0460646
v 0.232545 0.3797 -0.671664
v 0.232501 0.378848 -0.669292
vn -0.986656 0.158178 0.0386015
v 0.232449 0.377359 -0.664528
f 1358/1018/935 1359/581/935 1360/579/936 1361/582/936 1356/586/933 1355/1017/933 

v 0.238421 0.41544 -0.666018
vt 0.393146 0.182221
vn -0.986686 0.15087 0.0607441
v 0.232661 0.383022 -0.67907
v 0.232569 0.380661 -0.673984
vn -0.986656 0.153771 0.053525
f 1362/1019/937 1363/578/937 1364/576/938 1359/581/935 1358/1018/935 

v 0.238421 0.417407 -0.670301
vt 0.395116 0.180986
vn -0.986686 0.144382 0.0748688
v 0.232728 0.386745 -0.6862
v 0.232669 0.383478 -0.679942
vn -0.986656 0.147959 0.0679596
f 1365/1020/939 1366/575/939 1367/573/940 1363/578/937 1362/1019/937 

v 0.238421 0.419774 -0.674377
vt 0.396999 0.17947
vn -0.986686 0.136576 0.0883097
v 0.23268 0.390523 -0.69329
v 0.232729 0.387212 -0.686999
vn -0.986656 0.140796 0.0817735
f 1368/1021/941 1369/572/941 1370/570/942 1366/575/939 1365/1020/939 

v 0.238421 0.422519 -0.678208
vt 0.39878 0.177685
vn -0.986689 0.136767 0.0879789
v 0.232595 0.392788 -0.697333
v 0.232644 0.391739 -0.695356
vn -0.986656 0.132347 0.0948405
f 1371/1022/943 1372/569/943 1373/567/944 1369/572/941 1368/1021/941 

v 0.238421 0.429069 -0.689608
vt 0.404047 0.173491
vn -0.986684 0.144644 0.0743832
v 0.232443 0.396816 -0.706194
v 0.232493 0.395907 -0.704002
vn -0.986656 0.141178 0.0811115
f 1374/1023/945 1375/566/945 1376/564/946 1372/569/943 1371/1022/943 

v 0.238421 0.434532 -0.701567
vt 0.409546 0.170064
vn -0.986684 0.150926 0.0606297
v 0.232293 0.400032 -0.715426
v 0.232344 0.399297 -0.713066
vn -0.986656 0.148101 0.0676507
f 1377/1024/947 1378/563/947 1379/561/948 1375/566/945 1374/1023/945 

v 0.238421 0.438861 -0.713982
vt 0.415229 0.167434
vn -0.986684 0.155904 0.0463522
v 0.232147 0.402377 -0.724829
v 0.232197 0.401873 -0.722475
vn -0.986656 0.153743 0.0536052
f 1380/1025/949 1381/560/949 1382/558/950 1378/563/947 1377/1024/947 

v 0.238421 0.442018 -0.726746
vt 0.421047 0.165623
vn -0.986684 0.159535 0.0316741
v 0.232008 0.403854 -0.734323
v 0.232052 0.403593 -0.732157
vn -0.986656 0.158057 0.0390965
f 1383/1026/951 1384/557/951 1385/555/952 1381/560/949 1380/1025/949 

v 0.238421 0.443976 -0.739747
vt 0.42695 0.164647
vn -0.986684 0.161787 0.0167223
v 0.231875 0.404473 -0.74383
v 0.231911 0.404421 -0.742031
vn -0.986656 0.161004 0.0242499
f 1386/1027/953 1387/554/953 1388/552/954 1384/557/951 1383/1026/951 

v 0.238421 0.444718 -0.752874
vt 0.432887 0.164514
vn -0.986684 0.162641 0.00162601
v 0.23175 0.404251 -0.753279
v 0.231775 0.404329 -0.75201
vn -0.986656 0.16256 0.00919377
f 1389/1028/955 1390/551/955 1391/549/956 1387/554/953 1386/1027/953 

v 0.238421 0.444239 -0.766013
vt 0.438806 0.165226
vn -0.986684 0.162089 -0.0134844
v 0.231634 0.403207 -0.7626
v 0.231646 0.403299 -0.762005
vn -0.986656 0.162712 -0.00594185
f 1392/1029/957 1393/548/957 1394/545/958 1390/551/955 1389/1028/955 

v 0.238421 0.442541 -0.779051
vt 0.444656 0.166776
vn -0.986684 0.160136 -0.0284782
v 0.231527 0.40136 -0.771728
f 1395/1030/959 1396/547/959 1393/548/957 1392/1029/957 

v 0.238421 0.439639 -0.791875
vt 0.450387 0.169151
vn -0.986684 0.1568 -0.0432259
v 0.231424 0.398717 -0.780594
v 0.231526 0.401312 -0.771919
vn -0.986656 0.158807 -0.0359287
f 1397/1031/960 1398/544/960 1399/542/961 1396/547/959 1395/1030/959 

v 0.238421 0.43556 -0.804374
vt 0.455949 0.17233
vn -0.986684 0.152108 -0.0576001
v 0.231332 0.395339 -0.789144
v 0.23142 0.398349 -0.781643
vn -0.986656 0.154784 -0.0505207
f 1400/1032/962 1401/541/962 1402/539/963 1398/544/960 1397/1031/960 

v 0.238421 0.430337 -0.81644
vt 0.461294 0.176287
vn -0.986684 0.146102 -0.0714765
v 0.231288 0.391464 -0.797423
v 0.23129 0.391834 -0.796604
vn -0.986656 0.149424 -0.0646762
v 0.231298 0.392687 -0.794757
v 0.231309 0.393553 -0.792914
v 0.231329 0.394915 -0.790073
f 1403/1033/964 1404/532/964 1405/530/965 1406/533/965 1407/535/965 1408/537/965 1401/541/962 1400/1032/962 

v 0.238421 0.424016 -0.827969
vt 0.466376 0.180986
vn -0.986656 0.142876 -0.0780828
v 0.231378 0.386565 -0.807502
v 0.231358 0.387373 -0.805766
vn -0.986656 0.142772 -0.0782727
v 0.231338 0.388248 -0.803921
v 0.231321 0.389136 -0.802084
v 0.231306 0.390035 -0.800255
v 0.231293 0.390947 -0.798435
f 1409/1034/966 1410/521/966 1411/519/967 1412/522/967 1413/524/967 1414/526/967 1415/528/967 1404/532/964 1403/1033/964 

v 0.238421 0.421446 -0.832688
vt 0.468456 0.182897
vn -0.986687 0.146462 -0.0706902
v 0.231477 0.383501 -0.814374
v 0.231474 0.383616 -0.814123
vn -0.986656 0.142979 -0.077893
v 0.231431 0.384826 -0.811358
v 0.231404 0.385662 -0.809484
v 0.23138 0.38651 -0.80762
f 1416/1035/968 1417/512/968 1418/510/969 1419/513/969 1420/515/969 1421/517/969 1410/521/966 1409/1034/966 

v 0.238421 0.419351 -0.837636
vt 0.470649 0.184488
vn -0.986687 0.152693 -0.055973
v 0.231513 0.379999 -0.823211
v 0.231509 0.38016 -0.822764
vn -0.986656 0.149935 -0.0634828
f 1422/1036/970 1423/509/970 1424/507/971 1417/512/968 1416/1035/968 

v 0.238421 0.417751 -0.842766
vt 0.472933 0.185741
vn -0.986687 0.15745 -0.0407153
v 0.231537 0.37731 -0.832308
v 0.231519 0.378013 -0.829704
vn -0.986656 0.155442 -0.0484596
f 1425/1037/972 1426/506/972 1427/504/973 1423/509/970 1422/1036/970 

v 0.238421 0.416663 -0.848028
vt 0.475287 0.186644
vn -0.986687 0.160686 -0.0250644
v 0.231547 0.375452 -0.8416
v 0.231528 0.376336 -0.836777
vn -0.986656 0.159448 -0.0329684
f 1428/1038/974 1429/503/974 1430/501/975 1426/506/972 1425/1037/972 

v 0.238421 0.416097 -0.853371
vt 0.477687 0.18719
vn -0.986687 0.16237 -0.00917137
v 0.231544 0.374436 -0.851018
v 0.231536 0.375139 -0.843951
vn -0.986656 0.161914 -0.0171587
f 1431/1039/976 1432/500/976 1433/498/977 1429/503/974 1428/1038/974 

v 0.238421 0.416058 -0.858745
vt 0.48011 0.187373
vn -0.986687 0.162486 0.00681019
v 0.231539 0.374336 -0.860493
v 0.231531 0.374304 -0.858464
vn -0.986656 0.162816 -0.00118341
v 0.231542 0.374427 -0.851191
f 1434/1040/978 1435/495/978 1436/493/979 1437/496/979 1432/500/976 1431/1039/976 

v 0.238421 0.416547 -0.864096
vt 0.482534 0.18719
vn -0.986687 0.161033 0.022726
v 0.231521 0.375095 -0.869946
v 0.231516 0.374678 -0.865724
vn -0.986656 0.162146 0.0148033
f 1438/1041/980 1439/492/980 1440/490/981 1435/495/978 1434/1040/978 

v 0.238421 0.417558 -0.869373
vt 0.484934 0.186644
vn -0.986687 0.158025 0.0384223
v 0.231491 0.376702 -0.879307
v 0.231501 0.375539 -0.872936
vn -0.986656 0.15991 0.0306471
f 1441/1042/982 1442/489/982 1443/487/983 1439/492/980 1438/1041/980 

v 0.238421 0.419083 -0.874526
vt 0.487287 0.185741
vn -0.986687 0.15349 0.0537475
v 0.231456 0.379198 -0.888492
v 0.231454 0.378764 -0.887068
vn -0.986656 0.15613 0.046195
v 0.231484 0.37688 -0.880067
f 1444/1043/984 1445/484/984 1446/482/985 1447/485/985 1442/489/982 1441/1042/982 

v 0.238421 0.421105 -0.879504
vt 0.489572 0.184488
vn -0.986687 0.147474 0.0685537
v 0.231412 0.382544 -0.897429
v 0.231417 0.381143 -0.893902
vn -0.986656 0.150841 0.0612967
f 1448/1044/986 1449/481/986 1450/479/987 1445/484/984 1444/1043/984 

v 0.238421 0.423607 -0.884259
vt 0.491765 0.182897
vn -0.986662 0.142437 0.0788086
v 0.231384 0.386286 -0.904908
v 0.231388 0.383614 -0.899778
vn -0.986656 0.144097 0.0758064
f 1451/1045/988 1452/478/988 1453/476/989 1449/481/986 1448/1044/986 

v 0.238421 0.425165 -0.88694
vt 0.493003 0.181899
vn -0.986657 0.141436 0.0806511
v 0.23136 0.38799 -0.908138
v 0.231376 0.387308 -0.906773
vn -0.986656 0.140775 0.08181
f 1454/1046/990 1455/475/990 1456/469/991 1452/478/988 1451/1045/988 

v 0.238421 0.426678 -0.889645
vt 0.494253 0.180932
vn -0.986657 0.142739 0.0783225
v 0.231338 0.389046 -0.910295
f 1457/1047/992 1458/474/992 1455/475/990 1454/1046/990 

v 0.238421 0.428147 -0.892375
vt 0.495512 0.179997
vn -0.986657 0.144003 0.0759729
v 0.231319 0.390082 -0.912457
f 1459/1048/993 1460/473/993 1458/474/992 1457/1047/992 

v 0.238421 0.429572 -0.895129
vt 0.496781 0.179093
vn -0.986657 0.145228 0.0736029
v 0.231304 0.3911 -0.914626
f 1461/1049/994 1462/472/994 1460/473/993 1459/1048/993 

v 0.238421 0.43095 -0.897905
vt 0.49806 0.178221
vn -0.986657 0.146415 0.0712132
v 0.231292 0.392099 -0.916802
f 1463/1050/995 1464/471/995 1462/472/994 1461/1049/994 

v 0.238421 0.432283 -0.900704
vt 0.499348 0.177381
vn -0.986657 0.147562 0.0688043
v 0.231273 0.393022 -0.919011
v 0.23129 0.39239 -0.917448
vn -0.986656 0.146999 0.0700133
f 1465/1051/996 1466/468/996 1467/462/997 1464/471/995 1463/1050/995 

v 0.238421 0.43357 -0.903525
vt 0.500645 0.176574
vn -0.986657 0.14867 0.0663769
v 0.231252 0.393901 -0.921236
f 1468/1052/998 1469/467/998 1466/468/996 1465/1051/996 

v 0.238421 0.434811 -0.906366
vt 0.50195 0.1758
vn -0.986657 0.149738 0.0639317
v 0.231235 0.39476 -0.923466
f 1470/1053/999 1471/466/999 1469/467/998 1468/1052/998 

v 0.238421 0.436005 -0.909227
vt 0.503263 0.175058
vn -0.986657 0.150765 0.0614693
v 0.231221 0.395601 -0.9257
f 1472/1054/1000 1473/465/1000 1471/466/999 1470/1053/999 

v 0.238421 0.437152 -0.912107
vt 0.504585 0.174349
vn -0.986657 0.151753 0.0589904
v 0.23121 0.396422 -0.927939
f 1474/1055/1001 1475/464/1001 1473/465/1000 1472/1054/1000 

v 0.238421 0.438251 -0.915005
vt 0.505913 0.173674
vn -0.986657 0.152699 0.0564957
v 0.231192 0.397162 -0.930208
v 0.231208 0.396631 -0.928524
vn -0.986656 0.152236 0.0577469
f 1476/1056/1002 1477/461/1002 1478/458/1003 1475/464/1001 1474/1055/1001 

v 0.238421 0.439303 -0.917922
vt 0.507249 0.173032
vn -0.98666 0.154069 0.0525884
v 0.231176 0.397744 -0.932107
f 1479/1057/1004 1480/460/1004 1477/461/1002 1476/1056/1002 

v 0.238421 0.4431 -0.929706
vt 0.512637 0.170751
vn -0.986665 0.156181 0.0458262
v 0.231106 0.400551 -0.94219
v 0.231133 0.399994 -0.939934
vn -0.986656 0.154975 0.0499319
f 1481/1058/1005 1482/457/1005 1483/455/1006 1480/460/1004 1479/1057/1004 

v 0.238421 0.446272 -0.941673
vt 0.518097 0.168906
vn -0.986665 0.158373 0.0375564
v 0.231032 0.402686 -0.952009
v 0.231038 0.402609 -0.951584
vn -0.986656 0.157385 0.0417197
f 1484/1059/1007 1485/454/1007 1486/451/1008 1482/457/1005 1481/1058/1005 

v 0.238421 0.448811 -0.953791
vt 0.523612 0.167503
vn -0.986665 0.160128 0.0291828
v 0.230941 0.404198 -0.961922
f 1487/1060/1009 1488/453/1009 1485/454/1007 1484/1059/1007 

v 0.238421 0.45071 -0.966025
vt 0.529167 0.166546
vn -0.986665 0.16144 0.0207286
v 0.23084 0.405126 -0.971878
v 0.230933 0.404389 -0.963439
vn -0.986656 0.160894 0.0249727
f 1489/1061/1010 1490/450/1010 1491/448/1011 1488/453/1009 1487/1060/1009 

v 0.238421 0.451964 -0.978342
vt 0.534748 0.166037
vn -0.986665 0.162306 0.0122171
v 0.230733 0.405489 -0.981841
v 0.230816 0.405343 -0.975445
vn -0.986656 0.161984 0.0164841
f 1492/1062/1012 1493/447/1012 1494/445/1013 1490/450/1010 1489/1061/1010 

v 0.238421 0.452568 -0.990709
vt 0.540339 0.165977
vn -0.986665 0.162724 0.00367186
v 0.230621 0.405294 -0.991775
v 0.230684 0.40547 -0.987551
vn -0.986656 0.162626 0.0079499
f 1495/1063/1014 1496/444/1014 1497/442/1015 1493/447/1012 1492/1062/1012 

v 0.238421 0.452522 -1.00309
vt 0.545924 0.166367
vn -0.986665 0.162692 -0.00488353
v 0.230504 0.40455 -1.00165
v 0.230537 0.404757 -0.999707
vn -0.986656 0.162819 -0.00060625
f 1498/1064/1016 1499/441/1016 1500/438/1017 1496/444/1014 1495/1063/1014 

v 0.238421 0.451826 -1.01545
vt 0.551488 0.167206
vn -0.986665 0.162211 -0.0134254
v 0.230381 0.403252 -1.01143
f 1501/1065/1018 1502/440/1018 1499/441/1016 1498/1064/1016 

v 0.238421 0.45048 -1.02776
vt 0.557015 0.168492
vn -0.986665 0.161281 -0.0219302
v 0.230242 0.40135 -1.02108
v 0.230377 0.403183 -1.01186
vn -0.986656 0.161856 -0.0176899
f 1503/1066/1019 1504/437/1019 1505/435/1020 1502/440/1018 1501/1065/1018 

v 0.238421 0.44849 -1.03998
vt 0.56249 0.17022
vn -0.986665 0.159906 -0.0303744
v 0.2301 0.398936 -1.03056
v 0.230212 0.400703 -1.02394
vn -0.986656 0.160703 -0.0261702
f 1506/1067/1021 1507/434/1021 1508/432/1022 1504/437/1019 1503/1066/1019 

v 0.238421 0.445861 -1.05208
vt 0.567899 0.172386
vn -0.986665 0.158089 -0.0387347
v 0.229978 0.396147 -1.0399
v 0.230053 0.397826 -1.03433
vn -0.986656 0.159106 -0.0345782
f 1509/1068/1023 1510/431/1023 1511/429/1024 1507/434/1021 1506/1067/1021 

vn -0.986664 0.155932 -0.0466944
vn -0.986656 0.15707 -0.0428906
v 0.238421 0.4426 -1.06402
vt 0.573226 0.174984
f 387/64/1025 386/65/1026 1510/431/1023 1509/1068/1023 1512/1069/1025 

vn -0.986656 -0.152052 0.0582205
vn -0.986656 -0.151704 0.0591287
vn -0.986665 -0.153143 0.0551387
f 570/430/1027 1511/429/1027 1510/431/1028 386/65/1028 385/66/1029 568/428/1029 

vn -0.986675 -0.154359 0.0514454
vn -0.986656 -0.1524 0.0573123
f 573/433/1030 1508/432/1030 1507/434/1031 1511/429/1027 570/430/1027 

vn -0.986675 -0.157819 0.0395779
vn -0.986656 -0.156311 0.0455766
f 576/436/1032 1505/435/1032 1504/437/1033 1508/432/1030 573/433/1030 

vn -0.986675 -0.160368 0.027482
vn -0.986656 -0.15932 0.0335778
f 579/439/1034 1500/438/1034 1499/441/1035 1502/440/1035 1505/435/1032 576/436/1032 

vn -0.986675 -0.161992 0.0152274
vn -0.986656 -0.16141 0.0213851
f 583/443/1036 1497/442/1036 1496/444/1037 1500/438/1034 579/439/1034 

vn -0.986675 -0.16268 0.00288488
vn -0.986656 -0.162567 0.00906904
f 586/446/1038 1494/445/1038 1493/447/1039 1497/442/1036 583/443/1036 

vn -0.986675 -0.16243 -0.00947427
vn -0.986656 -0.162787 -0.00329939
f 589/449/1040 1491/448/1040 1490/450/1041 1494/445/1038 586/446/1038 

vn -0.986675 -0.161242 -0.0217787
vn -0.986656 -0.162067 -0.0156488
f 592/452/1042 1486/451/1042 1485/454/1043 1488/453/1043 1491/448/1040 589/449/1040 

vn -0.986675 -0.159123 -0.0339575
vn -0.986656 -0.160411 -0.0279078
f 596/456/1044 1483/455/1044 1482/457/1045 1486/451/1042 592/452/1042 

vn -0.986675 -0.156086 -0.0459402
vn -0.986656 -0.157829 -0.0400058
f 599/459/1046 1478/458/1046 1477/461/1047 1480/460/1047 1483/455/1044 596/456/1044 

vn -0.986675 -0.152147 -0.0576577
vn -0.986656 -0.154336 -0.0518728
f 603/463/1048 1467/462/1048 1466/468/1049 1469/467/1049 1471/466/1049 1473/465/1049 1475/464/1049 1478/458/1046 599/459/1046 

vn -0.986675 -0.147331 -0.0690425
vn -0.986656 -0.149952 -0.0634404
f 610/470/1050 1456/469/1050 1455/475/1051 1458/474/1051 1460/473/1051 1462/472/1051 1464/471/1051 1467/462/1048 603/463/1048 

vn -0.986692 -0.148248 -0.0667883
vn -0.986656 -0.144703 -0.0746419
f 617/477/1052 1453/476/1052 1452/478/1053 1456/469/1050 610/470/1050 

vn -0.98667 -0.153566 -0.0538484
vn -0.986656 -0.151782 -0.0589297
f 620/480/1054 1450/479/1054 1449/481/1055 1453/476/1052 617/477/1052 

vn -0.98667 -0.15679 -0.0435772
vn -0.986656 -0.155346 -0.0487654
f 623/483/1056 1446/482/1056 1445/484/1057 1450/479/1054 620/480/1054 

vn -0.98667 -0.159329 -0.0331154
f 626/486/1058 1447/485/1058 1446/482/1056 623/483/1056 

vn -0.98667 -0.161169 -0.0225086
vn -0.986656 -0.160422 -0.027842
f 628/488/1059 1443/487/1059 1442/489/1060 1447/485/1058 626/486/1058 

vn -0.98667 -0.162305 -0.0118033
vn -0.986656 -0.161912 -0.0171745
f 631/491/1061 1440/490/1061 1439/492/1062 1443/487/1059 628/488/1059 

vn -0.98667 -0.16273 -0.0010464
vn -0.986656 -0.162693 -0.00643181
f 634/494/1063 1436/493/1063 1435/495/1064 1440/490/1061 631/491/1061 

vn -0.98667 -0.162443 0.0097151
f 637/497/1065 1437/496/1065 1436/493/1063 634/494/1063 

vn -0.98667 -0.161446 0.0204341
vn -0.986656 -0.162119 0.0150909
f 639/499/1066 1433/498/1066 1432/500/1067 1437/496/1065 637/497/1065 

vn -0.98667 -0.159741 0.0310637
vn -0.986656 -0.160767 0.0257767
f 642/502/1068 1430/501/1068 1429/503/1069 1433/498/1066 639/499/1066 

vn -0.98667 -0.157338 0.0415573
vn -0.986656 -0.158711 0.0363497
f 645/505/1070 1427/504/1070 1426/506/1071 1430/501/1068 642/502/1068 

vn -0.98667 -0.154246 0.051869
vn -0.986656 -0.15596 0.0467636
f 648/508/1072 1424/507/1072 1423/509/1073 1427/504/1070 645/505/1070 

vn -0.986659 -0.153377 0.0545869
vn -0.986656 -0.152527 0.0569729
f 651/511/1074 1418/510/1074 1417/512/1075 1424/507/1072 648/508/1072 

vn -0.986656 -0.153841 0.0533111
f 654/514/1076 1419/513/1076 1418/510/1074 651/511/1074 

vn -0.986656 -0.153055 0.0555266
f 656/516/1077 1420/515/1077 1419/513/1076 654/514/1076 

vn -0.986656 -0.152238 0.0577305
f 658/518/1078 1421/517/1078 1420/515/1077 656/516/1077 

vn -0.986656 -0.151388 0.0599223
vn -0.986656 -0.151821 0.0588294
f 660/520/1079 1411/519/1079 1410/521/1080 1421/517/1078 658/518/1078 

vn -0.986656 -0.150507 0.0621017
f 663/523/1081 1412/522/1081 1411/519/1079 660/520/1079 

vn -0.986656 -0.149595 0.0642681
f 665/525/1082 1413/524/1082 1412/522/1081 663/523/1081 

vn -0.986656 -0.148652 0.0664211
f 667/527/1083 1414/526/1083 1413/524/1082 665/525/1082 

vn -0.986656 -0.147677 0.0685603
f 669/529/1084 1415/528/1084 1414/526/1083 667/527/1083 

vn -0.986656 -0.146672 0.0706852
vn -0.986656 -0.147182 0.0696263
f 671/531/1085 1405/530/1085 1404/532/1086 1415/528/1084 669/529/1084 

vn -0.986656 -0.145636 0.0727953
f 674/534/1087 1406/533/1087 1405/530/1085 671/531/1085 

vn -0.986656 -0.14457 0.0748903
f 676/536/1088 1407/535/1088 1406/533/1087 674/534/1087 

vn -0.98666 -0.145396 0.0732219
f 678/538/1089 1408/537/1089 1407/535/1088 676/536/1088 

vn -0.986682 -0.14961 0.0638455
vn -0.986656 -0.146761 0.0705093
f 680/540/1090 1402/539/1090 1401/541/1091 1408/537/1089 678/538/1089 

vn -0.986682 -0.154695 0.0502878
vn -0.986656 -0.15245 0.0571784
f 683/543/1092 1399/542/1092 1398/544/1093 1402/539/1090 680/540/1090 

vn -0.986682 -0.158554 0.0363316
vn -0.986656 -0.156931 0.0433945
f 686/546/1094 1394/545/1094 1393/548/1095 1396/547/1095 1399/542/1092 683/543/1092 

vn -0.986682 -0.161157 0.0220874
vn -0.986656 -0.160168 0.0292667
f 690/550/1096 1391/549/1096 1390/551/1097 1394/545/1094 686/546/1094 

vn -0.986682 -0.162482 0.00766829
vn -0.986656 -0.162136 0.014907
f 693/553/1098 1388/552/1098 1387/554/1099 1391/549/1096 690/550/1096 

vn -0.986682 -0.16252 -0.00681163
vn -0.986656 -0.16282 0.00042917
f 696/556/1100 1385/555/1100 1384/557/1101 1388/552/1098 693/553/1098 

vn -0.986682 -0.161271 -0.0212376
vn -0.986656 -0.162213 -0.0140521
f 699/559/1102 1382/558/1102 1381/560/1103 1385/555/1100 696/556/1100 

vn -0.986682 -0.158743 -0.0354952
vn -0.986656 -0.16032 -0.0284219
f 702/562/1104 1379/561/1104 1378/563/1105 1382/558/1102 699/559/1102 

vn -0.986682 -0.154958 -0.0494716
vn -0.986656 -0.157158 -0.0425666
f 705/565/1106 1376/564/1106 1375/566/1107 1379/561/1104 702/562/1104 

vn -0.986682 -0.149944 -0.0630559
vn -0.986656 -0.15275 -0.056374
f 708/568/1108 1373/567/1108 1372/569/1109 1376/564/1106 705/565/1106 

vn -0.986682 -0.143743 -0.0761406
vn -0.986656 -0.147131 -0.0697346
f 711/571/1110 1370/570/1110 1369/572/1111 1373/567/1108 708/568/1108 

vn -0.986656 -0.140239 -0.0827241
vn -0.986656 -0.140347 -0.0825426
f 714/574/1112 1367/573/1112 1366/575/1113 1370/570/1110 711/571/1110 

vn -0.986679 -0.143362 -0.076892
vn -0.986656 -0.140132 -0.0829056
f 717/577/1114 1364/576/1114 1363/578/1115 1367/573/1112 714/574/1112 

vn -0.986679 -0.1493 -0.0646118
vn -0.986656 -0.146585 -0.0708748
f 720/580/1116 1360/579/1116 1359/581/1117 1364/576/1114 717/577/1114 

vn -0.986679 -0.154188 -0.0518774
f 723/583/1118 1361/582/1118 1360/579/1116 720/580/1116 

vn -0.986679 -0.157992 -0.0387782
vn -0.986656 -0.156361 -0.0454066
f 725/585/1119 1357/584/1119 1356/586/1120 1361/582/1118 723/583/1118 

vn -0.986679 -0.160685 -0.0254065
vn -0.986656 -0.159615 -0.0321481
f 728/588/1121 1353/587/1121 1352/589/1122 1357/584/1119 725/585/1119 

vn -0.986679 -0.162248 -0.0118561
f 731/591/1123 1354/590/1123 1353/587/1121 728/588/1121 

vn -0.986679 -0.162671 0.00177762
vn -0.986656 -0.162742 -0.005048
f 733/593/1124 1349/592/1124 1348/594/1125 1354/590/1123 731/591/1123 

vn -0.986679 -0.16195 0.0153988
f 736/596/1126 1350/595/1126 1349/592/1124 733/593/1124 

vn -0.986679 -0.160091 0.0289118
vn -0.986656 -0.161301 0.0221938
f 738/598/1127 1346/597/1127 1345/599/1128 1350/595/1126 736/596/1126 

vn -0.986679 -0.157106 0.0422215
vn -0.986656 -0.158874 0.0356285
f 741/601/1129 1342/600/1129 1341/602/1130 1346/597/1127 738/598/1127 

vn -0.986679 -0.153017 0.0552344
f 744/604/1131 1343/603/1131 1342/600/1129 741/601/1129 

vn -0.986764 -0.143889 0.0747881
vn -0.986656 -0.150696 0.0616536
f 746/606/1132 1338/605/1132 1337/607/1133 1343/603/1131 744/604/1131 

vn -0.98669 -0.141166 0.0807201
f 749/609/1134 1339/608/1134 1338/605/1132 746/606/1132 

vn -0.98669 -0.148636 0.0659616
vn -0.986656 -0.145272 0.0735285
f 751/611/1135 1333/610/1135 1332/613/1136 1335/612/1136 1339/608/1134 749/609/1134 

vn -0.98669 -0.154568 0.0505205
vn -0.986656 -0.15199 0.0583901
f 755/615/1137 1330/614/1137 1329/616/1138 1333/610/1135 751/611/1135 

vn -0.98669 -0.158901 0.0345568
vn -0.986656 -0.157136 0.0426475
f 758/618/1139 1325/617/1139 1324/620/1140 1327/619/1140 1330/614/1137 755/615/1137 

vn -0.98669 -0.161589 0.0182354
vn -0.986656 -0.160655 0.0264636
f 762/622/1141 1322/621/1141 1321/623/1142 1325/617/1139 758/618/1139 

vn -0.98669 -0.162606 0.00172539
vn -0.986656 -0.162513 0.0100059
f 765/625/1143 1317/624/1143 1316/627/1144 1319/626/1144 1322/621/1141 762/622/1141 

vn -0.98669 -0.16194 -0.0148025
vn -0.986656 -0.162688 -0.00655528
f 769/629/1145 1312/628/1145 1311/631/1146 1314/630/1146 1317/624/1143 765/625/1143 

vn -0.98669 -0.159598 -0.0311772
vn -0.986656 -0.161181 -0.0230487
f 773/633/1147 1309/632/1147 1308/634/1148 1312/628/1145 769/629/1145 

vn -0.98669 -0.155605 -0.0472293
vn -0.986656 -0.158005 -0.0393036
f 776/636/1149 1304/635/1149 1303/638/1150 1306/637/1150 1309/632/1147 773/633/1147 

vn -0.98669 -0.150002 -0.0627928
vn -0.986656 -0.153195 -0.0551518
f 780/640/1151 1299/639/1151 1298/642/1152 1301/641/1152 1304/635/1149 776/636/1149 

vn -0.98669 -0.142847 -0.0777065
vn -0.986656 -0.1468 -0.0704294
f 784/644/1153 1296/643/1153 1295/645/1154 1299/639/1151 780/640/1151 

vn -0.986684 -0.142506 -0.0784069
vn -0.986656 -0.138885 -0.0849782
f 787/647/1155 1292/646/1155 1291/648/1156 1296/643/1153 784/644/1153 

vn -0.986676 -0.148733 -0.0659439
f 790/650/1157 1293/649/1157 1292/646/1155 787/647/1155 

vn -0.986676 -0.153481 -0.0539783
vn -0.986656 -0.151341 -0.0600538
f 792/652/1158 1288/651/1158 1287/653/1159 1293/649/1157 790/650/1157 

vn -0.986676 -0.157268 -0.0416747
f 795/655/1160 1289/654/1160 1288/651/1158 792/652/1158 

vn -0.986676 -0.160071 -0.0291102
vn -0.986656 -0.158915 -0.0354472
f 797/657/1161 1285/656/1161 1284/658/1162 1289/654/1160 795/655/1160 

vn -0.986676 -0.161871 -0.0163635
vn -0.986656 -0.16122 -0.022772
f 800/660/1163 1281/659/1163 1280/661/1164 1285/656/1161 797/657/1161 

vn -0.986676 -0.162658 -0.00351429
f 803/663/1165 1282/662/1165 1281/659/1163 800/660/1163 

vn -0.986676 -0.162427 0.00935689
vn -0.986656 -0.162794 0.00292582
f 805/665/1166 1277/664/1166 1276/666/1167 1282/662/1165 803/663/1165 

vn -0.986676 -0.161179 0.0221695
f 808/668/1168 1278/667/1168 1277/664/1166 805/665/1166 

vn -0.986676 -0.158921 0.0348433
vn -0.986656 -0.160298 0.0285505
f 810/670/1169 1273/669/1169 1272/671/1170 1278/667/1168 808/668/1168 

vn -0.986676 -0.155669 0.047299
f 813/673/1171 1274/672/1171 1273/669/1169 810/670/1169 

vn -0.986656 -0.153426 0.0544943
vn -0.986656 -0.153793 0.0534613
f 815/675/1172 1259/674/1172 1258/676/1173 1274/672/1171 813/673/1171 

vn -0.986658 -0.152284 0.057578
f 818/678/1174 1260/677/1174 1259/674/1172 815/675/1172 

vn -0.986658 -0.150679 0.0616576
f 820/680/1175 1261/679/1175 1260/677/1174 818/678/1174 

vn -0.986658 -0.148964 0.0656926
f 822/682/1176 1262/681/1176 1261/679/1175 820/680/1175 

vn -0.986658 -0.147141 0.0696799
f 824/684/1177 1263/683/1177 1262/681/1176 822/682/1176 

vn -0.986658 -0.145211 0.0736166
f 826/686/1178 1264/685/1178 1263/683/1177 824/684/1177 

vn -0.986658 -0.143176 0.0775
f 828/688/1179 1265/687/1179 1264/685/1178 826/686/1178 

vn -0.986658 -0.141038 0.0813272
f 830/690/1180 1266/689/1180 1265/687/1179 828/688/1179 

vn -0.986658 -0.138797 0.0850954
f 832/692/1181 1267/691/1181 1266/689/1180 830/690/1180 

vn -0.986658 -0.136455 0.0888019
f 834/694/1182 1268/693/1182 1267/691/1181 832/692/1181 

vn -0.986658 -0.134014 0.092444
f 836/696/1183 1269/695/1183 1268/693/1182 834/694/1182 

vn -0.986658 -0.131477 0.0960191
f 838/698/1184 1270/697/1184 1269/695/1183 836/696/1183 

vn -0.986662 -0.132317 0.0948141
vn -0.986656 -0.130183 0.0977893
f 840/700/1185 1255/699/1185 1254/701/1186 1270/697/1184 838/698/1184 

vn -0.9867 -0.13935 0.0836891
f 843/703/1187 1256/702/1187 1255/699/1185 840/700/1185 

vn -0.9867 -0.148159 0.0668685
vn -0.986656 -0.14424 0.0755331
f 845/705/1188 1250/704/1188 1249/707/1189 1252/706/1189 1256/702/1187 843/703/1187 

vn -0.9867 -0.154945 0.0491355
vn -0.986656 -0.152064 0.0581979
f 849/709/1190 1247/708/1190 1246/710/1191 1250/704/1188 845/705/1188 

vn -0.9867 -0.159618 0.0307321
vn -0.986656 -0.157813 0.0400686
f 852/712/1192 1242/711/1192 1241/714/1193 1244/713/1193 1247/708/1190 849/709/1190 

vn -0.9867 -0.162113 0.0119093
vn -0.986656 -0.161409 0.0213927
f 856/716/1194 1239/715/1194 1238/717/1195 1242/711/1192 852/712/1192 

vn -0.9867 -0.162396 -0.00707596
vn -0.986656 -0.162802 0.00242483
f 859/719/1196 1234/718/1196 1233/721/1197 1236/720/1197 1239/715/1194 856/716/1194 

vn -0.9867 -0.160463 -0.0259647
vn -0.986656 -0.161974 -0.0165761
f 863/723/1198 1231/722/1198 1230/724/1199 1234/718/1196 859/719/1196 

vn -0.9867 -0.15634 -0.0444991
vn -0.986656 -0.158936 -0.0353509
f 866/726/1200 1226/725/1200 1225/728/1201 1228/727/1201 1231/722/1198 863/723/1198 

vn -0.9867 -0.150084 -0.0624264
vn -0.986656 -0.15373 -0.0536433
f 870/730/1202 1223/729/1202 1222/731/1203 1226/725/1200 866/726/1200 

vn -0.9867 -0.141781 -0.0795019
vn -0.986656 -0.146426 -0.0712038
f 873/733/1204 1218/732/1204 1217/735/1205 1220/734/1205 1223/729/1202 870/730/1202 

vn -0.986656 -0.136703 -0.0884435
vn -0.986656 -0.137124 -0.0877927
f 877/737/1206 1215/736/1206 1214/738/1207 1218/732/1204 873/733/1204 

vn -0.986687 -0.140311 -0.0822279
vn -0.986656 -0.136282 -0.0890942
f 880/740/1208 1212/739/1208 1211/741/1209 1215/736/1206 877/737/1206 

vn -0.986687 -0.147672 -0.0681291
vn -0.986656 -0.144332 -0.0753563
f 883/743/1210 1208/742/1210 1207/744/1211 1212/739/1208 880/740/1208 

vn -0.986687 -0.153621 -0.0533788
f 886/746/1212 1209/745/1212 1208/742/1210 883/743/1210 

vn -0.986687 -0.1581 -0.0381179
vn -0.986656 -0.156229 -0.0458565
f 888/748/1213 1205/747/1213 1204/749/1214 1209/745/1212 886/746/1212 

vn -0.986687 -0.161068 -0.0224925
vn -0.986656 -0.159962 -0.0303769
f 891/751/1215 1202/750/1215 1201/752/1216 1205/747/1213 888/748/1213 

vn -0.986687 -0.162495 -0.00665194
vn -0.986656 -0.162164 -0.0146067
f 894/754/1217 1198/753/1217 1197/755/1218 1202/750/1215 891/751/1215 

vn -0.986687 -0.162367 0.00925222
f 897/757/1219 1199/756/1219 1198/753/1217 894/754/1217 

vn -0.986687 -0.160687 0.0250679
vn -0.986656 -0.161909 0.0172006
f 899/759/1220 1195/758/1220 1194/760/1221 1199/756/1219 897/757/1219 

vn -0.986687 -0.15747 0.0406438
vn -0.986656 -0.159455 0.0329336
f 902/762/1222 1192/761/1222 1191/763/1223 1195/758/1220 899/759/1220 

vn -0.986687 -0.152747 0.055831
vn -0.986656 -0.155475 0.0483515
f 905/765/1224 1188/764/1224 1187/766/1225 1192/761/1222 902/762/1222 

vn -0.986687 -0.146563 0.0704842
f 908/768/1226 1189/767/1226 1188/764/1224 905/765/1224 

vn -0.986656 -0.142795 0.0782277
vn -0.986656 -0.143108 0.077657
f 910/770/1227 1185/769/1227 1184/771/1228 1189/767/1226 908/768/1226 

vn -0.986678 -0.145468 0.0728436
vn -0.986656 -0.142482 0.0787984
f 913/773/1229 1180/772/1229 1179/775/1230 1182/774/1230 1185/769/1227 910/770/1227 

vn -0.986678 -0.150937 0.0607066
vn -0.986656 -0.148448 0.0668856
f 917/777/1231 1177/776/1231 1176/778/1232 1180/772/1229 913/773/1229 

vn -0.986678 -0.155395 0.0481632
vn -0.986656 -0.153419 0.0545249
f 920/780/1233 1174/779/1233 1173/781/1234 1177/776/1231 917/777/1231 

vn -0.986678 -0.158812 0.0352972
vn -0.986656 -0.157363 0.0417992
f 923/783/1235 1169/782/1235 1168/785/1236 1171/784/1236 1174/779/1233 920/780/1233 

vn -0.986678 -0.161166 0.0221949
vn -0.986656 -0.160254 0.0287936
f 927/787/1237 1166/786/1237 1165/788/1238 1169/782/1235 923/783/1235 

vn -0.986678 -0.162441 0.00894405
vn -0.986656 -0.162072 0.0155952
f 930/790/1239 1163/789/1239 1162/791/1240 1166/786/1237 927/787/1237 

vn -0.986678 -0.162629 -0.00436672
vn -0.986656 -0.162804 0.00229245
f 933/793/1241 1160/792/1241 1159/794/1242 1163/789/1239 930/790/1239 

vn -0.986678 -0.161727 -0.0176483
vn -0.986656 -0.162447 -0.0110257
f 936/796/1243 1155/795/1243 1154/798/1244 1157/797/1244 1160/792/1241 933/793/1241 

vn -0.986678 -0.159743 -0.0308116
vn -0.986656 -0.161001 -0.02427
f 940/800/1245 1152/799/1245 1151/801/1246 1155/795/1243 936/796/1243 

vn -0.986678 -0.156689 -0.0437687
vn -0.986656 -0.158478 -0.0373518
f 943/803/1247 1149/802/1247 1148/804/1248 1152/799/1245 940/800/1245 

vn -0.986678 -0.152586 -0.0564327
vn -0.986656 -0.154894 -0.0501836
f 946/806/1249 1146/805/1249 1145/807/1250 1149/802/1247 943/803/1247 

vn -0.986656 -0.150172 -0.0629191
vn -0.986656 -0.150272 -0.0626793
f 949/809/1251 1143/808/1251 1142/810/1252 1146/805/1249 946/806/1249 

vn -0.986674 -0.152241 -0.0574131
vn -0.986656 -0.150071 -0.0631589
f 952/812/1253 1140/811/1253 1139/813/1254 1143/808/1251 949/809/1251 

vn -0.986674 -0.156137 -0.0457722
vn -0.986656 -0.154406 -0.0516652
f 955/815/1255 1137/814/1255 1136/816/1256 1140/811/1253 952/812/1253 

vn -0.986674 -0.159143 -0.0338708
vn -0.986656 -0.157861 -0.0398775
f 958/818/1257 1133/817/1257 1132/819/1258 1137/814/1255 955/815/1255 

vn -0.986674 -0.161244 -0.0217765
f 961/821/1259 1134/820/1259 1133/817/1257 958/818/1257 

vn -0.986674 -0.162426 -0.00955834
vn -0.986656 -0.162063 -0.0156895
f 963/823/1260 1130/822/1260 1129/824/1261 1134/820/1259 961/821/1259 

vn -0.986674 -0.162685 0.00271425
vn -0.986656 -0.162784 -0.00342685
f 966/826/1262 1126/825/1262 1125/827/1263 1130/822/1260 963/823/1260 

vn -0.986674 -0.162017 0.0149714
f 969/829/1264 1127/828/1264 1126/825/1262 966/826/1262 

vn -0.986674 -0.160427 0.0271433
vn -0.986656 -0.161449 0.021087
f 971/831/1265 1123/830/1265 1122/832/1266 1127/828/1264 969/829/1264 

vn -0.986674 -0.157925 0.0391608
vn -0.986656 -0.1594 0.0331986
f 974/834/1267 1120/833/1267 1119/835/1268 1123/830/1265 971/831/1265 

vn -0.986674 -0.154523 0.0509553
vn -0.986656 -0.156443 0.0451214
f 977/837/1269 1116/836/1269 1115/838/1270 1120/833/1267 974/834/1267 

vn -0.986674 -0.150241 0.0624598
f 980/840/1271 1117/839/1271 1116/836/1269 977/837/1269 

vn -0.986667 -0.149728 0.0637999
vn -0.986656 -0.147881 0.06813
f 982/842/1272 1113/841/1272 1112/843/1273 1117/839/1271 980/840/1271 

vn -0.98666 -0.152647 0.0565683
vn -0.986656 -0.151572 0.0594684
f 985/845/1274 1108/844/1274 1107/847/1275 1110/846/1275 1113/841/1272 982/842/1272 

vn -0.98666 -0.154686 0.0507287
vn -0.986656 -0.153721 0.0536676
f 989/849/1276 1105/848/1276 1104/850/1277 1108/844/1274 985/845/1274 

vn -0.98666 -0.156501 0.0448159
vn -0.986656 -0.155649 0.0477893
f 992/852/1278 1102/851/1278 1101/853/1279 1105/848/1276 989/849/1276 

vn -0.98666 -0.158091 0.0388384
vn -0.986656 -0.157352 0.041842
f 995/855/1280 1099/854/1280 1098/856/1281 1102/851/1278 992/852/1278 

vn -0.98666 -0.159452 0.0328048
vn -0.986656 -0.158828 0.0358343
f 998/858/1282 1096/857/1282 1095/859/1283 1099/854/1280 995/855/1280 

vn -0.98666 -0.160583 0.0267239
vn -0.986656 -0.160075 0.0297749
f 1001/861/1284 1093/860/1284 1092/862/1285 1096/857/1282 998/858/1282 

vn -0.98666 -0.161482 0.0206044
vn -0.986656 -0.16109 0.0236726
f 1004/864/1286 1090/863/1286 1089/865/1287 1093/860/1284 1001/861/1284 

vn -0.98666 -0.162149 0.0144551
vn -0.986656 -0.161873 0.017536
f 1007/867/1288 1087/866/1288 1086/868/1289 1090/863/1286 1004/864/1286 

vn -0.98666 -0.162581 0.008285
vn -0.986656 -0.162422 0.0113741
f 1010/870/1290 1084/869/1290 1083/871/1291 1087/866/1288 1007/867/1288 

vn -0.98666 -0.162778 0.00210292
vn -0.986656 -0.162737 0.00519581
f 1013/873/1292 1080/872/1292 1079/874/1293 1084/869/1290 1010/870/1290 

vn -0.986656 -0.162816 -0.00114093
f 1016/876/1294 1081/875/1294 1080/872/1292 1013/873/1292 

vn -0.98666 -0.16279 0.00149935
vn -0.986656 -0.162815 -0.00129186
f 1018/878/1295 1075/877/1295 1074/879/1296 1081/875/1294 1016/876/1294 

vn -0.98666 -0.162643 0.00707925
f 1021/881/1297 1076/880/1297 1075/877/1295 1018/878/1295 

vn -0.98666 -0.162305 0.0126508
f 1023/883/1298 1077/882/1298 1076/880/1297 1021/881/1297 

vn -0.98666 -0.161776 0.0182076
vn -0.986656 -0.162087 0.0154337
f 1025/885/1299 1070/884/1299 1069/886/1300 1077/882/1298 1023/883/1298 

vn -0.98666 -0.161056 0.0237429
f 1028/888/1301 1071/887/1301 1070/884/1299 1025/885/1299 

vn -0.98666 -0.160148 0.0292503
v 0.236539 0.380877 -0.00482043
vn -0.986656 -0.160649 0.0265042
f 1030/890/1302 1513/889/1302 1072/891/1303 1071/887/1301 1028/888/1301 

vn -0.98666 -0.159051 0.0347233
v 0.236773 0.380192 -0.00103724
v 0.23673 0.380324 -0.00168833
vn -0.986656 -0.159646 0.031996
v 0.236728 0.380331 -0.00171873
v 0.236627 0.38063 -0.00334238
v 0.236624 0.38064 -0.00339564
f 1033/893/1304 1514/892/1304 1515/897/1305 1516/896/1305 1517/895/1305 1518/894/1305 1513/889/1302 1030/890/1302 

vn -0.98666 -0.157767 0.0401555
v 0.237049 0.379394 0.00287923
v 0.236967 0.379642 0.00176177
vn -0.986656 -0.158455 0.0374502
v 0.236843 0.38 -1.04083e-17
f 1039/899/1306 1519/898/1306 1520/901/1307 1521/900/1307 1514/892/1304 1033/893/1304 

vn -0.986656 -0.157078 0.0428604
v 0.237369 0.378486 0.00689669
v 0.237249 0.378838 0.00543483
v 0.237102 0.379253 0.00356999
f 1043/903/1308 1522/902/1308 1523/905/1308 1524/904/1308 1519/898/1306 1039/899/1306 

v 0.237385 0.378444 0.0070954
vn -0.986656 -0.154695 0.050793
f 1047/907/728 1050/906/730 1525/908/1309 1522/902/1309 1043/903/1309 

vn -0.986694 0.114094 0.115838
f 1060/919/1310 1525/908/1310 1050/906/730 1059/918/747 

vn -0.98666 0.12222 0.107539
vn -0.986656 0.120323 0.109694
f 1061/920/1311 1523/905/1311 1522/902/1312 1525/908/1310 1060/919/1310 

vn -0.98666 0.125937 0.103161
f 1062/921/1313 1524/904/1313 1523/905/1311 1061/920/1311 

vn -0.98666 0.129497 0.0986557
vn -0.986656 0.127756 0.100939
f 1063/922/1314 1520/901/1314 1519/898/1315 1524/904/1313 1062/921/1313 

vn -0.98666 0.132896 0.0940272
f 1064/923/1316 1521/900/1316 1520/901/1314 1063/922/1314 

vn -0.986655 0.134753 0.0913945
vn -0.986645 0.133271 0.0936473
vn -0.986656 0.134554 0.0916826
f 1065/924/1317 1515/897/1318 1514/892/1319 1521/900/1316 1064/923/1316 

vn -0.986655 0.134853 0.0912505
f 1065/924/1317 1516/896/1320 1515/897/1318

vn -0.986659 0.139197 0.0844276
vn -0.986658 0.138454 0.0856563
f 1066/925/1321 1517/895/1322 1516/896/1320 1065/924/1317 

vn -0.986659 0.139938 0.0831975
f 1066/925/1321 1518/894/1323 1517/895/1322

vn -0.986656 0.140682 0.0819696
f 1067/926/767 1072/891/767 1513/889/1324 1518/894/1323 1066/925/1321 

vn -0.986665 -0.155806 0.0470884
f 384/67/1325 567/427/1325 568/428/1029 385/66/1029 

vn -0.986665 -0.158047 0.0389102
f 383/68/1326 566/426/1326 567/427/1325 384/67/1325 

vn -0.986665 -0.159859 0.0306264
f 382/69/1327 565/425/1327 566/426/1326 383/68/1326 

vn -0.986665 -0.161237 0.0222595
f 381/70/1328 564/424/1328 565/425/1327 382/69/1327 

vn -0.986665 -0.162178 0.0138322
f 380/71/1329 563/423/1329 564/424/1328 381/70/1328 

vn -0.986665 -0.162678 0.00536732
f 379/72/1330 562/422/1330 563/423/1329 380/71/1329 

vn -0.986665 -0.162737 -0.00311211
f 378/73/1331 561/421/1331 562/422/1330 379/72/1330 

vn -0.986665 -0.162354 -0.0115831
f 377/74/1332 560/420/1332 561/421/1331 378/73/1331 

vn -0.986665 -0.16153 -0.0200226
f 376/75/1333 559/419/1333 560/420/1332 377/74/1332 

vn -0.986665 -0.160268 -0.0284078
f 375/76/1334 558/418/1334 559/419/1333 376/75/1333 

vn -0.986668 -0.160384 -0.0276146
f 374/77/1335 557/417/1335 558/418/1334 375/76/1334 

vn -0.986661 -0.161625 -0.0194318
f 373/78/1336 556/416/1336 557/417/1335 374/77/1335 

vn -0.986661 -0.16227 -0.0129925
f 372/79/1337 555/415/1337 556/416/1336 373/78/1336 

vn -0.986661 -0.162658 -0.00653278
f 371/80/1338 554/414/1338 555/415/1337 372/79/1337 

vn -0.986661 -0.162789 -6.27004e-05
f 370/81/1339 553/413/1339 554/414/1338 371/80/1338 

vn -0.986661 -0.162663 0.00640748
f 369/82/1340 552/412/1340 553/413/1339 370/81/1339 

vn -0.986593 -0.162441 0.0157458
vn -0.986651 -0.162342 0.0128737
vn -0.986656 -0.162535 0.00964126
f 367/84/1341 551/411/1342 552/412/1340 369/82/1340 368/83/1343 

vn -0.986514 -0.162436 0.0200979
f 367/84/1341 550/410/1344 551/411/1342

vn -0.98646 -0.162536 0.0218842
f 366/85/1345 550/410/1344 367/84/1341

vn -0.986464 -0.16215 0.024433
f 366/85/1345 549/409/1346 550/410/1344

vn -0.986388 -0.16169 0.0299191
f 365/86/1347 549/409/1346 366/85/1345

vn -0.986329 -0.161553 0.0324936
f 365/86/1347 548/408/1348 549/409/1346

vn -0.986202 -0.161315 0.0371981
f 365/86/1347 547/407/1349 548/408/1348

vn -0.986335 -0.160718 0.0362288
f 364/87/1350 547/407/1349 365/86/1347

vn -0.98624 -0.160041 0.0414376
f 364/87/1350 546/406/1351 547/407/1349

vn -0.986334 -0.159259 0.0422043
f 363/88/1352 546/406/1351 364/87/1350

vn -0.985563 -0.150051 0.078425
f 363/88/1352 545/405/1353 546/406/1351

vn -0.986298 -0.158768 0.0448195
f 362/89/1354 545/405/1353 363/88/1352

vn -0.985547 -0.134114 0.103494
f 361/90/1355 545/405/1353 362/89/1354

vn -0.978885 -0.125342 0.161472
f 361/90/1355 544/404/1356 545/405/1353

vn -0.982136 -0.129848 0.136193
f 361/90/1355 543/403/1357 544/404/1356

vn -0.984729 -0.13228 0.113187
f 361/90/1355 542/402/1358 543/403/1357

vn -0.986807 -0.133044 0.0922571
f 361/90/1355 541/401/1359 542/402/1358

vn -0.989222 -0.131514 0.0643777
f 361/90/1355 540/400/1360 541/401/1359

vn -0.990071 -0.130364 0.0525721
f 360/91/1361 540/400/1360 361/90/1355

vn -0.990117 -0.129993 0.0526416
f 360/91/1361 539/399/1362 540/400/1360

vn -0.990492 -0.129556 0.046259
f 359/92/1363 539/399/1362 360/91/1361

vn -0.990689 -0.129611 0.0416724
f 359/92/1363 538/398/1364 539/399/1362

vn -0.990856 -0.130155 0.0355546
f 358/93/1365 538/398/1364 359/92/1363

vn -0.991233 -0.129495 0.0262239
f 358/93/1365 537/397/1366 538/398/1364

vn -0.991099 -0.131009 0.0236355
f 358/93/1365 536/396/1367 537/397/1366

vn -0.990647 -0.132889 0.0309779
f 357/94/1368 536/396/1367 358/93/1365

vn -0.990894 -0.133976 0.0134086
f 357/94/1368 535/395/1369 536/396/1367

vn -0.990327 -0.136384 0.0255299
f 356/95/1370 535/395/1369 357/94/1368

vn -0.990335 -0.138628 0.00434531
f 356/95/1370 534/394/1371 535/395/1369

vn -0.989743 -0.141481 0.0198035
f 355/96/1372 534/394/1371 356/95/1370

vn -0.980758 -0.0650259 0.184079
f 355/96/1372 533/393/1373 534/394/1371

vn -0.988814 -0.143959 0.0390091
f 354/97/1374 533/393/1373 355/96/1372

vn -0.988834 -0.144459 0.036602
f 353/98/1375 533/393/1373 354/97/1374

vn -0.988847 -0.144958 0.0341947
f 352/99/1376 533/393/1373 353/98/1375

vn -0.993057 -0.0736243 0.0917403
f 351/100/1377 533/393/1373 352/99/1376

vn -0.590067 0.27795 0.758
f 351/100/1377 532/392/1378 533/393/1373

vn -0.890066 0.0843919 0.447951
f 351/100/1377 531/391/1379 532/392/1378

vn -0.969705 -0.0229199 0.2432
f 531/391/1379 351/100/1377 530/390/1380

vn -0.985121 -0.0614557 0.1605
f 530/390/1380 351/100/1377 529/389/1381

vn -0.990378 -0.0819528 0.111513
f 529/389/1381 351/100/1377 528/388/1382

vn -0.992578 -0.0952826 0.0755667
f 528/388/1382 351/100/1377 527/387/1383

vn -0.993438 -0.105132 0.0450324
f 527/387/1383 351/100/1377 526/386/1384

vn -0.993452 -0.113143 0.0158404
f 526/386/1384 351/100/1377 525/385/1385

vn -0.992628 -0.120228 -0.015314
f 351/100/1377 524/384/1386 525/385/1385

vn -0.990496 -0.127049 -0.052695
f 351/100/1377 523/383/1387 524/384/1386

vn -0.985415 -0.134307 -0.10449
f 351/100/1377 522/382/1388 523/383/1387

vn -0.970699 -0.14314 -0.193017
f 351/100/1377 521/381/1389 522/382/1388

vn -0.94032 -0.15063 -0.305137
f 521/381/1389 351/100/1377 520/380/1390

vn -0.969184 -0.161436 -0.186067
f 520/380/1390 351/100/1377 519/379/1391

vn -0.987509 -0.141842 0.0686117
f 351/100/1377 518/378/1392 519/379/1391

vn -0.985485 -0.166423 0.0335102
f 350/101/1393 518/378/1392 351/100/1377

vn -0.985462 -0.167081 0.0307843
f 349/102/1394 518/378/1392 350/101/1393

vn -0.985432 -0.167739 0.0280582
f 348/103/1395 518/378/1392 349/102/1394

vn -0.991343 -0.125627 0.0381654
f 347/104/1396 518/378/1392 348/103/1395

vn -0.960554 -0.0200679 0.277369
f 347/104/1396 517/377/1397 518/378/1392

vn -0.973199 -0.0457754 0.225363
f 347/104/1396 516/376/1398 517/377/1397

vn -0.98357 -0.0744765 0.16445
f 347/104/1396 515/375/1399 516/376/1398

vn -0.988097 -0.0929325 0.122586
f 347/104/1396 514/374/1400 515/375/1399

vn -0.990268 -0.106499 0.0896008
f 514/374/1400 347/104/1396 513/373/1401

vn -0.991212 -0.117513 0.0607467
f 347/104/1396 512/372/1402 513/373/1401

vn -0.991318 -0.127235 0.0331521
f 512/372/1402 347/104/1396 511/371/1403

vn -0.990628 -0.136515 0.00445334
f 511/371/1403 347/104/1396 510/370/1404

vn -0.988867 -0.146125 -0.0280956
f 347/104/1396 509/369/1405 510/370/1404

vn -0.985189 -0.157048 -0.0688404
f 509/369/1405 347/104/1396 508/368/1406

vn -0.977095 -0.17101 -0.126652
f 508/368/1406 347/104/1396 507/367/1407

vn -0.955271 -0.191989 -0.224937
f 507/367/1407 347/104/1396 506/366/1408

v 0.230498 0.349855 -1.37846
vn -0.976247 -0.173681 -0.129526
v 0.230826 0.347627 -1.37794
f 506/366/1408 347/104/1396 1526/363/1409 1527/364/1409 505/365/1409 

vn -0.989864 -0.138326 0.0321753
f 347/104/1396 502/362/1410 505/365/1409 1527/364/1409 1526/363/1409 

vn -0.989821 -0.138124 0.034289
f 347/104/1396 501/361/1411 502/362/1410

vn -0.989774 -0.137921 0.0364025
f 347/104/1396 500/360/1412 501/361/1411

vn -0.989681 -0.137989 0.0386171
f 347/104/1396 499/359/1413 500/360/1412

vn -0.990044 -0.13681 0.0331105
f 347/104/1396 498/358/1414 499/359/1413

vn -0.990425 -0.135675 0.0254945
f 346/105/1415 498/358/1414 347/104/1396

vn -0.990221 -0.135254 0.0341768
f 346/105/1415 497/357/1416 498/358/1414

vn -0.9906 -0.134169 0.0266587
f 345/106/1417 497/357/1416 346/105/1415

vn -0.990418 -0.133547 0.0351891
f 345/106/1417 496/356/1418 497/357/1416

vn -0.99088 -0.132434 0.0248388
f 344/107/1419 496/356/1418 345/106/1417

vn -0.990704 -0.131559 0.0346212
f 344/107/1419 495/355/1420 496/356/1418

vn -0.991062 -0.129977 0.0300467
f 343/108/1421 495/355/1420 344/107/1419

vn -0.990332 -0.130467 0.0471198
f 343/108/1421 494/354/1422 495/355/1420

vn -0.990997 -0.128715 0.0368308
f 343/108/1421 493/353/1423 494/354/1422

vn -0.991573 -0.127051 0.0253116
f 342/109/1424 493/353/1423 343/108/1421

vn -0.991272 -0.126362 0.0375706
f 342/109/1424 492/352/1425 493/353/1423

vn -0.991911 -0.124749 0.0234581
f 341/110/1426 492/352/1425 342/109/1424

vn -0.991626 -0.123785 0.0368172
f 341/110/1426 491/351/1427 492/352/1425

vn -0.99209 -0.121798 0.0303739
f 340/111/1428 491/351/1427 341/110/1426

vn -0.991064 -0.122567 0.0526328
f 340/111/1428 490/350/1429 491/351/1427

vn -0.991976 -0.120339 0.0387459
f 340/111/1428 489/349/1430 490/350/1429

vn -0.992697 -0.118267 0.0237953
f 339/112/1431 489/349/1430 340/111/1428

vn -0.992291 -0.117564 0.0392128
f 339/112/1431 488/348/1432 489/349/1430

vn -0.993049 -0.115636 0.021953
f 338/113/1433 488/348/1432 339/112/1431

vn -0.992669 -0.114635 0.0382972
f 338/113/1433 487/347/1434 488/348/1432

vn -0.993197 -0.112435 0.0303037
f 337/114/1435 487/347/1434 338/113/1433

vn -0.991932 -0.113334 0.0568062
f 337/114/1435 486/346/1436 487/347/1434

vn -0.993031 -0.11087 0.0399596
f 337/114/1435 485/345/1437 486/346/1436

vn -0.993834 -0.108625 0.0222236
f 336/115/1438 485/345/1437 337/114/1435

vn -0.993351 -0.107888 0.0401783
f 336/115/1438 484/344/1439 485/345/1437

vn -0.994169 -0.105877 0.020426
f 335/116/1440 484/344/1439 336/115/1438

vn -0.993721 -0.104823 0.0391357
f 335/116/1440 483/343/1441 484/344/1439

vn -0.994272 -0.102601 0.0299215
f 334/117/1442 483/343/1441 335/116/1440

vn -0.992843 -0.103426 0.0597206
f 334/117/1442 482/342/1443 483/343/1441

vn -0.994254 -0.100914 0.0357134
f 334/117/1442 481/341/1444 482/342/1443

f 333/118/295 481/341/1444 334/117/1442

vn -0.994352 -0.0997372 0.0362942
f 333/118/295 480/340/1445 481/341/1444

vn -0.994947 -0.0992158 0.0154159
f 333/118/295 479/339/1446 480/340/1445

vn -0.995125 -0.0985426 -0.00400185
f 333/118/295 478/338/1447 479/339/1446

vn -0.994942 -0.09768 -0.0234201
f 333/118/295 477/337/1448 478/338/1447

vn -0.994342 -0.0965497 -0.0443009
f 333/118/295 476/336/1449 477/337/1448

vn -0.993111 -0.0950019 -0.06859
f 333/118/295 475/335/1450 476/336/1449

f 333/118/295 459/326/294 475/335/1450

vn 0.986656 0.15707 -0.0428906
vn 0.986664 0.155932 -0.0466944
vn 0.986665 0.158089 -0.0387347
f 65/65/1451 64/64/1452 1512/1069/1452 1509/1068/1453 571/431/1453 

vn 0.986679 0.156646 -0.0438942
v 0.238421 0.440225 -1.0713
vt 0.576466 0.176835
f 1512/1069/1452 64/64/1452 63/63/1454 1528/1070/1454 

vn 0.986679 0.159785 -0.0305531
v 0.238421 0.438471 -1.07875
vt 0.579796 0.178262
f 1528/1070/1454 63/63/1454 62/62/1455 1529/1071/1455 

vn 0.986679 0.161789 -0.016995
v 0.238421 0.437351 -1.08633
vt 0.583192 0.179255
f 1529/1071/1455 62/62/1455 61/61/1456 1530/1072/1456 

vn 0.986679 0.162646 -0.00331639
v 0.238421 0.436872 -1.09397
vt 0.586632 0.179807
f 1530/1072/1456 61/61/1456 60/60/1457 1531/1073/1457 

vn 0.986679 0.162348 0.0103858
v 0.238421 0.437039 -1.10163
vt 0.590089 0.179913
f 1531/1073/1457 60/60/1457 59/59/1458 1532/1074/1458 

vn 0.986679 0.160897 0.0240143
v 0.238421 0.437849 -1.10924
vt 0.59354 0.179574
f 1532/1074/1458 59/59/1458 58/58/1459 1533/1075/1459 

vn 0.986679 0.158305 0.0374723
v 0.238421 0.439298 -1.11676
vt 0.59696 0.178791
f 1533/1075/1459 58/58/1459 57/57/1460 1534/1076/1460 

vn 0.986679 0.154589 0.0506644
v 0.238421 0.441374 -1.12413
vt 0.600325 0.177571
f 1534/1076/1460 57/57/1460 56/56/1461 1535/1077/1461 

vn 0.986658 0.15161 0.0593272
v 0.238421 0.444063 -1.1313
vt 0.603611 0.175921
f 1535/1077/1461 56/56/1461 55/55/1462 1536/1078/1462 

vn 0.986658 0.151591 0.0593776
v 0.238421 0.446247 -1.13666
vt 0.606068 0.174568
f 1536/1078/1462 55/55/1462 54/54/1463 1537/1079/1463 

vn 0.986658 0.153175 0.0551639
v 0.238421 0.448281 -1.14207
vt 0.608548 0.17332
f 1537/1079/1463 54/54/1463 53/53/1464 1538/1080/1464 

vn 0.986658 0.154641 0.0509081
v 0.238421 0.450165 -1.14754
vt 0.61105 0.172177
f 1538/1080/1464 53/53/1464 52/52/1465 1539/1081/1465 

vn 0.986658 0.155989 0.0466133
v 0.238421 0.451897 -1.15306
vt 0.613572 0.17114
f 1539/1081/1465 52/52/1465 51/51/1466 1540/1082/1466 

vn 0.986658 0.157218 0.042283
v 0.238421 0.453476 -1.15862
vt 0.616112 0.170211
f 1540/1082/1466 51/51/1466 50/50/1467 1541/1083/1467 

vn 0.986658 0.158327 0.0379203
v 0.238421 0.4549 -1.16422
vt 0.618667 0.169389
f 1541/1083/1467 50/50/1467 49/49/1468 1542/1084/1468 

vn 0.986658 0.159315 0.0335286
v 0.238421 0.456169 -1.16986
vt 0.621236 0.168676
f 1542/1084/1468 49/49/1468 48/48/1469 1543/1085/1469 

vn 0.986658 0.160181 0.0291113
v 0.238421 0.457281 -1.17554
vt 0.623817 0.168072
f 1543/1085/1469 48/48/1469 47/47/1470 1544/1086/1470 

vn 0.986658 0.160925 0.0246717
v 0.238421 0.458237 -1.18124
vt 0.626408 0.167578
f 1544/1086/1470 47/47/1470 46/46/1471 1545/1087/1471 

vn 0.986658 0.161545 0.0202132
v 0.238421 0.459034 -1.18697
vt 0.629007 0.167193
f 1545/1087/1471 46/46/1471 45/45/1472 1546/1088/1472 

vn 0.986658 0.162043 0.0157393
v 0.238421 0.459672 -1.19272
vt 0.631612 0.166918
f 1546/1088/1472 45/45/1472 44/44/1473 1547/1089/1473 

vn 0.986656 0.162345 0.0123767
v 0.238421 0.460152 -1.19848
vt 0.634221 0.166754
f 1547/1089/1473 44/44/1473 43/43/1474 1548/1090/1474 

vn 0.986662 0.162599 0.00774647
v 0.238421 0.460583 -1.2047
vt 0.637038 0.166636
f 1548/1090/1474 43/43/1474 42/42/1475 1549/1091/1475 

vn 0.986662 0.162782 0.000726393
v 0.238421 0.460899 -1.21684
vt 0.64252 0.166769
f 1549/1091/1475 42/42/1475 41/41/1476 1550/1092/1476 

vn 0.986662 0.162662 -0.00629504
v 0.238421 0.460691 -1.22898
vt 0.647993 0.167264
f 1550/1092/1476 41/41/1476 40/40/1477 1551/1093/1477 

vn 0.986662 0.162239 -0.0133048
v 0.238421 0.45996 -1.2411
vt 0.653448 0.16812
f 1551/1093/1477 40/40/1477 39/39/1478 1552/1094/1478 

vn 0.986662 0.161514 -0.0202897
v 0.238421 0.458707 -1.25318
vt 0.658872 0.169335
f 1552/1094/1478 39/39/1478 38/38/1479 1553/1095/1479 

vn 0.986662 0.160489 -0.0272369
v 0.238421 0.456934 -1.26519
vt 0.664258 0.170907
f 1553/1095/1479 38/38/1479 37/37/1480 1554/1096/1480 

vn 0.986662 0.159165 -0.0341334
v 0.238421 0.454645 -1.27711
vt 0.669594 0.172833
f 1554/1096/1480 37/37/1480 36/36/1481 1555/1097/1481 

vn 0.986653 0.158983 -0.035219
v 0.238421 0.451844 -1.28893
vt 0.674871 0.17511
vn 0.987801 0.154407 0.0202076
f 1555/1097/1481 36/36/1481 35/35/1482 1556/1098/1483 

vn 0.989308 0.143274 0.0272288
f 1556/1098/1483 35/35/1482 34/34/1484

v 0.238421 0.464369 -1.30269
vt 0.681318 0.166858
vn 0.990029 0.128842 0.0569435
f 34/34/1484 1557/1099/1485 1556/1098/1483

vn 0.992557 0.11957 0.023098
f 34/34/1484 33/33/1486 1557/1099/1485

v 0.238421 0.46526 -1.30454
vt 0.68217 0.166296
vn 0.991788 0.11719 0.0512221
f 33/33/1486 1558/1100/1487 1557/1099/1485

v 0.238421 0.466012 -1.30645
vt 0.683047 0.165832
vn 0.992152 0.117959 0.0414679
f 33/33/1486 1559/1101/1488 1558/1100/1487

v 0.238421 0.46662 -1.30841
vt 0.683944 0.165469
vn 0.99304 0.116335 0.018386
f 33/33/1486 1560/1102/1489 1559/1101/1488

vn 0.99306 0.117345 -0.00786562
f 33/33/1486 32/32/1490 1560/1102/1489

v 0.238421 0.467082 -1.31042
vt 0.684855 0.165208
vn 0.99348 0.11196 0.0214991
f 32/32/1490 1561/1103/1491 1560/1102/1489

v 0.238421 0.467395 -1.31245
vt 0.685777 0.165051
vn 0.993414 0.113811 0.013228
f 32/32/1490 1562/1104/1492 1561/1103/1491

v 0.238421 0.467556 -1.31449
vt 0.686704 0.164998
vn 0.993302 0.115444 0.0048169
f 32/32/1490 1563/1105/1493 1562/1104/1492

v 0.238421 0.467566 -1.31655
vt 0.687631 0.165051
vn 0.993141 0.116861 -0.00377685
f 32/32/1490 1564/1106/1494 1563/1105/1493

v 0.238421 0.467425 -1.3186
vt 0.688553 0.165208
vn 0.992927 0.11806 -0.0125994
f 32/32/1490 1565/1107/1495 1564/1106/1494

v 0.238421 0.467132 -1.32063
vt 0.689465 0.165469
vn 0.992653 0.119037 -0.0217016
f 32/32/1490 1566/1108/1496 1565/1107/1495

v 0.238421 0.46669 -1.32264
vt 0.690361 0.165832
vn 0.992312 0.119781 -0.03114
f 32/32/1490 1567/1109/1497 1566/1108/1496

v 0.238421 0.466101 -1.3246
vt 0.691238 0.166296
vn 0.991894 0.120281 -0.0409788
f 32/32/1490 1568/1110/1498 1567/1109/1497

v 0.238421 0.465368 -1.32652
vt 0.69209 0.166858
vn 0.991573 0.125031 -0.0339222
f 32/32/1490 1569/1111/1499 1568/1110/1498

vn 0.991544 0.128917 -0.0148666
f 32/32/1490 31/31/1500 1569/1111/1499

v 0.238421 0.458783 -1.34202
vt 0.698958 0.171855
vn -0.746458 0.393413 0.536681
f 31/31/1500 1570/1112/1501 1569/1111/1499

vn 0.991942 0.106827 -0.0681165
f 31/31/1500 30/30/1502 1570/1112/1501

v 0.238421 0.474893 -1.3419
vt 0.699206 0.160725
vn -0.712335 0.120321 0.691449
f 30/30/1502 1571/1113/1503 1570/1112/1501

v 0.238421 0.475854 -1.34295
vt 0.6997 0.160091
vn 0.993591 0.0905841 0.0676136
f 30/30/1502 1572/1114/1504 1571/1113/1503

v 0.238421 0.476582 -1.34418
vt 0.700268 0.159624
vn 0.99439 0.0959076 0.0446228
f 30/30/1502 1573/1115/1505 1572/1114/1504

v 0.238421 0.477047 -1.34553
vt 0.700886 0.159342
vn 0.994673 0.100368 0.0234924
f 30/30/1502 1574/1116/1506 1573/1115/1505

v 0.238421 0.477229 -1.34695
vt 0.701529 0.159258
vn 0.994536 0.104359 0.00254611
f 30/30/1502 1575/1117/1507 1574/1116/1506

v 0.238421 0.477121 -1.34837
vt 0.702169 0.159373
vn 0.993995 0.107903 -0.0181686
f 30/30/1502 1576/1118/1508 1575/1117/1507

v 0.238421 0.47655 -1.35058
vt 0.703156 0.159831
vn 0.993114 0.110819 -0.0379964
f 30/30/1502 1577/1119/1509 1576/1118/1508

v 0.238421 0.475656 -1.35268
vt 0.704087 0.16051
vn 0.991796 0.113317 -0.0591605
f 30/30/1502 1578/1120/1510 1577/1119/1509

v 0.238421 0.474458 -1.35463
vt 0.704941 0.161393
vn 0.989672 0.115649 -0.0847071
f 30/30/1502 1579/1121/1511 1578/1120/1510

v 0.238421 0.472983 -1.35637
vt 0.705699 0.162462
vn 0.986081 0.117794 -0.11734
f 30/30/1502 1580/1122/1512 1579/1121/1511

v 0.238421 0.471265 -1.35787
vt 0.706345 0.163693
vn 0.979481 0.11964 -0.162182
f 30/30/1502 1581/1123/1513 1580/1122/1512

v 0.238421 0.469341 -1.3591
vt 0.706863 0.165057
vn -0.385842 0.12669 -0.913825
f 30/30/1502 1582/1124/1514 1581/1123/1513

v 0.238421 0.456101 -1.35968
vt 0.706875 0.174218
vn -0.444725 0.289819 -0.847481
f 30/30/1502 1583/1125/1515 1582/1124/1514

vn 0.987521 0.126163 0.0942648
f 30/30/1502 29/29/1516 1583/1125/1515

v 0.238421 0.456377 -1.36156
vt 0.707726 0.174081
vn 0.989871 0.139258 0.0276138
f 29/29/1516 1584/1126/1517 1583/1125/1515

v 0.238421 0.456838 -1.3634
vt 0.708565 0.173816
vn 0.989924 0.135463 0.0412372
f 29/29/1516 1585/1127/1518 1584/1126/1517

v 0.238421 0.457479 -1.36518
vt 0.709381 0.173425
vn 0.989712 0.13204 0.055089
f 29/29/1516 1586/1128/1519 1585/1127/1518

v 0.238421 0.458294 -1.36689
vt 0.710169 0.172912
vn 0.989213 0.128898 0.0695871
f 29/29/1516 1587/1129/1520 1586/1128/1519

v 0.238421 0.459275 -1.36851
vt 0.710919 0.172281
vn 0.988368 0.125962 0.0852193
f 29/29/1516 1588/1130/1521 1587/1129/1520

v 0.238421 0.460413 -1.37003
vt 0.711625 0.17154
vn 0.987068 0.123157 0.10261
f 29/29/1516 1589/1131/1522 1588/1130/1521

v 0.238421 0.461695 -1.37143
vt 0.712279 0.170695
vn 0.985122 0.120407 0.122623
f 29/29/1516 1590/1132/1523 1589/1131/1522

v 0.238421 0.463109 -1.37269
vt 0.712875 0.169754
vn 0.982187 0.117617 0.146546
f 29/29/1516 1591/1133/1524 1590/1132/1523

v 0.238421 0.464642 -1.3738
vt 0.713407 0.168728
vn 0.977613 0.114648 0.176431
f 29/29/1516 1592/1134/1525 1591/1133/1524

v 0.238421 0.466277 -1.37476
vt 0.71387 0.167626
vn 0.970075 0.111259 0.215815
f 29/29/1516 1593/1135/1526 1592/1134/1525

v 0.238421 0.468 -1.37555
vt 0.714259 0.166459
vn 0.916746 0.241145 -0.318473
f 29/29/1516 1594/1136/1527 1593/1135/1526

vn 0.982173 0.174174 -0.0707102
f 29/29/1516 28/28/1528 1594/1136/1527

v 0.238421 0.459032 -1.37828
vt 0.715322 0.172732
vn 0.683556 0.303281 -0.663907
f 28/28/1528 1595/1137/1529 1594/1136/1527

v 0.238421 0.458602 -1.3806
vt 0.71636 0.173096
vn 0.987553 0.156206 -0.0183908
f 28/28/1528 1596/1138/1530 1595/1137/1529

v 0.238421 0.45849 -1.38296
vt 0.717421 0.173242
vn 0.988498 0.151207 0.00301758
f 28/28/1528 1597/1139/1531 1596/1138/1530

v 0.238421 0.4587 -1.38531
vt 0.718485 0.173165
vn 0.988823 0.147258 0.0233197
f 28/28/1528 1598/1140/1532 1597/1139/1531

v 0.238421 0.459226 -1.3876
vt 0.719532 0.172868
vn 0.988599 0.144105 0.0436554
f 28/28/1528 1599/1141/1533 1598/1140/1532

v 0.238421 0.460061 -1.38981
vt 0.720543 0.172355
vn 0.987778 0.141595 0.0651596
f 28/28/1528 1600/1142/1534 1599/1141/1533

v 0.238421 0.461187 -1.39188
vt 0.721499 0.171637
vn 0.986175 0.139643 0.089215
f 28/28/1528 1601/1143/1535 1600/1142/1534

f 28/28/1528 3/3/3 1601/1143/1535

f 28/28/1528 1/1/1 3/3/3

vn -0.987421 0.132332 0.0865351
vn -0.982173 0.174174 -0.0707102
vn -0.986175 0.139643 0.089215
f 3/3/1536 423/28/1537 1601/1143/1538

vn -0.990296 0.123438 0.0638509
f 424/1/1539 423/28/1537 3/3/1536

vn -0.985376 0.113557 0.127042
f 2/2/1540 424/1/1539 3/3/1536

vn -0.982039 0.10528 0.156576
f 4/4/1541 424/1/1539 2/2/1540

vn -0.976066 0.09541 0.195427
f 5/5/1542 424/1/1539 4/4/1541

vn -0.96435 0.082196 0.251543
f 6/6/1543 424/1/1539 5/5/1542

vn -0.987303 0.109364 0.115209
f 7/7/1544 424/1/1539 6/6/1543

vn -0.988858 0.139856 -0.0509853
f 8/8/1545 424/1/1539 7/7/1544

vn -0.989749 0.137885 -0.0371984
f 9/9/1546 424/1/1539 8/8/1545

vn -0.990364 0.136312 -0.0244446
f 10/10/1547 424/1/1539 9/9/1546

vn -0.990758 0.135072 -0.0123789
f 11/11/1548 424/1/1539 10/10/1547

vn -0.990965 0.134121 -0.000717271
f 12/12/1549 424/1/1539 11/11/1548

vn -0.990999 0.133431 0.0107903
f 13/13/1550 424/1/1539 12/12/1549

vn -0.990349 0.134731 0.0325156
f 14/14/1551 424/1/1539 13/13/1550

vn -0.981309 0.102476 0.162887
f 425/15/1552 424/1/1539 14/14/1551

v 0.238421 0.471533 -1.41111
vt 0.73037 0.165049
vn -0.989906 0.137241 0.0353769
f 1602/1144/1553 425/15/1552 14/14/1551

v 0.238421 0.471961 -1.41252
vt 0.731013 0.164794
vn -0.989848 0.134076 0.0471748
f 1603/1145/1554 425/15/1552 1602/1144/1553

v 0.238421 0.472508 -1.41389
vt 0.73164 0.164455
vn -0.989593 0.131128 0.0592468
f 1604/1146/1555 425/15/1552 1603/1145/1554

v 0.238421 0.473171 -1.4152
vt 0.732246 0.164036
vn -0.989123 0.128342 0.0718605
f 1605/1147/1556 425/15/1552 1604/1146/1555

v 0.238421 0.473943 -1.41645
vt 0.732825 0.163538
vn -0.986517 0.120915 0.110289
f 1606/1148/1557 425/15/1552 1605/1147/1556

v 0.238421 0.475217 -1.41748
vt 0.733313 0.162689
vn -0.978853 0.109218 0.172969
f 1607/1149/1558 425/15/1552 1606/1148/1557

v 0.238421 0.476675 -1.41822
vt 0.733675 0.161703
vn -0.961299 0.0940115 0.25897
f 1608/1150/1559 425/15/1552 1607/1149/1558

v 0.238421 0.478255 -1.41865
vt 0.733897 0.160624
vn -0.890196 0.0583014 0.451833
f 1609/1151/1560 425/15/1552 1608/1150/1559

v 0.238421 0.479889 -1.41873
vt 0.733967 0.159498
vn -0.340143 0.00374235 0.940366
f 1610/1152/1561 425/15/1552 1609/1151/1560

v 0.238421 0.493473 -1.4183
vt 0.734028 0.150104
vn -0.510548 0.0786353 0.856246
f 1611/1153/1562 425/15/1552 1610/1152/1561

v 0.238421 0.493881 -1.41946
vt 0.734559 0.149856
vn -0.993685 0.101497 0.0478322
f 1612/1154/1563 425/15/1552 1611/1153/1562

v 0.238421 0.494508 -1.42052
vt 0.735048 0.149453
vn -0.992341 0.0990453 0.0738137
f 1613/1155/1564 425/15/1552 1612/1154/1563

v 0.238421 0.495331 -1.42143
vt 0.735475 0.148912
vn -0.989531 0.0961989 0.107583
f 1614/1156/1565 425/15/1552 1613/1155/1564

v 0.238421 0.496317 -1.42216
vt 0.735825 0.148252
vn -0.983056 0.0922558 0.158399
f 1615/1157/1566 425/15/1552 1614/1156/1565

v 0.238421 0.497427 -1.42269
vt 0.736084 0.1475
vn -0.992947 0.0979268 0.0668316
f 1616/1158/1567 425/15/1552 1615/1157/1566

v 0.238421 0.496692 -1.42404
vt 0.736679 0.148047
vn -0.993971 0.108714 -0.0142208
f 1617/1159/1568 425/15/1552 1616/1158/1567

vn -0.988966 0.0890685 0.118379
f 426/27/1569 425/15/1552 1617/1159/1568

v 0.238421 0.496281 -1.42552
vt 0.737339 0.148374
vn -0.992898 0.117402 -0.0192346
f 1618/1160/1570 426/27/1569 1617/1159/1568

v 0.238421 0.496214 -1.42706
vt 0.73803 0.148464
vn -0.993722 0.111615 0.00768358
f 1619/1161/1571 426/27/1569 1618/1160/1570

v 0.238421 0.496496 -1.42857
vt 0.738717 0.148314
vn -0.993752 0.10664 0.0329464
f 1620/1162/1572 426/27/1569 1619/1161/1571

v 0.238421 0.497111 -1.42997
vt 0.739364 0.147929
vn -0.993004 0.101838 0.05977
f 1621/1163/1573 426/27/1569 1620/1162/1572

v 0.238421 0.498029 -1.43121
vt 0.739938 0.147331
vn -0.991046 0.0965535 0.0922259
f 1622/1164/1574 426/27/1569 1621/1163/1573

v 0.238421 0.499201 -1.4322
vt 0.740409 0.146551
vn -0.986328 0.089631 0.138287
f 1623/1165/1575 426/27/1569 1622/1164/1574

v 0.238421 0.500567 -1.43291
vt 0.740752 0.145627
vn -0.972181 0.0777209 0.220959
f 1624/1166/1576 426/27/1569 1623/1165/1575

v 0.238421 0.502057 -1.43328
vt 0.74095 0.144609
vn -0.889987 0.0418708 0.454059
f 1625/1167/1577 426/27/1569 1624/1166/1576

v 0.238421 0.503594 -1.43331
vt 0.740994 0.143549
vn -0.396283 0.0306791 0.917616
f 1626/1168/1578 426/27/1569 1625/1167/1577

v 0.238421 0.514218 -1.43383
vt 0.741426 0.136227
vn -0.67275 0.158765 0.722635
f 1627/1169/1579 426/27/1569 1626/1168/1578

v 0.238421 0.514145 -1.43521
vt 0.742047 0.136316
vn -0.995728 0.0920082 -0.00775855
f 1628/1170/1580 426/27/1569 1627/1169/1579

v 0.238421 0.513986 -1.43658
vt 0.742662 0.136466
vn -0.995626 0.0924231 -0.0136944
f 1629/1171/1581 426/27/1569 1628/1170/1580

v 0.238421 0.513742 -1.43793
vt 0.74327 0.136674
vn -0.995492 0.0927563 -0.0197778
f 1630/1172/1582 426/27/1569 1629/1171/1581

v 0.238421 0.513412 -1.43927
vt 0.743868 0.136941
vn -0.995252 0.0973111 -0.00195216
f 1631/1173/1583 426/27/1569 1630/1172/1582

f 329/26/275 426/27/1569 1631/1173/1583

v 0.238421 0.512999 -1.44059
vt 0.744454 0.137264
vn -0.781064 0.183739 0.596807
f 1632/1174/1584 329/26/275 1631/1173/1583

v 0.238421 0.516318 -1.44066
vt 0.74455 0.134974
vn -0.631303 0.0856474 0.770792
f 1633/1175/1585 329/26/275 1632/1174/1584

v 0.238421 0.517383 -1.44099
vt 0.744715 0.134247
vn -0.98314 0.0634616 0.171488
f 1634/1176/1586 329/26/275 1633/1175/1585

v 0.238421 0.518395 -1.44145
vt 0.744944 0.133562
vn -0.988603 0.0711406 0.132676
f 1635/1177/1587 329/26/275 1634/1176/1586

v 0.238421 0.519335 -1.44205
vt 0.745231 0.13293
vn -0.991559 0.0763326 0.104807
f 1636/1178/1588 329/26/275 1635/1177/1587

v 0.238421 0.520186 -1.44277
vt 0.745571 0.132364
vn -0.993309 0.080107 0.0831928
f 1637/1179/1589 329/26/275 1636/1178/1588

v 0.238421 0.52093 -1.44359
vt 0.745959 0.131873
vn -0.994401 0.0829985 0.0654105
f 1638/1180/1590 329/26/275 1637/1179/1589

v 0.238421 0.521556 -1.44451
vt 0.746386 0.131468
vn -0.979088 0.114391 -0.168232
f 1639/1181/1591 329/26/275 1638/1180/1590

v 0.238421 0.517485 -1.44598
vt 0.74697 0.134322
vn -0.909742 0.139107 -0.391176
f 1640/1182/1592 329/26/275 1639/1181/1591

v 0.238421 0.516155 -1.44645
vt 0.747156 0.135254
vn -0.949034 0.129865 -0.287176
f 1641/1183/1593 329/26/275 1640/1182/1592

v 0.238421 0.514991 -1.44724
vt 0.747493 0.13608
vn -0.98439 0.114285 -0.133846
f 1642/1184/1594 329/26/275 1641/1183/1593

v 0.238421 0.514074 -1.44831
vt 0.747958 0.136745
vn -0.991494 0.107984 -0.0726587
f 1643/1185/1595 329/26/275 1642/1184/1594

v 0.238421 0.513464 -1.44958
vt 0.74852 0.137203
vn -0.993914 0.104426 -0.0350672
f 1644/1186/1596 329/26/275 1643/1185/1595

v 0.238421 0.513204 -1.45097
vt 0.74914 0.137423
vn -0.994765 0.102021 -0.00582325
f 1645/1187/1597 329/26/275 1644/1186/1596

v 0.238421 0.513311 -1.45237
vt 0.749776 0.13739
vn -0.994741 0.100179 0.0213099
f 1646/1188/1598 329/26/275 1645/1187/1597

v 0.238421 0.513778 -1.4537
vt 0.750385 0.137106
vn -0.993825 0.09859 0.0509021
f 1647/1189/1599 329/26/275 1646/1188/1598

f 328/308/274 329/26/275 1647/1189/1599

vn 0.995479 0.0945339 0.00916633
vn 0.986094 0.0792515 0.146077
vn 0.993825 0.09859 0.0509021
f 26/26/1600 328/308/1601 1647/1189/1602

f 26/26/1600 25/25/29 328/308/1601

vn 0.96523 0.0521151 0.256154
f 25/25/29 327/307/1603 328/308/1601

vn 0.980973 0.069939 0.181109
f 25/25/29 326/306/1604 327/307/1603

vn 0.987571 0.0801283 0.135218
f 25/25/29 325/305/1605 326/306/1604

vn 0.990889 0.0868336 0.102956
f 25/25/29 324/304/1606 325/305/1605

vn 0.992732 0.0916717 0.0779762
f 25/25/29 323/303/1607 324/304/1606

vn 0.993796 0.0954025 0.057159
f 25/25/29 322/302/1608 323/303/1607

vn 0.99439 0.0984324 0.0387298
f 25/25/29 321/301/1609 322/302/1608

vn 0.994653 0.101001 0.0215289
f 25/25/29 320/300/1610 321/301/1609

vn 0.994643 0.103264 0.00466901
f 25/25/29 319/299/1611 320/300/1610

vn 0.994357 0.105328 -0.0126651
f 25/25/29 318/298/1612 319/299/1611

vn 0.993734 0.107279 -0.0313835
f 25/25/29 317/297/1613 318/298/1612

vn 0.991445 0.110562 -0.0693677
f 25/25/29 316/296/1614 317/297/1613

vn 0.990425 0.111658 -0.0811887
f 25/25/29 315/295/1615 316/296/1614

vn 0.992591 0.109678 -0.0522858
f 25/25/29 314/294/1616 315/295/1615

vn 0.993699 0.108271 -0.0289688
f 25/25/29 313/293/1617 314/294/1616

vn 0.994199 0.107229 -0.00840549
f 25/25/29 312/292/1618 313/293/1617

f 25/25/29 134/123/31 312/292/1618

vn 0.994741 0.100179 0.0213099
f 26/26/1600 1647/1189/1602 1646/1188/1619

vn 0.994765 0.102021 -0.00582325
f 26/26/1600 1646/1188/1619 1645/1187/1620

vn 0.993914 0.104426 -0.0350672
f 26/26/1600 1645/1187/1620 1644/1186/1621

vn 0.991494 0.107984 -0.0726587
f 26/26/1600 1644/1186/1621 1643/1185/1622

vn 0.98439 0.114285 -0.133846
f 26/26/1600 1643/1185/1622 1642/1184/1623

vn 0.949034 0.129865 -0.287176
f 26/26/1600 1642/1184/1623 1641/1183/1624

vn 0.909742 0.139107 -0.391176
f 26/26/1600 1641/1183/1624 1640/1182/1625

vn 0.979088 0.114391 -0.168232
f 26/26/1600 1640/1182/1625 1639/1181/1626

v 0.238421 0.522051 -1.44551
vt 0.746845 0.131155
v 0.238421 0.522407 -1.44657
vt 0.747328 0.13094
v 0.238421 0.522615 -1.44766
vt 0.747826 0.130827
v 0.238421 0.521546 -1.44674
vt 0.747391 0.131539
v 0.238421 0.520275 -1.44613
vt 0.747092 0.132399
v 0.238421 0.51889 -1.44587
vt 0.746949 0.133348
f 1639/1181/96 1648/1190/96 1649/1191/96 1650/1192/96 1651/1193/96 1652/1194/96 1653/1195/96 1640/1182/96 

vn 0.994401 0.0829985 0.0654105
f 26/26/1600 1639/1181/1626 1638/1180/1627

vn 0.993309 0.080107 0.0831928
f 26/26/1600 1638/1180/1627 1637/1179/1628

vn 0.991559 0.0763326 0.104807
f 26/26/1600 1637/1179/1628 1636/1178/1629

vn 0.988603 0.0711406 0.132676
f 26/26/1600 1636/1178/1629 1635/1177/1630

vn 0.98314 0.0634616 0.171488
f 26/26/1600 1635/1177/1630 1634/1176/1631

f 26/26/1600 1634/1176/1631 1633/1175/1585

f 26/26/1600 1633/1175/1585 1632/1174/1584

v 0.238421 0.514105 -1.44046
vt 0.744418 0.136497
v 0.238421 0.515218 -1.44049
vt 0.74445 0.135729
f 1654/1196/96 1655/1197/96 1633/1175/1585 1632/1174/1584 

vn 0.995252 0.0973111 -0.00195216
f 26/26/1600 1632/1174/1584 1631/1173/1632

vn 0.988966 0.0890685 0.118379
f 27/27/1633 26/26/1600 1631/1173/1632

vn 0.995492 0.0927563 -0.0197778
f 27/27/1633 1631/1173/1632 1630/1172/1634

vn 0.995626 0.0924231 -0.0136944
f 27/27/1633 1630/1172/1634 1629/1171/1635

vn 0.995728 0.0920082 -0.00775855
f 27/27/1633 1629/1171/1635 1628/1170/1636

f 27/27/1633 1628/1170/1636 1627/1169/1579

f 27/27/1633 1627/1169/1579 1626/1168/1578

v 0.238421 0.514102 -1.43107
vt 0.740181 0.136227
v 0.238421 0.514203 -1.43245
vt 0.740804 0.136197
v 0.238421 0.505098 -1.433
vt 0.740879 0.142501
v 0.238421 0.506491 -1.43235
vt 0.740613 0.14152
v 0.238421 0.507056 -1.43195
vt 0.740444 0.141118
v 0.238421 0.507564 -1.43148
vt 0.740242 0.140754
v 0.238421 0.508006 -1.43095
vt 0.740011 0.140433
v 0.238421 0.508376 -1.43037
vt 0.739754 0.140161
v 0.238421 0.508665 -1.42974
vt 0.739477 0.139943
v 0.238421 0.508871 -1.42908
vt 0.739183 0.139782
v 0.238421 0.508988 -1.4284
vt 0.738877 0.139681
v 0.238421 0.509015 -1.42771
vt 0.738566 0.139642
v 0.238421 0.508952 -1.42702
vt 0.738255 0.139666
v 0.238421 0.5088 -1.42634
vt 0.737947 0.139752
v 0.238421 0.508561 -1.4257
vt 0.73765 0.139898
v 0.238421 0.508239 -1.42508
vt 0.737368 0.140103
v 0.238421 0.508369 -1.42454
vt 0.737126 0.139997
v 0.238421 0.508635 -1.42405
vt 0.736909 0.139799
v 0.238421 0.50902 -1.42364
vt 0.736733 0.139522
v 0.238421 0.509496 -1.42335
vt 0.736611 0.139185
v 0.238421 0.510031 -1.42319
vt 0.736549 0.13881
v 0.238421 0.51059 -1.42318
vt 0.736553 0.138424
v 0.238421 0.511133 -1.42331
vt 0.736622 0.138053
v 0.238421 0.511624 -1.42357
vt 0.736751 0.137721
v 0.238421 0.512029 -1.42396
vt 0.736932 0.137452
v 0.238421 0.512321 -1.42443
vt 0.737153 0.137264
v 0.238421 0.512843 -1.42571
vt 0.737739 0.136941
v 0.238421 0.513284 -1.42702
vt 0.738337 0.136674
v 0.238421 0.513642 -1.42835
vt 0.738945 0.136466
v 0.238421 0.513915 -1.42971
vt 0.73956 0.136316
f 1656/1198/96 1657/1199/96 1627/1169/1579 1626/1168/1578 1658/1200/96 1659/1201/96 1660/1202/96 1661/1203/96 1662/1204/96 1663/1205/96 1664/1206/96 1665/1207/96 1666/1208/96 1667/1209/96 1668/1210/96 1669/1211/96 1670/1212/96 1671/1213/96 1672/1214/96 1673/1215/96 1674/1216/96 1675/1217/96 1676/1218/96 1677/1219/96 1678/1220/96 1679/1221/96 1680/1222/96 1681/1223/96 1682/1224/96 1683/1225/96 1684/1226/96 1685/1227/96 

vn 0.889987 0.0418708 0.454059
f 27/27/1633 1626/1168/1578 1625/1167/1637

vn 0.972181 0.0777209 0.220959
f 27/27/1633 1625/1167/1637 1624/1166/1638

vn 0.986328 0.089631 0.138287
f 27/27/1633 1624/1166/1638 1623/1165/1639

vn 0.991046 0.0965535 0.0922259
f 27/27/1633 1623/1165/1639 1622/1164/1640

vn 0.993004 0.101838 0.05977
f 27/27/1633 1622/1164/1640 1621/1163/1641

vn 0.993752 0.10664 0.0329464
f 27/27/1633 1621/1163/1641 1620/1162/1642

vn 0.993722 0.111615 0.00768358
f 27/27/1633 1620/1162/1642 1619/1161/1643

vn 0.992898 0.117402 -0.0192346
f 27/27/1633 1619/1161/1643 1618/1160/1644

vn 0.993971 0.108714 -0.0142208
f 27/27/1633 1618/1160/1644 1617/1159/1645

f 15/15/15 27/27/1633 1617/1159/1645

vn 0.992947 0.0979268 0.0668316
f 15/15/15 1617/1159/1645 1616/1158/1646

vn 0.983056 0.0922558 0.158399
f 15/15/15 1616/1158/1646 1615/1157/1647

vn 0.989531 0.0961989 0.107583
f 15/15/15 1615/1157/1647 1614/1156/1648

vn 0.992341 0.0990453 0.0738137
f 15/15/15 1614/1156/1648 1613/1155/1649

vn 0.993685 0.101497 0.0478322
f 15/15/15 1613/1155/1649 1612/1154/1650

f 15/15/15 1612/1154/1650 1611/1153/1562

f 15/15/15 1611/1153/1562 1610/1152/1561

v 0.238421 0.494216 -1.41356
vt 0.731904 0.149453
v 0.238421 0.49368 -1.41467
vt 0.732393 0.149856
v 0.238421 0.49337 -1.41586
vt 0.732923 0.150104
v 0.238421 0.4933 -1.41708
vt 0.733476 0.150188
v 0.238421 0.481506 -1.41848
vt 0.733884 0.158374
v 0.238421 0.483036 -1.4179
vt 0.733651 0.157301
v 0.238421 0.484412 -1.41701
vt 0.733277 0.156325
v 0.238421 0.485575 -1.41586
vt 0.73278 0.155488
v 0.238421 0.486474 -1.4145
vt 0.73218 0.154828
v 0.238421 0.487071 -1.41297
vt 0.731504 0.154371
v 0.238421 0.487341 -1.41136
vt 0.730781 0.154139
v 0.238421 0.48727 -1.40972
vt 0.730042 0.15414
v 0.238421 0.487619 -1.4085
vt 0.729495 0.153863
v 0.238421 0.488274 -1.4074
vt 0.729013 0.153379
v 0.238421 0.48919 -1.40651
vt 0.728629 0.152721
v 0.238421 0.490305 -1.40589
vt 0.72837 0.151933
v 0.238421 0.491543 -1.40558
vt 0.728253 0.151069
v 0.238421 0.492819 -1.4056
vt 0.728286 0.150188
v 0.238421 0.494047 -1.40595
vt 0.728467 0.14935
v 0.238421 0.495142 -1.4066
vt 0.728783 0.148613
v 0.238421 0.496031 -1.40752
vt 0.729213 0.148026
v 0.238421 0.496652 -1.40864
vt 0.729728 0.147629
v 0.238421 0.496963 -1.40987
vt 0.730293 0.14745
v 0.238421 0.496944 -1.41115
vt 0.730868 0.1475
v 0.238421 0.495881 -1.41177
vt 0.731126 0.148252
v 0.238421 0.49496 -1.41258
vt 0.731476 0.148912
f 1686/1228/96 1687/1229/96 1688/1230/96 1689/1231/96 1611/1153/1562 1610/1152/1561 1690/1232/96 1691/1233/96 1692/1234/96 1693/1235/96 1694/1236/96 1695/1237/96 1696/1238/96 1697/1239/96 1698/1240/96 1699/1241/96 1700/1242/96 1701/1243/96 1702/1244/96 1703/1245/96 1704/1246/96 1705/1247/96 1706/1248/96 1707/1249/96 1708/1250/96 1709/1251/96 1710/1252/96 1711/1253/96 

vn 0.890196 0.0583014 0.451833
f 15/15/15 1610/1152/1561 1609/1151/1651

vn 0.961299 0.0940115 0.25897
f 15/15/15 1609/1151/1651 1608/1150/1652

vn 0.978853 0.109218 0.172969
f 15/15/15 1608/1150/1652 1607/1149/1653

vn 0.986517 0.120915 0.110289
f 15/15/15 1607/1149/1653 1606/1148/1654

vn 0.989123 0.128342 0.0718605
f 15/15/15 1606/1148/1654 1605/1147/1655

vn 0.989593 0.131128 0.0592468
f 15/15/15 1605/1147/1655 1604/1146/1656

vn 0.989848 0.134076 0.0471748
f 15/15/15 1604/1146/1656 1603/1145/1657

vn 0.989906 0.137241 0.0353769
f 15/15/15 1603/1145/1657 1602/1144/1658

f 15/15/15 1602/1144/1658 14/14/14

vn -0.987778 0.141595 0.0651596
f 1601/1143/1538 423/28/1537 1600/1142/1659

vn -0.988599 0.144105 0.0436554
f 1600/1142/1659 423/28/1537 1599/1141/1660

vn -0.988823 0.147258 0.0233197
f 1599/1141/1660 423/28/1537 1598/1140/1661

vn -0.988498 0.151207 0.00301758
f 1598/1140/1661 423/28/1537 1597/1139/1662

vn -0.987553 0.156206 -0.0183908
f 1597/1139/1662 423/28/1537 1596/1138/1663

vn -0.683556 0.303281 -0.663907
f 1596/1138/1663 423/28/1537 1595/1137/1664

vn -0.916746 0.241145 -0.318473
f 1595/1137/1664 423/28/1537 1594/1136/1665

vn -0.987521 0.126163 0.0942648
f 423/28/1537 422/29/1666 1594/1136/1665

vn -0.970075 0.111259 0.215815
f 1594/1136/1665 422/29/1666 1593/1135/1667

vn -0.977613 0.114648 0.176431
f 1593/1135/1667 422/29/1666 1592/1134/1668

vn -0.982187 0.117617 0.146546
f 1592/1134/1668 422/29/1666 1591/1133/1669

vn -0.985122 0.120407 0.122623
f 1591/1133/1669 422/29/1666 1590/1132/1670

vn -0.987068 0.123157 0.10261
f 1590/1132/1670 422/29/1666 1589/1131/1671

vn -0.988368 0.125962 0.0852193
f 1589/1131/1671 422/29/1666 1588/1130/1672

vn -0.989213 0.128898 0.0695871
f 1588/1130/1672 422/29/1666 1587/1129/1673

vn -0.989712 0.13204 0.055089
f 1587/1129/1673 422/29/1666 1586/1128/1674

vn -0.989924 0.135463 0.0412372
f 1586/1128/1674 422/29/1666 1585/1127/1675

vn -0.989871 0.139258 0.0276138
f 1585/1127/1675 422/29/1666 1584/1126/1676

f 1584/1126/1676 422/29/1666 1583/1125/1515

vn -0.991942 0.106827 -0.0681165
f 422/29/1666 421/30/1677 1583/1125/1515

f 1583/1125/1515 421/30/1677 1582/1124/1514

vn -0.979481 0.11964 -0.162182
f 1582/1124/1514 421/30/1677 1581/1123/1678

vn -0.986081 0.117794 -0.11734
f 1581/1123/1678 421/30/1677 1580/1122/1679

vn -0.989672 0.115649 -0.0847071
f 1580/1122/1679 421/30/1677 1579/1121/1680

vn -0.991796 0.113317 -0.0591605
f 1579/1121/1680 421/30/1677 1578/1120/1681

vn -0.993114 0.110819 -0.0379964
f 1578/1120/1681 421/30/1677 1577/1119/1682

vn -0.993995 0.107903 -0.0181686
f 1577/1119/1682 421/30/1677 1576/1118/1683

vn -0.994536 0.104359 0.00254611
f 1576/1118/1683 421/30/1677 1575/1117/1684

vn -0.994673 0.100368 0.0234924
f 1575/1117/1684 421/30/1677 1574/1116/1685

vn -0.99439 0.0959076 0.0446228
f 1574/1116/1685 421/30/1677 1573/1115/1686

vn -0.993591 0.0905841 0.0676136
f 1573/1115/1686 421/30/1677 1572/1114/1687

f 1572/1114/1687 421/30/1677 1571/1113/1503

f 1571/1113/1503 421/30/1677 1570/1112/1501

vn -0.991544 0.128917 -0.0148666
f 421/30/1677 420/31/1688 1570/1112/1501

vn -0.991573 0.125031 -0.0339222
f 1570/1112/1501 420/31/1688 1569/1111/1689

vn -0.99306 0.117345 -0.00786562
f 420/31/1688 419/32/1690 1569/1111/1689

vn -0.991894 0.120281 -0.0409788
f 1569/1111/1689 419/32/1690 1568/1110/1691

vn -0.992312 0.119781 -0.03114
f 1568/1110/1691 419/32/1690 1567/1109/1692

vn -0.992653 0.119037 -0.0217016
f 1567/1109/1692 419/32/1690 1566/1108/1693

vn -0.992927 0.11806 -0.0125994
f 1566/1108/1693 419/32/1690 1565/1107/1694

vn -0.993141 0.116861 -0.00377685
f 1565/1107/1694 419/32/1690 1564/1106/1695

vn -0.993302 0.115444 0.0048169
f 1564/1106/1695 419/32/1690 1563/1105/1696

vn -0.993414 0.113811 0.013228
f 1563/1105/1696 419/32/1690 1562/1104/1697

vn -0.99348 0.11196 0.0214991
f 1562/1104/1697 419/32/1690 1561/1103/1698

vn -0.99304 0.116335 0.018386
f 1561/1103/1698 419/32/1690 1560/1102/1699

vn -0.992557 0.11957 0.023098
f 419/32/1690 418/33/1700 1560/1102/1699

vn -0.992152 0.117959 0.0414679
f 1560/1102/1699 418/33/1700 1559/1101/1701

vn -0.991788 0.11719 0.0512221
f 1559/1101/1701 418/33/1700 1558/1100/1702

vn -0.990029 0.128842 0.0569435
f 1558/1100/1702 418/33/1700 1557/1099/1703

vn -0.989308 0.143274 0.0272288
f 418/33/1700 417/34/1704 1557/1099/1703

vn -0.987801 0.154407 0.0202076
f 1557/1099/1703 417/34/1704 1556/1098/1705

vn -0.986653 0.158983 -0.035219
f 416/35/1706 1556/1098/1705 417/34/1704

vn -0.986662 0.159165 -0.0341334
f 415/36/1707 1555/1097/1707 1556/1098/1705 416/35/1706 

vn -0.986662 0.160489 -0.0272369
f 414/37/1708 1554/1096/1708 1555/1097/1707 415/36/1707 

vn -0.986662 0.161514 -0.0202897
f 413/38/1709 1553/1095/1709 1554/1096/1708 414/37/1708 

vn -0.986662 0.162239 -0.0133048
f 412/39/1710 1552/1094/1710 1553/1095/1709 413/38/1709 

vn -0.986662 0.162662 -0.00629504
f 411/40/1711 1551/1093/1711 1552/1094/1710 412/39/1710 

vn -0.986662 0.162782 0.000726393
f 410/41/1712 1550/1092/1712 1551/1093/1711 411/40/1711 

vn -0.986662 0.162599 0.00774647
f 409/42/1713 1549/1091/1713 1550/1092/1712 410/41/1712 

vn -0.986656 0.162345 0.0123767
f 408/43/1714 1548/1090/1714 1549/1091/1713 409/42/1713 

vn -0.986658 0.162043 0.0157393
f 407/44/1715 1547/1089/1715 1548/1090/1714 408/43/1714 

vn -0.986658 0.161545 0.0202132
f 406/45/1716 1546/1088/1716 1547/1089/1715 407/44/1715 

vn -0.986658 0.160925 0.0246717
f 405/46/1717 1545/1087/1717 1546/1088/1716 406/45/1716 

vn -0.986658 0.160181 0.0291113
f 404/47/1718 1544/1086/1718 1545/1087/1717 405/46/1717 

vn -0.986658 0.159315 0.0335286
f 403/48/1719 1543/1085/1719 1544/1086/1718 404/47/1718 

vn -0.986658 0.158327 0.0379203
f 402/49/1720 1542/1084/1720 1543/1085/1719 403/48/1719 

vn -0.986658 0.157218 0.042283
f 401/50/1721 1541/1083/1721 1542/1084/1720 402/49/1720 

vn -0.986658 0.155989 0.0466133
f 400/51/1722 1540/1082/1722 1541/1083/1721 401/50/1721 

vn -0.986658 0.154641 0.0509081
f 399/52/1723 1539/1081/1723 1540/1082/1722 400/51/1722 

vn -0.986658 0.153175 0.0551639
f 398/53/1724 1538/1080/1724 1539/1081/1723 399/52/1723 

vn -0.986658 0.151591 0.0593776
f 397/54/1725 1537/1079/1725 1538/1080/1724 398/53/1724 

vn -0.986658 0.15161 0.0593272
f 396/55/1726 1536/1078/1726 1537/1079/1725 397/54/1725 

vn -0.986679 0.154589 0.0506644
f 395/56/1727 1535/1077/1727 1536/1078/1726 396/55/1726 

vn -0.986679 0.158305 0.0374723
f 394/57/1728 1534/1076/1728 1535/1077/1727 395/56/1727 

vn -0.986679 0.160897 0.0240143
f 393/58/1729 1533/1075/1729 1534/1076/1728 394/57/1728 

vn -0.986679 0.162348 0.0103858
f 392/59/1730 1532/1074/1730 1533/1075/1729 393/58/1729 

vn -0.986679 0.162646 -0.00331639
f 391/60/1731 1531/1073/1731 1532/1074/1730 392/59/1730 

vn -0.986679 0.161789 -0.016995
f 390/61/1732 1530/1072/1732 1531/1073/1731 391/60/1731 

vn -0.986679 0.159785 -0.0305531
f 389/62/1733 1529/1071/1733 1530/1072/1732 390/61/1732 

vn -0.986679 0.156646 -0.0438942
f 388/63/1734 1528/1070/1734 1529/1071/1733 389/62/1733 

f 387/64/1025 1512/1069/1025 1528/1070/1734 388/63/1734 

v 0.238421 0.472437 -1.34047
vt 0.698515 0.16238
v 0.238421 0.473738 -1.34106
vt 0.698805 0.161498
v 0.238421 0.465707 -1.34173
vt 0.698958 0.167064
v 0.238421 0.466891 -1.34093
vt 0.698621 0.166223
v 0.238421 0.468212 -1.34039
vt 0.698401 0.165295
v 0.238421 0.469615 -1.34013
vt 0.698308 0.164318
v 0.238421 0.471043 -1.34015
vt 0.698347 0.163333
f 1712/1254/96 1713/1255/96 1571/1113/1503 1570/1112/1501 1714/1256/96 1715/1257/96 1716/1258/96 1717/1259/96 1718/1260/96 

v 0.238421 0.467255 -1.36003
vt 0.707242 0.166524
v 0.238421 0.465054 -1.36063
vt 0.707474 0.168062
v 0.238421 0.462787 -1.36091
vt 0.707553 0.169635
v 0.238421 0.460506 -1.36083
vt 0.707478 0.171209
v 0.238421 0.45826 -1.36042
vt 0.707251 0.172748
f 1582/1124/1514 1719/1261/96 1720/1262/96 1721/1263/96 1722/1264/96 1723/1265/96 1583/1125/1515 

v 0.238421 0.469055 -1.37678
vt 0.714835 0.165766
v 0.238421 0.468265 -1.37733
vt 0.715067 0.166328
v 0.238421 0.467428 -1.3778
vt 0.715264 0.166919
v 0.238421 0.466552 -1.37819
vt 0.715425 0.167536
v 0.238421 0.465643 -1.37851
vt 0.715549 0.168173
v 0.238421 0.46471 -1.37874
vt 0.715634 0.168824
v 0.238421 0.463759 -1.37888
vt 0.71568 0.169484
v 0.238421 0.4628 -1.37893
vt 0.715687 0.170148
v 0.238421 0.46184 -1.3789
vt 0.715654 0.170811
v 0.238421 0.460886 -1.37878
vt 0.715582 0.171466
v 0.238421 0.459948 -1.37857
vt 0.715471 0.172108
v 0.238421 0.469793 -1.37617
vt 0.714571 0.165239
f 1724/1266/96 1725/1267/96 1726/1268/96 1727/1269/96 1728/1270/96 1729/1271/96 1730/1272/96 1731/1273/96 1732/1274/96 1733/1275/96 1734/1276/96 1595/1137/96 1594/1136/96 1735/1277/96 

vn 0.986665 0.159906 -0.0303744
vn 0.986656 0.159106 -0.0345782
f 571/431/1453 1509/1068/1453 1506/1067/1735 574/434/1735 569/429/1736 

vn 0.986665 0.161281 -0.0219302
vn 0.986656 0.160703 -0.0261702
f 574/434/1735 1506/1067/1735 1503/1066/1737 577/437/1737 572/432/1738 

vn 0.986665 0.162211 -0.0134254
vn 0.986656 0.161856 -0.0176899
f 577/437/1737 1503/1066/1737 1501/1065/1739 580/440/1739 575/435/1740 

vn 0.986665 0.162692 -0.00488353
f 580/440/1739 1501/1065/1739 1498/1064/1741 581/441/1741 

vn 0.986665 0.162724 0.00367186
vn 0.986656 0.162819 -0.00060625
f 581/441/1741 1498/1064/1741 1495/1063/1742 584/444/1742 578/438/1743 

vn 0.986665 0.162306 0.0122171
vn 0.986656 0.162626 0.0079499
f 584/444/1742 1495/1063/1742 1492/1062/1744 587/447/1744 582/442/1745 

vn 0.986665 0.16144 0.0207286
vn 0.986656 0.161984 0.0164841
f 587/447/1744 1492/1062/1744 1489/1061/1746 590/450/1746 585/445/1747 

vn 0.986665 0.160128 0.0291828
vn 0.986656 0.160894 0.0249727
f 590/450/1746 1489/1061/1746 1487/1060/1748 593/453/1748 588/448/1749 

vn 0.986665 0.158373 0.0375564
f 593/453/1748 1487/1060/1748 1484/1059/1750 594/454/1750 

vn 0.986665 0.156181 0.0458262
vn 0.986656 0.157385 0.0417197
f 594/454/1750 1484/1059/1750 1481/1058/1751 597/457/1751 591/451/1752 

vn 0.98666 0.154069 0.0525884
vn 0.986656 0.154975 0.0499319
f 597/457/1751 1481/1058/1751 1479/1057/1753 600/460/1753 595/455/1754 

vn 0.986657 0.152699 0.0564957
f 600/460/1753 1479/1057/1753 1476/1056/1755 601/461/1755 

vn 0.986657 0.151753 0.0589904
vn 0.986656 0.152236 0.0577469
f 601/461/1755 1476/1056/1755 1474/1055/1756 604/464/1756 598/458/1757 

vn 0.986657 0.150765 0.0614693
f 604/464/1756 1474/1055/1756 1472/1054/1758 605/465/1758 

vn 0.986657 0.149738 0.0639317
f 605/465/1758 1472/1054/1758 1470/1053/1759 606/466/1759 

vn 0.986657 0.14867 0.0663769
f 606/466/1759 1470/1053/1759 1468/1052/1760 607/467/1760 

vn 0.986657 0.147562 0.0688043
f 607/467/1760 1468/1052/1760 1465/1051/1761 608/468/1761 

vn 0.986657 0.146415 0.0712132
vn 0.986656 0.146999 0.0700133
f 608/468/1761 1465/1051/1761 1463/1050/1762 611/471/1762 602/462/1763 

vn 0.986657 0.145228 0.0736029
f 611/471/1762 1463/1050/1762 1461/1049/1764 612/472/1764 

vn 0.986657 0.144003 0.0759729
f 612/472/1764 1461/1049/1764 1459/1048/1765 613/473/1765 

vn 0.986657 0.142739 0.0783225
f 613/473/1765 1459/1048/1765 1457/1047/1766 614/474/1766 

vn 0.986657 0.141436 0.0806511
f 614/474/1766 1457/1047/1766 1454/1046/1767 615/475/1767 

vn 0.986662 0.142437 0.0788086
vn 0.986656 0.140775 0.08181
f 615/475/1767 1454/1046/1767 1451/1045/1768 618/478/1768 609/469/1769 

vn 0.986687 0.147474 0.0685537
vn 0.986656 0.144097 0.0758064
f 618/478/1768 1451/1045/1768 1448/1044/1770 621/481/1770 616/476/1771 

vn 0.986687 0.15349 0.0537475
vn 0.986656 0.150841 0.0612967
f 621/481/1770 1448/1044/1770 1444/1043/1772 624/484/1772 619/479/1773 

vn 0.986687 0.158025 0.0384223
vn 0.986656 0.15613 0.046195
f 624/484/1772 1444/1043/1772 1441/1042/1774 629/489/1774 625/485/1775 622/482/1775 

vn 0.986687 0.161033 0.022726
vn 0.986656 0.15991 0.0306471
f 629/489/1774 1441/1042/1774 1438/1041/1776 632/492/1776 627/487/1777 

vn 0.986687 0.162486 0.00681019
vn 0.986656 0.162146 0.0148033
f 632/492/1776 1438/1041/1776 1434/1040/1778 635/495/1778 630/490/1779 

vn 0.986687 0.16237 -0.00917137
vn 0.986656 0.162816 -0.00118341
f 635/495/1778 1434/1040/1778 1431/1039/1780 640/500/1780 636/496/1781 633/493/1781 

vn 0.986687 0.160686 -0.0250644
vn 0.986656 0.161914 -0.0171587
f 640/500/1780 1431/1039/1780 1428/1038/1782 643/503/1782 638/498/1783 

vn 0.986687 0.15745 -0.0407153
vn 0.986656 0.159448 -0.0329684
f 643/503/1782 1428/1038/1782 1425/1037/1784 646/506/1784 641/501/1785 

vn 0.986687 0.152693 -0.055973
vn 0.986656 0.155442 -0.0484596
f 646/506/1784 1425/1037/1784 1422/1036/1786 649/509/1786 644/504/1787 

vn 0.986687 0.146462 -0.0706902
vn 0.986656 0.149935 -0.0634828
f 649/509/1786 1422/1036/1786 1416/1035/1788 652/512/1788 647/507/1789 

vn 0.986656 0.142876 -0.0780828
vn 0.986656 0.142979 -0.077893
f 652/512/1788 1416/1035/1788 1409/1034/1790 661/521/1790 657/517/1791 655/515/1791 653/513/1791 650/510/1791 

vn 0.986684 0.146102 -0.0714765
vn 0.986656 0.142772 -0.0782727
f 661/521/1790 1409/1034/1790 1403/1033/1792 672/532/1792 668/528/1793 666/526/1793 664/524/1793 662/522/1793 659/519/1793 

vn 0.986684 0.152108 -0.0576001
vn 0.986656 0.149424 -0.0646762
f 672/532/1792 1403/1033/1792 1400/1032/1794 681/541/1794 677/537/1795 675/535/1795 673/533/1795 670/530/1795 

vn 0.986684 0.1568 -0.0432259
vn 0.986656 0.154784 -0.0505207
f 681/541/1794 1400/1032/1794 1397/1031/1796 684/544/1796 679/539/1797 

vn 0.986684 0.160136 -0.0284782
vn 0.986656 0.158807 -0.0359287
f 684/544/1796 1397/1031/1796 1395/1030/1798 687/547/1798 682/542/1799 

vn 0.986684 0.162089 -0.0134844
f 687/547/1798 1395/1030/1798 1392/1029/1800 688/548/1800 

vn 0.986684 0.162641 0.00162601
vn 0.986656 0.162712 -0.00594185
f 688/548/1800 1392/1029/1800 1389/1028/1801 691/551/1801 685/545/1802 

vn 0.986684 0.161787 0.0167223
vn 0.986656 0.16256 0.00919377
f 691/551/1801 1389/1028/1801 1386/1027/1803 694/554/1803 689/549/1804 

vn 0.986684 0.159535 0.0316741
vn 0.986656 0.161004 0.0242499
f 694/554/1803 1386/1027/1803 1383/1026/1805 697/557/1805 692/552/1806 

vn 0.986684 0.155904 0.0463522
vn 0.986656 0.158057 0.0390965
f 697/557/1805 1383/1026/1805 1380/1025/1807 700/560/1807 695/555/1808 

vn 0.986684 0.150926 0.0606297
vn 0.986656 0.153743 0.0536052
f 700/560/1807 1380/1025/1807 1377/1024/1809 703/563/1809 698/558/1810 

vn 0.986684 0.144644 0.0743832
vn 0.986656 0.148101 0.0676507
f 703/563/1809 1377/1024/1809 1374/1023/1811 706/566/1811 701/561/1812 

vn 0.986689 0.136767 0.0879789
vn 0.986656 0.141178 0.0811115
f 706/566/1811 1374/1023/1811 1371/1022/1813 709/569/1813 704/564/1814 

vn 0.986686 0.136576 0.0883097
vn 0.986656 0.132347 0.0948405
f 709/569/1813 1371/1022/1813 1368/1021/1815 712/572/1815 707/567/1816 

vn 0.986686 0.144382 0.0748688
vn 0.986656 0.140796 0.0817735
f 712/572/1815 1368/1021/1815 1365/1020/1817 715/575/1817 710/570/1818 

vn 0.986686 0.15087 0.0607441
vn 0.986656 0.147959 0.0679596
f 715/575/1817 1365/1020/1817 1362/1019/1819 718/578/1819 713/573/1820 

vn 0.986686 0.155979 0.0460646
vn 0.986656 0.153771 0.053525
f 718/578/1819 1362/1019/1819 1358/1018/1821 721/581/1821 716/576/1822 

vn 0.986686 0.159664 0.0309644
vn 0.986656 0.158178 0.0386015
f 721/581/1821 1358/1018/1821 1355/1017/1823 726/586/1823 722/582/1824 719/579/1824 

vn 0.986686 0.161891 0.0155814
vn 0.986656 0.161141 0.0233254
f 726/586/1823 1355/1017/1823 1351/1016/1825 729/589/1825 724/584/1826 

vn 0.986686 0.162639 5.60204e-05
vn 0.986656 0.162632 0.00783635
f 729/589/1825 1351/1016/1825 1347/1015/1827 734/594/1827 730/590/1828 727/587/1828 

vn 0.986686 0.161902 -0.0154698
vn 0.986656 0.162637 -0.00772432
f 734/594/1827 1347/1015/1827 1344/1014/1829 739/599/1829 735/595/1830 732/592/1830 

vn 0.986686 0.159686 -0.0308544
vn 0.986656 0.161157 -0.0232144
f 739/599/1829 1344/1014/1829 1340/1013/1831 742/602/1831 737/597/1832 

vn 0.986686 0.156011 -0.0459572
vn 0.986656 0.158205 -0.0384925
f 742/602/1831 1340/1013/1831 1336/1012/1833 747/607/1833 743/603/1834 740/600/1834 

vn 0.986686 0.150911 -0.0606402
vn 0.986656 0.153808 -0.053419
f 747/607/1833 1336/1012/1833 1334/1011/1835 752/612/1835 748/608/1836 745/605/1836 

vn 0.986705 0.143286 -0.0766931
f 752/612/1835 1334/1011/1835 1331/1010/1837 753/613/1837 

vn 0.986691 0.142608 -0.0781303
vn 0.986656 0.138552 -0.0855208
f 753/613/1837 1331/1010/1837 1328/1009/1838 756/616/1838 750/610/1839 

vn 0.986691 0.149923 -0.062964
vn 0.986656 0.146653 -0.0707342
f 756/616/1838 1328/1009/1838 1326/1008/1840 759/619/1840 754/614/1841 

vn 0.986691 0.15563 -0.0471225
f 759/619/1840 1326/1008/1840 1323/1007/1842 760/620/1842 

vn 0.986691 0.159669 -0.0307757
vn 0.986656 0.158068 -0.0390524
f 760/620/1842 1323/1007/1842 1320/1006/1843 763/623/1843 757/617/1844 

vn 0.986691 0.161995 -0.0140988
vn 0.986656 0.161259 -0.0224968
f 763/623/1843 1320/1006/1843 1318/1005/1845 766/626/1845 761/621/1846 

vn 0.986691 0.162585 0.00272914
f 766/626/1845 1318/1005/1845 1315/1004/1847 767/627/1847 

vn 0.986691 0.161431 0.0195279
vn 0.986656 0.162437 0.011158
f 767/627/1847 1315/1004/1847 1313/1003/1848 770/630/1848 764/624/1849 

vn 0.986691 0.158546 0.0361172
f 770/630/1848 1313/1003/1848 1310/1002/1850 771/631/1850 

vn 0.986691 0.153961 0.0523192
vn 0.986656 0.156668 0.0443355
f 771/631/1850 1310/1002/1850 1307/1001/1851 774/634/1851 768/628/1852 

vn 0.986691 0.147725 0.0679602
vn 0.986656 0.151243 0.0602992
f 774/634/1851 1307/1001/1851 1305/1000/1853 777/637/1853 772/632/1854 

vn 0.986691 0.139905 0.0828725
f 777/637/1853 1305/1000/1853 1302/999/1855 778/638/1855 

vn 0.986681 0.131406 0.095882
vn 0.986656 0.135604 0.0901228
f 778/638/1855 1302/999/1855 1300/998/1856 781/641/1856 775/635/1857 

vn 0.986695 0.132416 0.0943293
f 781/641/1856 1300/998/1856 1297/997/1858 782/642/1858 

vn 0.986695 0.141996 0.079178
vn 0.986656 0.137619 0.0870146
f 782/642/1858 1297/997/1858 1294/996/1859 785/645/1859 779/639/1860 

vn 0.986695 0.14985 0.0630641
vn 0.986656 0.146362 0.071335
f 785/645/1859 1294/996/1859 1290/995/1861 788/648/1861 783/643/1862 

vn 0.986695 0.155882 0.0461835
vn 0.986656 0.153325 0.0547881
f 788/648/1861 1290/995/1861 1286/994/1863 793/653/1863 789/649/1864 786/646/1864 

vn 0.986695 0.160019 0.0287415
vn 0.986656 0.158425 0.0375752
f 793/653/1863 1286/994/1863 1283/993/1865 798/658/1865 794/654/1866 791/651/1866 

vn 0.986695 0.16221 0.01095
vn 0.986656 0.161599 0.0199055
f 798/658/1865 1283/993/1865 1279/992/1867 801/661/1867 796/656/1868 

vn 0.986695 0.16243 -0.00697453
vn 0.986656 0.162808 0.00199373
f 801/661/1867 1279/992/1867 1275/991/1869 806/666/1869 802/662/1870 799/659/1870 

vn 0.986695 0.160674 -0.0248143
vn 0.986656 0.162038 -0.0159422
f 806/666/1869 1275/991/1869 1271/990/1871 811/671/1871 807/667/1872 804/664/1872 

vn 0.986695 0.156966 -0.0423524
vn 0.986656 0.159298 -0.0336844
f 811/671/1871 1271/990/1871 1257/989/1873 816/676/1873 812/672/1874 809/669/1874 

vn 0.986695 0.151349 -0.0593756
vn 0.986656 0.154621 -0.051017
f 816/676/1873 1257/989/1873 1253/988/1875 841/701/1875 837/697/1876 835/695/1876 833/693/1876 831/691/1876 829/689/1876 827/687/1876 825/685/1876 823/683/1876 821/681/1876 819/679/1876 817/677/1876 814/674/1876 

vn 0.986695 0.143892 -0.075677
vn 0.986656 0.148065 -0.0677294
f 841/701/1875 1253/988/1875 1251/987/1877 846/706/1877 842/702/1878 839/699/1878 

vn 0.986666 0.141926 -0.0796718
f 846/706/1877 1251/987/1877 1248/986/1879 847/707/1879 

vn 0.986689 0.147579 -0.0683058
vn 0.986656 0.14414 -0.0757236
f 847/707/1879 1248/986/1879 1245/985/1880 850/710/1880 844/704/1881 

vn 0.986689 0.153687 -0.053158
vn 0.986656 0.151009 -0.0608834
f 850/710/1880 1245/985/1880 1243/984/1882 853/713/1882 848/708/1883 

vn 0.986689 0.158244 -0.037474
f 853/713/1882 1243/984/1882 1240/983/1884 854/714/1884 

vn 0.986689 0.161204 -0.021412
vn 0.986656 0.160123 -0.0295164
f 854/714/1884 1240/983/1884 1237/982/1885 857/717/1885 851/711/1886 

vn 0.986689 0.162539 -0.00513401
vn 0.986656 0.162276 -0.0133061
f 857/717/1885 1237/982/1885 1235/981/1887 860/720/1887 855/715/1888 

vn 0.986689 0.162234 0.0111957
f 860/720/1887 1235/981/1887 1232/980/1889 861/721/1889 

vn 0.986689 0.160293 0.0274126
vn 0.986656 0.161666 0.0193523
f 861/721/1889 1232/980/1889 1229/979/1890 864/724/1890 858/718/1891 

vn 0.986689 0.156735 0.0433529
vn 0.986656 0.15891 0.035471
f 864/724/1890 1229/979/1890 1227/978/1892 867/727/1892 862/722/1893 

vn 0.986689 0.151596 0.0588559
f 867/727/1892 1227/978/1892 1224/977/1894 868/728/1894 

vn 0.986689 0.144928 0.0737652
vn 0.986656 0.148632 0.066476
f 868/728/1894 1224/977/1894 1221/976/1895 871/731/1895 865/725/1896 

vn 0.986689 0.136798 0.0879305
vn 0.986656 0.141214 0.0810496
f 871/731/1895 1221/976/1895 1219/975/1897 874/734/1897 869/729/1898 

vn 0.986656 0.132564 0.0945362
f 874/734/1897 1219/975/1897 1216/974/1899 875/735/1899 

vn 0.986694 0.137479 0.0867975
vn 0.986656 0.132756 0.0942667
f 875/735/1899 1216/974/1899 1213/973/1900 878/738/1900 872/732/1901 

vn 0.986694 0.146078 0.0713844
vn 0.986656 0.142192 0.0793216
f 878/738/1900 1213/973/1900 1210/972/1902 881/741/1902 876/736/1903 

vn 0.986694 0.152954 0.0551301
vn 0.986656 0.149952 0.0634417
f 881/741/1902 1210/972/1902 1206/971/1904 884/744/1904 879/739/1905 

vn 0.986694 0.158029 0.0382262
vn 0.986656 0.155945 0.0468143
f 884/744/1904 1206/971/1904 1203/970/1906 889/749/1906 885/745/1907 882/742/1907 

vn 0.986694 0.161241 0.0208718
vn 0.986656 0.160101 0.0296352
f 889/749/1906 1203/970/1906 1200/969/1908 892/752/1908 887/747/1909 

vn 0.986694 0.162554 0.00327151
vn 0.986656 0.16237 0.0121069
f 892/752/1908 1200/969/1908 1196/968/1910 895/755/1910 890/750/1911 

vn 0.986694 0.161951 -0.0143674
vn 0.986656 0.162725 -0.00556409
f 895/755/1910 1196/968/1910 1193/967/1912 900/760/1912 896/756/1913 893/753/1913 

vn 0.986694 0.159439 -0.0318369
vn 0.986656 0.161163 -0.0231695
f 900/760/1912 1193/967/1912 1190/966/1914 903/763/1914 898/758/1915 

vn 0.986694 0.155049 -0.0489313
vn 0.986656 0.157702 -0.0405019
f 903/763/1914 1190/966/1914 1186/965/1916 906/766/1916 901/761/1917 

vn 0.986694 0.148831 -0.0654492
vn 0.986656 0.152383 -0.057357
f 906/766/1916 1186/965/1916 1183/964/1918 911/771/1918 907/767/1919 904/764/1919 

vn 0.986694 0.14086 -0.0811957
vn 0.986656 0.145268 -0.0735362
f 911/771/1918 1183/964/1918 1181/963/1920 914/774/1920 909/769/1921 

vn 0.98669 0.140636 -0.0816342
f 914/774/1920 1181/963/1920 1178/962/1922 915/775/1922 

vn 0.986681 0.147824 -0.0678828
vn 0.986656 0.144821 -0.0744137
f 915/775/1922 1178/962/1922 1175/961/1923 918/778/1923 912/772/1924 

vn 0.986681 0.153236 -0.0545781
vn 0.986656 0.15082 -0.0613485
f 918/778/1923 1175/961/1923 1172/960/1925 921/781/1925 916/776/1926 

vn 0.986681 0.157453 -0.0408479
vn 0.986656 0.155644 -0.0478049
f 921/781/1925 1172/960/1925 1170/959/1927 924/784/1927 919/779/1928 

vn 0.986681 0.160443 -0.0267991
f 924/784/1927 1170/959/1927 1167/958/1929 925/785/1929 

vn 0.986681 0.162182 -0.0125414
vn 0.986656 0.161623 -0.0197082
f 925/785/1929 1167/958/1929 1164/957/1930 928/788/1930 922/782/1931 

vn 0.986681 0.162656 0.00181402
vn 0.986656 0.162732 -0.00537405
f 928/788/1930 1164/957/1930 1161/956/1932 931/791/1932 926/786/1933 

vn 0.986681 0.161861 0.0161553
vn 0.986656 0.162571 0.009002
f 931/791/1932 1161/956/1932 1158/955/1934 934/794/1934 929/789/1935 

vn 0.986681 0.159805 0.0303707
vn 0.986656 0.161143 0.0233079
f 934/794/1934 1158/955/1934 1156/954/1936 937/797/1936 932/792/1937 

vn 0.986681 0.156503 0.0443493
f 937/797/1936 1156/954/1936 1153/953/1938 938/798/1938 

vn 0.986681 0.151981 0.0579821
vn 0.986656 0.154539 0.0512643
f 938/798/1938 1153/953/1938 1150/952/1939 941/801/1939 935/795/1940 

vn 0.986681 0.146274 0.0711628
vn 0.986656 0.149415 0.0646969
f 941/801/1939 1150/952/1939 1147/951/1941 944/804/1941 939/799/1942 

vn 0.986656 0.143122 0.07763
vn 0.986656 0.143125 0.077625
f 944/804/1941 1147/951/1941 1144/950/1943 947/807/1943 942/802/1944 

vn 0.986681 0.146264 0.0711832
vn 0.986656 0.14312 0.0776349
f 947/807/1943 1144/950/1943 1141/949/1945 950/810/1945 945/805/1946 

vn 0.986681 0.151965 0.0580243
vn 0.986656 0.149401 0.0647279
f 950/810/1945 1141/949/1945 1138/948/1947 953/813/1947 948/808/1948 

vn 0.986681 0.156485 0.0444144
vn 0.986656 0.154522 0.0513177
f 953/813/1947 1138/948/1947 1135/947/1949 956/816/1949 951/811/1950 

vn 0.986681 0.159789 0.0304592
vn 0.986656 0.158441 0.0375087
f 956/816/1949 1135/947/1949 1131/946/1951 959/819/1951 954/814/1952 

vn 0.986681 0.161851 0.0162674
vn 0.986656 0.161129 0.0234082
f 959/819/1951 1131/946/1951 1128/945/1953 964/824/1953 960/820/1954 957/817/1954 

vn 0.986681 0.162655 0.00194905
vn 0.986656 0.162564 0.00912571
f 964/824/1953 1128/945/1953 1124/944/1955 967/827/1955 962/822/1956 

vn 0.986681 0.162194 -0.0123844
vn 0.986656 0.162736 -0.0052277
f 967/827/1955 1124/944/1955 1121/943/1957 972/832/1957 968/828/1958 965/825/1958 

vn 0.986681 0.160473 -0.0266216
vn 0.986656 0.161643 -0.0195405
f 972/832/1957 1121/943/1957 1118/942/1959 975/835/1959 970/830/1960 

vn 0.986681 0.157505 -0.0406519
vn 0.986656 0.159294 -0.0337014
f 975/835/1959 1118/942/1959 1114/941/1961 978/838/1961 973/833/1962 

vn 0.986681 0.153312 -0.0543662
vn 0.986656 0.155707 -0.0476003
f 978/838/1961 1114/941/1961 1111/940/1963 983/843/1963 979/839/1964 976/836/1964 

vn 0.986681 0.147928 -0.067658
vn 0.986656 0.150909 -0.0611293
f 983/843/1963 1111/940/1963 1109/939/1965 986/846/1965 981/841/1966 

vn 0.986731 0.149718 -0.0628248
f 986/846/1965 1109/939/1965 1106/938/1967 987/847/1967 

vn 0.986673 0.156135 -0.0458109
vn 0.986656 0.154475 -0.0514569
f 987/847/1967 1106/938/1967 1103/937/1968 990/850/1968 984/844/1969 

vn 0.986673 0.159036 -0.0344121
vn 0.986656 0.157789 -0.0401632
f 990/850/1968 1103/937/1968 1100/936/1970 993/853/1970 988/848/1971 

vn 0.986673 0.161107 -0.0228334
vn 0.986656 0.160278 -0.0286597
f 993/853/1970 1100/936/1970 1097/935/1972 996/856/1972 991/851/1973 

vn 0.986673 0.162335 -0.0111354
vn 0.986656 0.16193 -0.0170064
f 996/856/1972 1097/935/1972 1094/934/1974 999/859/1974 994/854/1975 

vn 0.986673 0.162716 0.0006207
vn 0.986656 0.162735 -0.00526416
f 999/859/1974 1094/934/1974 1091/933/1976 1002/862/1976 997/857/1977 

vn 0.986673 0.162246 0.0123736
vn 0.986656 0.16269 0.00650554
f 1002/862/1976 1091/933/1976 1088/932/1978 1005/865/1978 1000/860/1979 

vn 0.986673 0.160928 0.0240619
vn 0.986656 0.161795 0.0182412
f 1005/865/1978 1088/932/1978 1085/931/1980 1008/868/1980 1003/863/1981 

vn 0.986673 0.158769 0.0356244
vn 0.986656 0.160055 0.0298816
f 1008/868/1980 1085/931/1980 1082/930/1982 1011/871/1982 1006/866/1983 

vn 0.986673 0.155781 0.0470007
vn 0.986656 0.157478 0.0413659
f 1011/871/1982 1082/930/1982 1078/929/1984 1014/874/1984 1009/869/1985 

vn 0.986673 0.151978 0.0581315
vn 0.986656 0.154078 0.052634
f 1014/874/1984 1078/929/1984 1073/928/1986 1019/879/1986 1015/875/1987 1012/872/1987 

vn 0.986656 0.149873 0.063627
f 1019/879/1986 1073/928/1986 1068/927/765 1026/886/765 1022/882/1988 1020/880/1988 1017/877/1988 

vn 0.975441 0.11493 0.1879
f 139/128/36 311/291/1989 138/127/35

vn 0.956919 0.103053 0.271452
f 139/128/36 310/290/1990 311/291/1989

vn 0.89054 0.0756185 0.448576
f 139/128/36 309/289/1991 310/290/1990

f 139/128/36 308/288/247 309/289/1991

f 139/128/36 307/287/246 308/288/247

f 139/128/36 306/286/244 307/287/246

v 0.238421 0.534376 -1.46595
vt 0.756299 0.123234
v 0.238421 0.535223 -1.46766
vt 0.757089 0.122699
v 0.238421 0.53582 -1.46948
vt 0.75792 0.12234
v 0.238421 0.536153 -1.47136
vt 0.758776 0.122163
v 0.238421 0.525899 -1.47357
vt 0.759578 0.129309
v 0.238421 0.527335 -1.47312
vt 0.759403 0.128305
v 0.238421 0.528654 -1.4724
vt 0.759103 0.127373
v 0.238421 0.529804 -1.47143
vt 0.758687 0.126551
v 0.238421 0.530739 -1.47026
vt 0.758174 0.125871
v 0.238421 0.531423 -1.46892
vt 0.757583 0.125359
v 0.238421 0.531829 -1.46747
vt 0.756937 0.125037
v 0.238421 0.531941 -1.46597
vt 0.756263 0.124917
v 0.238421 0.531754 -1.46448
vt 0.755586 0.125003
v 0.238421 0.531275 -1.46305
vt 0.754934 0.125292
v 0.238421 0.530524 -1.46175
vt 0.754332 0.125773
v 0.238421 0.532003 -1.46296
vt 0.754907 0.124787
v 0.238421 0.533296 -1.46437
vt 0.755567 0.123935
f 1736/1278/96 1737/1279/96 1738/1280/96 1739/1281/96 307/287/246 308/288/247 1740/1282/96 1741/1283/96 1742/1284/96 1743/1285/96 1744/1286/96 1745/1287/96 1746/1288/96 1747/1289/96 1748/1290/96 1749/1291/96 1750/1292/96 1751/1293/96 1752/1294/96 

vn -6.18903e-18 -0.48889 -0.872345
f 141/128/1992 149/134/50 140/128/38

g Mesh2 Group1 Model

usemtl M_20200126904_44_04_PM
v 0.22877 0.419088 -1.6033
vt 0.776152 0.48437
vn -0.853394 0.50648 -0.12328
v 0.207689 0.385553 -1.59513
vt 0.771392 0.446562
v 0.207689 0.386982 -1.58991
vt 0.768825 0.448439
vn -0.853394 0.498649 -0.151884
v 0.22877 0.419999 -1.59997
vt 0.774516 0.485566
f 1753/1295/1993 1754/1296/1993 1755/1297/1994 1756/1298/1994 

v 0.22877 0.418368 -1.60667
vt 0.777814 0.483389
vn -0.853394 0.512671 -0.0942757
v 0.207689 0.384424 -1.60043
vt 0.774001 0.445023
f 1757/1299/1995 1758/1300/1995 1754/1296/1993 1753/1295/1993 

v 0.22877 0.417841 -1.61008
vt 0.779499 0.482626
vn -0.853394 0.517203 -0.0649665
v 0.207689 0.383597 -1.60577
vt 0.776645 0.443826
f 1759/1301/1996 1760/1302/1996 1758/1300/1995 1757/1299/1995 

v 0.22877 0.417509 -1.61351
vt 0.781199 0.482084
vn -0.853394 0.52006 -0.0354471
v 0.207689 0.383075 -1.61116
vt 0.779314 0.442975
f 1761/1303/1997 1762/1304/1997 1760/1302/1996 1759/1301/1996 

v 0.22877 0.417373 -1.61695
vt 0.78291 0.481764
vn -0.853394 0.521235 -0.00581297
v 0.207689 0.382861 -1.61657
vt 0.781999 0.442472
f 1763/1305/1998 1764/1306/1998 1762/1304/1997 1761/1303/1997 

v 0.22877 0.417432 -1.6204
vt 0.784627 0.481667
vn -0.853317 0.521164 0.0154277
v 0.207689 0.382945 -1.62142
vt 0.784416 0.442336
f 1765/1307/1999 1766/1308/1999 1764/1306/1998 1763/1305/1998 

v 0.207689 0.38449 -1.6583
vt 0.802793 0.442336
vn -0.8533 0.520963 0.0218348
v 0.22877 0.41896 -1.65685
vt 0.802793 0.481667
v 0.22877 0.420488 -1.6933
vt 0.820959 0.481667
vn -0.853321 0.521177 0.0147496
v 0.207689 0.385999 -1.69428
vt 0.820725 0.442336
f 1767/1309/2000 1766/1308/1999 1765/1307/1999 1768/1310/2000 1769/1311/2001 1770/1312/2001 

v 0.207689 0.391014 -1.52053
vt 0.73439 0.456343
vn -1 -2.22045e-15 8.04551e-16
v 0.207689 0.393022 -1.52414
vt 0.736227 0.458458
v 0.207689 0.394984 -1.5285
vt 0.738437 0.460486
v 0.207689 0.396571 -1.533
vt 0.740713 0.462078
v 0.207689 0.397771 -1.53763
vt 0.74304 0.463223
v 0.207689 0.398574 -1.54234
vt 0.745401 0.463914
v 0.207689 0.398977 -1.54711
vt 0.747779 0.464145
v 0.207689 0.398974 -1.55189
vt 0.750157 0.463914
v 0.207689 0.398568 -1.55665
vt 0.752518 0.463223
v 0.207689 0.39776 -1.56136
vt 0.754845 0.462078
v 0.207689 0.396556 -1.56599
vt 0.757121 0.460486
v 0.207689 0.394965 -1.57049
vt 0.75933 0.458458
v 0.207689 0.392495 -1.57596
vt 0.762 0.455384
v 0.207689 0.390718 -1.57976
vt 0.763851 0.453179
v 0.207689 0.388706 -1.58478
vt 0.766308 0.450647
v 0.207689 0.386109 -1.70182
vt 0.824478 0.442103
v 0.207689 0.385829 -1.70888
vt 0.827987 0.441446
v 0.207689 0.385165 -1.71592
vt 0.831475 0.440353
v 0.207689 0.384119 -1.72291
vt 0.834932 0.438828
v 0.207689 0.382695 -1.72984
vt 0.838348 0.436876
v 0.207689 0.380896 -1.73668
vt 0.841712 0.434501
v 0.207689 0.378729 -1.74341
vt 0.845015 0.43171
v 0.207689 0.376199 -1.75001
vt 0.848247 0.428513
v 0.207689 0.373313 -1.75646
vt 0.851398 0.424919
v 0.207689 0.370082 -1.76275
vt 0.854459 0.420937
v 0.207689 0.366513 -1.76886
vt 0.857421 0.416581
v 0.207689 0.362798 -1.77448
vt 0.860143 0.412082
v 0.207689 0.314277 -1.8374
vt 0.890435 0.353811
v 0.207689 0.311293 -1.84093
vt 0.892126 0.350243
v 0.207689 0.308562 -1.84361
vt 0.893404 0.347005
v 0.207689 0.305598 -1.84604
vt 0.894548 0.343513
v 0.207689 0.302425 -1.84818
vt 0.895547 0.339796
v 0.207689 0.29907 -1.85002
vt 0.896395 0.335887
v 0.207689 0.29556 -1.85155
vt 0.897083 0.331816
v 0.207689 0.291925 -1.85276
vt 0.897606 0.327618
v 0.207689 0.288196 -1.85362
vt 0.897959 0.323329
v 0.207689 0.284403 -1.85414
vt 0.898139 0.318984
v 0.207689 0.280578 -1.85432
vt 0.898146 0.314619
v 0.207689 0.276754 -1.85414
vt 0.897979 0.310271
v 0.207689 0.272704 -1.85358
vt 0.897616 0.305685
v 0.207689 0.269974 -1.85299
vt 0.897264 0.302604
v 0.207689 0.267036 -1.85216
vt 0.89679 0.299297
v 0.207689 0.264154 -1.85115
vt 0.896228 0.296062
v 0.207689 0.261339 -1.84997
vt 0.89558 0.292913
v 0.207689 0.258603 -1.84861
vt 0.89485 0.28986
v 0.207689 0.255954 -1.84709
vt 0.894039 0.286916
v 0.207689 0.253404 -1.84542
vt 0.893151 0.284091
v 0.207689 0.250961 -1.84358
vt 0.892188 0.281397
v 0.207689 0.248635 -1.84161
vt 0.891156 0.278842
v 0.207689 0.246435 -1.83949
vt 0.890056 0.276437
v 0.207689 0.244811 -1.83772
vt 0.889143 0.274672
v 0.207689 0.244688 -1.83737
vt 0.888966 0.274548
v 0.207689 0.244289 -1.83582
vt 0.888188 0.274167
v 0.207689 0.244022 -1.83425
vt 0.887399 0.273939
v 0.207689 0.243889 -1.83265
vt 0.886604 0.273863
v 0.207689 0.243892 -1.83106
vt 0.885809 0.273942
v 0.207689 0.244029 -1.82947
vt 0.88502 0.274175
v 0.207689 0.244301 -1.82789
vt 0.884243 0.274559
v 0.207689 0.244704 -1.82635
vt 0.883482 0.275093
v 0.207689 0.245237 -1.82484
vt 0.882744 0.275772
v 0.207689 0.245607 -1.82402
vt 0.882345 0.276232
v 0.207689 0.247795 -1.8219
vt 0.881333 0.278825
v 0.207689 0.25016 -1.81986
vt 0.880369 0.281617
v 0.207689 0.252643 -1.81797
vt 0.879481 0.284536
v 0.207689 0.255236 -1.81623
vt 0.87867 0.287572
v 0.207689 0.257928 -1.81465
vt 0.877941 0.290714
v 0.207689 0.260711 -1.81324
vt 0.877296 0.29395
v 0.207689 0.263573 -1.812
vt 0.876737 0.29727
v 0.207689 0.266505 -1.81093
vt 0.876266 0.300661
v 0.207689 0.269496 -1.81004
vt 0.875885 0.30411
v 0.207689 0.272536 -1.80933
vt 0.875596 0.307606
v 0.207689 0.272839 -1.80927
vt 0.875576 0.307954
v 0.207689 0.275508 -1.80942
vt 0.875702 0.310987
v 0.207689 0.284046 -1.80887
vt 0.875607 0.320738
v 0.207689 0.29246 -1.80732
vt 0.875011 0.330396
v 0.207689 0.300634 -1.80479
vt 0.873925 0.339827
v 0.207689 0.308455 -1.80132
vt 0.872363 0.348902
v 0.207689 0.315815 -1.79696
vt 0.870347 0.357493
v 0.207689 0.322613 -1.79177
vt 0.867904 0.365484
v 0.207689 0.328753 -1.78581
vt 0.865068 0.372762
v 0.207689 0.334152 -1.77917
vt 0.861878 0.379229
v 0.207689 0.338734 -1.77195
vt 0.85838 0.384793
v 0.207689 0.342166 -1.7648
vt 0.854895 0.389044
v 0.207689 0.347333 -1.75133
vt 0.8483 0.395571
v 0.207689 0.351687 -1.73822
vt 0.841873 0.401157
v 0.207689 0.355445 -1.72494
vt 0.835342 0.406071
v 0.207689 0.358597 -1.7115
vt 0.828722 0.410303
v 0.207689 0.361138 -1.69793
vt 0.822024 0.413845
v 0.207689 0.363063 -1.68426
vt 0.815263 0.41669
v 0.207689 0.364367 -1.67052
vt 0.808453 0.418832
v 0.207689 0.365048 -1.65673
vt 0.801607 0.420266
v 0.207689 0.365104 -1.64292
vt 0.794741 0.420989
v 0.207689 0.364536 -1.62913
vt 0.787866 0.421
v 0.207689 0.363407 -1.6161
vt 0.781359 0.420336
v 0.207689 0.365842 -1.61105
vt 0.778899 0.423351
v 0.207689 0.368055 -1.60478
vt 0.775828 0.42617
v 0.207689 0.369566 -1.59831
vt 0.772641 0.428201
v 0.207689 0.370358 -1.59172
vt 0.769376 0.429418
v 0.207689 0.370421 -1.58507
vt 0.766072 0.429806
v 0.207689 0.369754 -1.57846
vt 0.76277 0.429362
v 0.207689 0.368366 -1.57197
vt 0.759508 0.428091
v 0.207689 0.366272 -1.56566
vt 0.756328 0.426007
v 0.207689 0.364263 -1.56129
vt 0.75411 0.423928
v 0.207689 0.361974 -1.55636
vt 0.751609 0.421556
v 0.207689 0.360797 -1.55295
vt 0.749889 0.420377
v 0.207689 0.359972 -1.54944
vt 0.748125 0.419606
v 0.207689 0.359509 -1.54586
vt 0.746336 0.41925
v 0.207689 0.359413 -1.54226
vt 0.74454 0.419312
v 0.207689 0.359684 -1.53866
vt 0.742757 0.419793
v 0.207689 0.36032 -1.53511
vt 0.741004 0.420687
v 0.207689 0.361314 -1.53164
vt 0.7393 0.421984
v 0.207689 0.362656 -1.5283
vt 0.737663 0.423672
v 0.207689 0.364332 -1.5251
vt 0.736109 0.425733
v 0.207689 0.366324 -1.5221
vt 0.734655 0.428146
v 0.207689 0.36917 -1.51863
vt 0.732988 0.431554
v 0.207689 0.380524 -1.50614
vt 0.727016 0.445083
f 1771/1313/2002 1772/1314/2002 1773/1315/2002 1774/1316/2002 1775/1317/2002 1776/1318/2002 1777/1319/2002 1778/1320/2002 1779/1321/2002 1780/1322/2002 1781/1323/2002 1782/1324/2002 1783/1325/2002 1784/1326/2002 1785/1327/2002 1755/1297/2002 1754/1296/2002 1758/1300/2002 1760/1302/2002 1762/1304/2002 1764/1306/2002 1766/1308/2002 1767/1309/2002 1770/1312/2002 1786/1328/2002 1787/1329/2002 1788/1330/2002 1789/1331/2002 1790/1332/2002 1791/1333/2002 1792/1334/2002 1793/1335/2002 1794/1336/2002 1795/1337/2002 1796/1338/2002 1797/1339/2002 1798/1340/2002 1799/1341/2002 1800/1342/2002 1801/1343/2002 1802/1344/2002 1803/1345/2002 1804/1346/2002 1805/1347/2002 1806/1348/2002 1807/1349/2002 1808/1350/2002 1809/1351/2002 1810/1352/2002 1811/1353/2002 1812/1354/2002 1813/1355/2002 1814/1356/2002 1815/1357/2002 1816/1358/2002 1817/1359/2002 1818/1360/2002 1819/1361/2002 1820/1362/2002 1821/1363/2002 1822/1364/2002 1823/1365/2002 1824/1366/2002 1825/1367/2002 1826/1368/2002 1827/1369/2002 1828/1370/2002 1829/1371/2002 1830/1372/2002 1831/1373/2002 1832/1374/2002 1833/1375/2002 1834/1376/2002 1835/1377/2002 1836/1378/2002 1837/1379/2002 1838/1380/2002 1839/1381/2002 1840/1382/2002 1841/1383/2002 1842/1384/2002 1843/1385/2002 1844/1386/2002 1845/1387/2002 1846/1388/2002 1847/1389/2002 1848/1390/2002 1849/1391/2002 1850/1392/2002 1851/1393/2002 1852/1394/2002 1853/1395/2002 1854/1396/2002 1855/1397/2002 1856/1398/2002 1857/1399/2002 1858/1400/2002 1859/1401/2002 1860/1402/2002 1861/1403/2002 1862/1404/2002 1863/1405/2002 1864/1406/2002 1865/1407/2002 1866/1408/2002 1867/1409/2002 1868/1410/2002 1869/1411/2002 1870/1412/2002 1871/1413/2002 1872/1414/2002 1873/1415/2002 1874/1416/2002 1875/1417/2002 1876/1418/2002 1877/1419/2002 1878/1420/2002 1879/1421/2002 1880/1422/2002 1881/1423/2002 1882/1424/2002 1883/1425/2002 1884/1426/2002 1885/1427/2002 1886/1428/2002 

v 0.22877 0.423879 -1.50864
vt 0.729161 0.494346
vn -0.853508 0.46565 0.233868
vn -0.853733 0.438685 0.280526
v 0.22877 0.420133 -1.50191
vt 0.725733 0.4904
f 1887/1429/2003 1772/1314/2003 1771/1313/2004 1888/1430/2004 

v 0.22877 0.427043 -1.51566
vt 0.732721 0.497614
vn -0.853508 0.483768 0.193631
f 1889/1431/2005 1773/1315/2005 1772/1314/2003 1887/1429/2003 

v 0.22877 0.4296 -1.52293
vt 0.73639 0.50018
vn -0.853508 0.498416 0.152006
f 1890/1432/2006 1774/1316/2006 1773/1315/2005 1889/1431/2005 

v 0.22877 0.431533 -1.53039
vt 0.740141 0.502026
vn -0.853508 0.50949 0.109291
f 1891/1433/2007 1775/1317/2007 1774/1316/2006 1890/1432/2006 

v 0.22877 0.432829 -1.53798
vt 0.743946 0.503139
vn -0.853508 0.51691 0.0657916
f 1892/1434/2008 1776/1318/2008 1775/1317/2007 1891/1433/2007 

v 0.22877 0.433477 -1.54566
vt 0.747779 0.503511
vn -0.853508 0.520623 0.0218206
f 1893/1435/2009 1777/1319/2009 1776/1318/2008 1892/1434/2008 

v 0.22877 0.433473 -1.55336
vt 0.751611 0.503139
vn -0.853508 0.520602 -0.0223069
f 1894/1436/2010 1778/1320/2010 1777/1319/2009 1893/1435/2009 

v 0.22877 0.432818 -1.56104
vt 0.755417 0.502026
vn -0.853508 0.516848 -0.0662744
f 1895/1437/2011 1779/1321/2011 1778/1320/2010 1894/1436/2010 

v 0.22877 0.431515 -1.56863
vt 0.759167 0.50018
vn -0.853508 0.509388 -0.109767
f 1896/1438/2012 1780/1322/2012 1779/1321/2011 1895/1437/2011 

v 0.22877 0.429575 -1.57609
vt 0.762836 0.497614
vn -0.853508 0.498274 -0.152472
f 1897/1439/2013 1781/1323/2013 1780/1322/2012 1896/1438/2012 

v 0.22877 0.427011 -1.58336
vt 0.766397 0.494346
vn -0.853508 0.483587 -0.194083
f 1898/1440/2014 1782/1324/2014 1781/1323/2013 1897/1439/2013 

v 0.22877 0.423841 -1.59038
vt 0.769824 0.4904
vn -0.853305 0.473734 -0.21782
f 1899/1441/2015 1783/1325/2015 1782/1324/2014 1898/1440/2014 

v 0.22877 0.422379 -1.5935
vt 0.771347 0.488586
vn -0.853394 0.478175 -0.207528
f 1900/1442/2016 1784/1326/2016 1783/1325/2015 1899/1441/2015 

v 0.22877 0.421097 -1.5967
vt 0.772913 0.486973
vn -0.853394 0.489204 -0.179998
f 1901/1443/2017 1785/1327/2017 1784/1326/2016 1900/1442/2016 

f 1756/1298/1994 1755/1297/1994 1785/1327/2017 1901/1443/2017 

v 0.248072 0.419999 -1.59997
vt 0.774516 0.432856
vn -2.34969e-15 0.956609 -0.291376
vt 0.774516 0.410851
vt 0.772913 0.410851
vn -2.35963e-15 0.938489 -0.345308
v 0.248072 0.421097 -1.5967
vt 0.772913 0.432856
f 1902/1444/2018 1756/1445/2018 1901/1446/2019 1903/1447/2019 

v 0.248072 0.419088 -1.6033
vt 0.776152 0.432856
vn -2.33313e-15 0.971632 -0.2365
vt 0.776152 0.410851
f 1904/1448/2020 1753/1449/2020 1756/1445/2018 1902/1444/2018 

v 0.248072 0.418368 -1.60667
vt 0.777814 0.432856
vn -2.33778e-15 0.983509 -0.180859
vt 0.777814 0.410851
f 1905/1450/2021 1757/1451/2021 1753/1449/2020 1904/1448/2020 

v 0.248072 0.417841 -1.61008
vt 0.779499 0.432856
vn -2.30817e-15 0.992203 -0.124632
vt 0.779499 0.410851
f 1906/1452/2022 1759/1453/2022 1757/1451/2021 1905/1450/2021 

v 0.248072 0.417509 -1.61351
vt 0.781199 0.432856
vn -2.27216e-15 0.997685 -0.0680018
vt 0.781199 0.410851
f 1907/1454/2023 1761/1455/2023 1759/1453/2022 1906/1452/2022 

v 0.248072 0.417373 -1.61695
vt 0.78291 0.432856
vn -2.22988e-15 0.999938 -0.0111516
vt 0.78291 0.410851
f 1908/1456/2024 1763/1457/2024 1761/1455/2023 1907/1454/2023 

v 0.248072 0.417432 -1.6204
vt 0.784627 0.432856
vn -2.2063e-15 0.99985 0.0172986
vt 0.784627 0.410851
f 1909/1458/2025 1765/1459/2025 1763/1457/2024 1908/1456/2024 

v 0.248072 0.420488 -1.6933
vt 0.820959 0.432856
vn -2.18481e-15 0.999123 0.0418757
vt 0.820959 0.410851
vt 0.802793 0.410851
v 0.248072 0.41896 -1.65685
vt 0.802793 0.432856
f 1910/1460/2026 1769/1461/2026 1768/1462/2026 1765/1459/2026 1909/1458/2026 1911/1463/2026 

v 0.248072 0.420619 -1.70225
vt 0.837782 0.432856
vn -2.23094e-15 0.999922 -0.0124916
v 0.22877 0.420619 -1.70225
vt 0.837782 0.410851
vt 0.837904 0.410851
vn -2.2085e-15 0.999892 0.0146975
vt 0.837904 0.432856
f 1912/1464/2027 1913/1465/2027 1769/1466/2028 1910/1467/2028 

v 0.248072 0.420264 -1.71119
vt 0.837419 0.432856
vn -2.27134e-15 0.997765 -0.0668219
v 0.22877 0.420264 -1.71119
vt 0.837419 0.410851
f 1914/1468/2029 1915/1469/2029 1913/1465/2027 1912/1464/2027 

v 0.248072 0.419424 -1.7201
vt 0.836816 0.432856
vn -2.306e-15 0.992658 -0.120955
v 0.22877 0.419424 -1.7201
vt 0.836816 0.410851
f 1916/1470/2030 1917/1471/2030 1915/1469/2029 1914/1468/2029 

v 0.248072 0.418101 -1.72894
vt 0.835973 0.432856
vn -2.33484e-15 0.984616 -0.17473
v 0.22877 0.418101 -1.72894
vt 0.835973 0.410851
f 1918/1472/2031 1919/1473/2031 1917/1471/2030 1916/1470/2030 

v 0.248072 0.416298 -1.73771
vt 0.834894 0.432856
vn -2.35776e-15 0.973664 -0.227988
v 0.22877 0.416298 -1.73771
vt 0.834894 0.410851
f 1920/1474/2032 1921/1475/2032 1919/1473/2031 1918/1472/2031 

v 0.248072 0.414023 -1.74636
vt 0.833581 0.432856
vn -2.37469e-15 0.959833 -0.280573
v 0.22877 0.414023 -1.74636
vt 0.833581 0.410851
f 1922/1476/2033 1923/1477/2033 1921/1475/2032 1920/1474/2032 

v 0.248072 0.41128 -1.75488
vt 0.832039 0.432856
vn -2.35782e-15 0.943164 -0.332328
v 0.22877 0.41128 -1.75488
vt 0.832039 0.410851
f 1924/1478/2034 1925/1479/2034 1923/1477/2033 1922/1476/2033 

v 0.248072 0.408078 -1.76323
vt 0.830272 0.432856
vn -2.33488e-15 0.923707 -0.3831
v 0.22877 0.408078 -1.76323
vt 0.830272 0.410851
f 1926/1480/2035 1927/1481/2035 1925/1479/2034 1924/1478/2034 

v 0.248072 0.404427 -1.7714
vt 0.828285 0.432856
vn -2.33363e-15 0.901519 -0.43274
v 0.22877 0.404427 -1.7714
vt 0.828285 0.410851
f 1928/1482/2036 1929/1483/2036 1927/1481/2035 1926/1480/2035 

v 0.248072 0.400338 -1.77936
vt 0.826085 0.432856
vn -2.35406e-15 0.876665 -0.481101
v 0.22877 0.400338 -1.77936
vt 0.826085 0.410851
f 1930/1484/2037 1931/1485/2037 1929/1483/2036 1928/1482/2036 

v 0.248072 0.395821 -1.78708
vt 0.823677 0.432856
vn -2.3962e-15 0.84922 -0.528039
v 0.22877 0.395821 -1.78708
vt 0.823677 0.410851
f 1932/1486/2038 1933/1487/2038 1931/1485/2037 1930/1484/2037 

v 0.248072 0.390892 -1.79455
vt 0.821069 0.432856
vn -2.41487e-15 0.834551 -0.550931
v 0.22877 0.390892 -1.79455
vt 0.821069 0.410851
f 1934/1488/2039 1935/1489/2039 1933/1487/2038 1932/1486/2038 

v 0.248072 0.341116 -1.8591
vt 0.794959 0.432856
vn -2.27222e-15 0.791896 -0.610656
v 0.22877 0.341116 -1.8591
vt 0.794959 0.410851
f 1936/1490/2040 1937/1491/2040 1935/1489/2040 1934/1488/2040 

v 0.248072 0.336602 -1.86443
vt 0.792603 0.432856
vn -2.16254e-15 0.732838 -0.680403
v 0.22877 0.336602 -1.86443
vt 0.792603 0.410851
vn -2.19157e-15 0.763164 -0.646205
f 1938/1492/2041 1939/1493/2041 1937/1491/2042 1936/1490/2042 

v 0.248072 0.331621 -1.86932
vt 0.790022 0.432856
vn -2.09194e-15 0.667659 -0.744467
v 0.22877 0.331621 -1.86932
vt 0.790022 0.410851
f 1940/1494/2043 1941/1495/2043 1939/1493/2041 1938/1492/2041 

v 0.248072 0.326213 -1.87374
vt 0.78724 0.432856
vn -1.99183e-15 0.596904 -0.802313
v 0.22877 0.326213 -1.87374
vt 0.78724 0.410851
f 1942/1496/2044 1943/1497/2044 1941/1495/2043 1940/1494/2043 

v 0.248072 0.320424 -1.87765
vt 0.784278 0.432856
vn -1.84904e-15 0.521162 -0.853457
v 0.22877 0.320424 -1.87765
vt 0.784278 0.410851
f 1944/1498/2045 1945/1499/2045 1943/1497/2044 1942/1496/2044 

v 0.248072 0.314303 -1.88102
vt 0.781163 0.432856
vn -1.7061e-15 0.441068 -0.897474
v 0.22877 0.314303 -1.88102
vt 0.781163 0.410851
f 1946/1500/2046 1947/1501/2046 1945/1499/2045 1944/1498/2045 

v 0.248072 0.3079 -1.88381
vt 0.777919 0.432856
vn -1.557e-15 0.35729 -0.933993
v 0.22877 0.3079 -1.88381
vt 0.777919 0.410851
f 1948/1502/2047 1949/1503/2047 1947/1501/2046 1946/1500/2046 

v 0.248072 0.301268 -1.886
vt 0.774574 0.432856
vn -1.382e-15 0.270528 -0.962712
v 0.22877 0.301268 -1.886
vt 0.774574 0.410851
f 1950/1504/2048 1951/1505/2048 1949/1503/2047 1948/1502/2047 

v 0.248072 0.294465 -1.88758
vt 0.771157 0.432856
vn -1.19962e-15 0.181506 -0.98339
v 0.22877 0.294465 -1.88758
vt 0.771157 0.410851
f 1952/1506/2049 1953/1507/2049 1951/1505/2048 1950/1504/2048 

v 0.248072 0.287545 -1.88854
vt 0.767694 0.432856
vn -1.00484e-15 0.0909676 -0.995854
v 0.22877 0.287545 -1.88854
vt 0.767694 0.410851
f 1954/1508/2050 1955/1509/2050 1953/1507/2049 1952/1506/2049 

v 0.248072 0.280567 -1.88885
vt 0.764216 0.432856
vn -8.04634e-16 -0.000330217 -1
v 0.22877 0.280567 -1.88885
vt 0.764216 0.410851
f 1956/1510/2051 1957/1511/2051 1955/1509/2050 1954/1508/2050 

v 0.248072 0.27359 -1.88853
vt 0.760752 0.432856
vn -6.0042e-16 -0.0916253 -0.995794
v 0.22877 0.27359 -1.88853
vt 0.760752 0.410851
f 1958/1512/2052 1959/1513/2052 1957/1511/2051 1956/1510/2051 

v 0.248072 0.26667 -1.88758
vt 0.757329 0.432856
vn -4.96592e-16 -0.137033 -0.990566
v 0.22877 0.26667 -1.88758
vt 0.757329 0.410851
f 1960/1514/2053 1961/1515/2053 1959/1513/2052 1958/1512/2052 

v 0.248072 0.261617 -1.88648
vt 0.754838 0.432856
vn -2.26024e-16 -0.242122 -0.970246
v 0.22877 0.261617 -1.88648
vt 0.754838 0.410851
vn -3.15948e-16 -0.212238 -0.977218
f 1962/1516/2054 1963/1517/2054 1961/1515/2055 1960/1514/2055 

v 0.248072 0.25664 -1.88507
vt 0.752392 0.432856
vn -8.70121e-17 -0.301177 -0.953568
v 0.22877 0.25664 -1.88507
vt 0.752392 0.410851
f 1964/1518/2056 1965/1519/2056 1963/1517/2054 1962/1516/2054 

v 0.248072 0.251759 -1.88336
vt 0.749999 0.432856
vn 5.27976e-17 -0.359098 -0.9333
v 0.22877 0.251759 -1.88336
vt 0.749999 0.410851
f 1966/1520/2057 1967/1521/2057 1965/1519/2056 1964/1518/2056 

v 0.248072 0.246992 -1.88136
vt 0.747669 0.432856
vn 1.92931e-16 -0.415667 -0.909517
v 0.22877 0.246992 -1.88136
vt 0.747669 0.410851
f 1968/1522/2058 1969/1523/2058 1967/1521/2057 1966/1520/2057 

v 0.248072 0.242357 -1.87907
vt 0.745411 0.432856
vn 3.32914e-16 -0.47067 -0.882309
v 0.22877 0.242357 -1.87907
vt 0.745411 0.410851
f 1970/1524/2059 1971/1525/2059 1969/1523/2058 1968/1522/2058 

v 0.248072 0.237871 -1.87649
vt 0.743233 0.432856
vn 5.00038e-16 -0.523901 -0.851779
v 0.22877 0.237871 -1.87649
vt 0.743233 0.410851
f 1972/1526/2060 1973/1527/2060 1971/1525/2059 1970/1524/2059 

v 0.248072 0.233551 -1.87365
vt 0.741143 0.432856
vn 6.38296e-16 -0.57516 -0.818041
v 0.22877 0.233551 -1.87365
vt 0.741143 0.410851
f 1974/1528/2061 1975/1529/2061 1973/1527/2060 1972/1526/2060 

v 0.248072 0.229414 -1.87055
vt 0.73915 0.432856
vn 7.88871e-16 -0.624252 -0.781223
v 0.22877 0.229414 -1.87055
vt 0.73915 0.410851
f 1976/1530/2062 1977/1531/2062 1975/1529/2061 1974/1528/2061 

v 0.248072 0.225475 -1.8672
vt 0.73726 0.432856
vn 9.09647e-16 -0.670994 -0.741463
v 0.22877 0.225475 -1.8672
vt 0.73726 0.410851
f 1978/1532/2063 1979/1533/2063 1977/1531/2062 1976/1530/2062 

v 0.248072 0.221749 -1.86361
vt 0.735481 0.432856
vn 1.05571e-15 -0.715209 -0.698911
v 0.22877 0.221749 -1.86361
vt 0.735481 0.410851
f 1980/1534/2064 1981/1535/2064 1979/1533/2063 1978/1532/2063 

v 0.248072 0.21825 -1.8598
vt 0.733819 0.432856
vn 1.22661e-15 -0.756731 -0.653727
v 0.22877 0.21825 -1.8598
vt 0.733819 0.410851
f 1982/1536/2065 1983/1537/2065 1981/1535/2064 1980/1534/2064 

v 0.248072 0.214991 -1.85579
vt 0.732282 0.432856
vn 1.2829e-15 -0.776432 -0.630201
v 0.22877 0.214991 -1.85579
vt 0.732282 0.410851
f 1984/1538/2066 1985/1539/2066 1983/1537/2065 1982/1536/2065 

v 0.248072 0.213141 -1.85167
vt 0.731448 0.432856
vn 1.78364e-15 -0.928883 -0.370373
v 0.22877 0.213141 -1.85167
vt 0.731448 0.410851
vn 1.7203e-15 -0.912381 -0.409342
f 1986/1540/2067 1987/1541/2067 1985/1539/2068 1984/1538/2068 

v 0.248072 0.211646 -1.8474
vt 0.730793 0.432856
vn 1.90184e-15 -0.956871 -0.290514
v 0.22877 0.211646 -1.8474
vt 0.730793 0.410851
f 1988/1542/2069 1989/1543/2069 1987/1541/2067 1986/1540/2067 

v 0.248072 0.210518 -1.84302
vt 0.730322 0.432856
vn 2.0088e-15 -0.978006 -0.208575
v 0.22877 0.210518 -1.84302
vt 0.730322 0.410851
f 1990/1544/2070 1991/1545/2070 1989/1543/2069 1988/1542/2069 

v 0.248072 0.209763 -1.83857
vt 0.73004 0.432856
vn 2.10377e-15 -0.992139 -0.125142
v 0.22877 0.209763 -1.83857
vt 0.73004 0.410851
f 1992/1546/2071 1993/1547/2071 1991/1545/2070 1990/1544/2070 

v 0.248072 0.209387 -1.83406
vt 0.729947 0.432856
vn 2.15828e-15 -0.999167 -0.0408134
v 0.22877 0.209387 -1.83406
vt 0.729947 0.410851
f 1994/1548/2072 1995/1549/2072 1993/1547/2071 1992/1546/2071 

v 0.248072 0.209394 -1.82954
vt 0.730045 0.432856
vn 2.2273e-15 -0.99904 0.0438076
v 0.22877 0.209394 -1.82954
vt 0.730045 0.410851
f 1996/1550/2073 1997/1551/2073 1995/1549/2072 1994/1548/2072 

v 0.248072 0.209783 -1.82504
vt 0.730332 0.432856
vn 2.31034e-15 -0.991759 0.128115
v 0.22877 0.209783 -1.82504
vt 0.730332 0.410851
f 1998/1552/2074 1999/1553/2074 1997/1551/2073 1996/1550/2073 

v 0.248072 0.210551 -1.82059
vt 0.730807 0.432856
vn 2.32367e-15 -0.977377 0.211505
v 0.22877 0.210551 -1.82059
vt 0.730807 0.410851
f 2000/1554/2075 2001/1555/2075 1999/1553/2074 1998/1552/2074 

v 0.248072 0.211693 -1.81622
vt 0.731466 0.432856
vn 2.35032e-15 -0.955996 0.29338
v 0.22877 0.211693 -1.81622
vt 0.731466 0.410851
f 2002/1556/2076 2003/1557/2076 2001/1555/2075 2000/1554/2075 

v 0.248072 0.213201 -1.81195
vt 0.732305 0.432856
vn 2.39012e-15 -0.927769 0.373155
v 0.22877 0.213201 -1.81195
vt 0.732305 0.410851
f 2004/1558/2077 2005/1559/2077 2003/1557/2076 2002/1556/2076 

v 0.248072 0.215063 -1.80784
vt 0.733318 0.432856
vn 2.35962e-15 -0.892899 0.450257
v 0.22877 0.215063 -1.80784
vt 0.733318 0.410851
f 2006/1560/2078 2007/1561/2078 2005/1559/2077 2004/1558/2077 

v 0.248072 0.217267 -1.80389
vt 0.734496 0.432856
vn 2.32471e-15 -0.873049 0.487633
v 0.22877 0.217267 -1.80389
vt 0.734496 0.410851
f 2008/1562/2079 2009/1563/2079 2007/1561/2078 2006/1560/2078 

v 0.248072 0.22077 -1.80005
vt 0.869901 0.432856
vn 2.17509e-15 -0.718113 0.695927
v 0.22877 0.22077 -1.80005
vt 0.869901 0.410851
vt 0.871739 0.410851
vn 2.16819e-15 -0.738727 0.674004
vt 0.871739 0.432856
f 2010/1564/2080 2011/1565/2080 2009/1566/2081 2008/1567/2081 

v 0.248072 0.224499 -1.79643
vt 0.868177 0.432856
vn 2.12794e-15 -0.674952 0.737861
v 0.22877 0.224499 -1.79643
vt 0.868177 0.410851
f 2012/1568/2082 2013/1569/2082 2011/1565/2080 2010/1564/2080 

v 0.248072 0.228438 -1.79304
vt 0.866572 0.432856
vn 2.03234e-15 -0.629347 0.777124
v 0.22877 0.228438 -1.79304
vt 0.866572 0.410851
f 2014/1570/2083 2015/1571/2083 2013/1569/2082 2012/1568/2082 

v 0.248072 0.232574 -1.78989
vt 0.865092 0.432856
vn 1.9579e-15 -0.581463 0.813573
v 0.22877 0.232574 -1.78989
vt 0.865092 0.410851
f 2016/1572/2084 2017/1573/2084 2015/1571/2083 2014/1570/2083 

v 0.248072 0.236892 -1.78699
vt 0.863742 0.432856
vn 1.87707e-15 -0.531474 0.847075
v 0.22877 0.236892 -1.78699
vt 0.863742 0.410851
f 2018/1574/2085 2019/1575/2085 2017/1573/2084 2016/1572/2084 

v 0.248072 0.241376 -1.78437
vt 0.862528 0.432856
vn 1.7901e-15 -0.479559 0.877509
v 0.22877 0.241376 -1.78437
vt 0.862528 0.410851
f 2020/1576/2086 2021/1577/2086 2019/1575/2085 2018/1574/2085 

v 0.248072 0.24601 -1.78201
vt 0.861453 0.432856
vn 1.68337e-15 -0.425908 0.904766
v 0.22877 0.24601 -1.78201
vt 0.861453 0.410851
f 2022/1578/2087 2023/1579/2087 2021/1577/2086 2020/1576/2086 

v 0.248072 0.250778 -1.77994
vt 0.860522 0.432856
vn 1.57104e-15 -0.370715 0.928747
v 0.22877 0.250778 -1.77994
vt 0.860522 0.410851
f 2024/1580/2088 2025/1581/2088 2023/1579/2087 2022/1578/2087 

v 0.248072 0.255661 -1.77816
vt 0.859738 0.432856
vn 1.46731e-15 -0.314179 0.949364
v 0.22877 0.255661 -1.77816
vt 0.859738 0.410851
f 2026/1582/2089 2027/1583/2089 2025/1581/2088 2024/1580/2088 

v 0.248072 0.260643 -1.77668
vt 0.859104 0.432856
vn 1.34473e-15 -0.256506 0.966543
v 0.22877 0.260643 -1.77668
vt 0.859104 0.410851
f 2028/1584/2090 2029/1585/2090 2027/1583/2089 2026/1582/2089 

v 0.248072 0.265705 -1.77549
vt 0.858621 0.432856
vn 1.22448e-15 -0.197903 0.980222
v 0.22877 0.265705 -1.77549
vt 0.858621 0.410851
f 2030/1586/2091 2031/1587/2091 2029/1585/2090 2028/1584/2090 

v 0.248072 0.270829 -1.77462
vt 0.858293 0.432856
vn 1.16619e-15 -0.16832 0.985732
v 0.22877 0.270829 -1.77462
vt 0.858293 0.410851
f 2032/1588/2092 2033/1589/2092 2031/1587/2091 2030/1586/2091 

v 0.248072 0.275315 -1.77486
vt 0.858505 0.432856
vn 8.18612e-16 -0.00559038 0.999984
v 0.22877 0.275315 -1.77486
vt 0.858505 0.410851
vn 6.89149e-16 0.0532057 0.998584
f 2034/1590/2093 2035/1591/2093 2033/1589/2094 2032/1588/2094 

v 0.248072 0.279798 -1.77457
vt 0.858455 0.432856
vn 1.07213e-15 -0.122921 0.992416
v 0.22877 0.279798 -1.77457
vt 0.858455 0.410851
f 2036/1592/2095 2037/1593/2095 2035/1591/2093 2034/1590/2093 

v 0.248072 0.284215 -1.77376
vt 0.858143 0.432856
vn 1.31121e-15 -0.238553 0.97113
v 0.22877 0.284215 -1.77376
vt 0.858143 0.410851
f 2038/1594/2096 2039/1595/2096 2037/1593/2095 2036/1592/2095 

v 0.248072 0.288507 -1.77243
vt 0.857572 0.432856
vn 1.52613e-15 -0.350887 0.936418
v 0.22877 0.288507 -1.77243
vt 0.857572 0.410851
f 2040/1596/2097 2041/1597/2097 2039/1595/2096 2038/1594/2096 

v 0.248072 0.292614 -1.77061
vt 0.856752 0.432856
vn 1.73172e-15 -0.45837 0.888762
v 0.22877 0.292614 -1.77061
vt 0.856752 0.410851
f 2042/1598/2098 2043/1599/2098 2041/1597/2097 2040/1596/2097 

v 0.248072 0.296479 -1.76832
vt 0.855693 0.432856
vn 1.91529e-15 -0.559517 0.828819
v 0.22877 0.296479 -1.76832
vt 0.855693 0.410851
f 2044/1600/2099 2045/1601/2099 2043/1599/2098 2042/1598/2098 

v 0.248072 0.300048 -1.76559
vt 0.854411 0.432856
vn 2.06099e-15 -0.652929 0.757419
v 0.22877 0.300048 -1.76559
vt 0.854411 0.410851
f 2046/1602/2100 2047/1603/2100 2045/1601/2099 2044/1600/2099 

v 0.248072 0.303272 -1.76246
vt 0.852922 0.432856
vn 2.16717e-15 -0.737315 0.675549
v 0.22877 0.303272 -1.76246
vt 0.852922 0.410851
f 2048/1604/2101 2049/1605/2101 2047/1603/2100 2046/1602/2100 

v 0.248072 0.306106 -1.75898
vt 0.851247 0.432856
vn 2.28818e-15 -0.811509 0.58434
v 0.22877 0.306106 -1.75898
vt 0.851247 0.410851
f 2050/1606/2102 2051/1607/2102 2049/1605/2101 2048/1604/2101 

v 0.248072 0.308513 -1.75518
vt 0.84941 0.432856
vn 2.3536e-15 -0.874485 0.485053
v 0.22877 0.308513 -1.75518
vt 0.84941 0.410851
f 2052/1608/2103 2053/1609/2103 2051/1607/2102 2050/1606/2102 

v 0.248072 0.310457 -1.75113
vt 0.847436 0.432856
vn 2.33352e-15 -0.901487 0.432806
v 0.22877 0.310457 -1.75113
vt 0.847436 0.410851
f 2054/1610/2104 2055/1611/2104 2053/1609/2103 2052/1608/2103 

v 0.248072 0.31484 -1.7397
vt 0.84184 0.432856
vn 2.35845e-15 -0.941573 0.336808
v 0.22877 0.31484 -1.7397
vt 0.84184 0.410851
vn 2.33314e-15 -0.933712 0.358026
f 2056/1612/2105 2057/1613/2105 2055/1611/2106 2054/1610/2106 

v 0.248072 0.318702 -1.72808
vt 0.83614 0.432856
vn 2.35024e-15 -0.955847 0.293865
v 0.22877 0.318702 -1.72808
vt 0.83614 0.410851
f 2058/1614/2107 2059/1615/2107 2057/1613/2105 2056/1612/2105 

v 0.248072 0.322035 -1.7163
vt 0.830348 0.432856
vn 2.33785e-15 -0.968163 0.250319
v 0.22877 0.322035 -1.7163
vt 0.830348 0.410851
f 2060/1616/2108 2061/1617/2108 2059/1615/2107 2058/1614/2107 

v 0.248072 0.32483 -1.70438
vt 0.824476 0.432856
vn 2.34906e-15 -0.978497 0.206262
v 0.22877 0.32483 -1.70438
vt 0.824476 0.410851
f 2062/1618/2109 2063/1619/2109 2061/1617/2108 2060/1616/2108 

v 0.248072 0.327084 -1.69235
vt 0.818536 0.432856
vn 2.32837e-15 -0.986827 0.161782
v 0.22877 0.327084 -1.69235
vt 0.818536 0.410851
f 2064/1620/2110 2065/1621/2110 2063/1619/2109 2062/1618/2109 

v 0.248072 0.328791 -1.68022
vt 0.81254 0.432856
vn 2.30361e-15 -0.993135 0.11697
v 0.22877 0.328791 -1.68022
vt 0.81254 0.410851
f 2066/1622/2111 2067/1623/2111 2065/1621/2110 2064/1620/2110 

v 0.248072 0.329948 -1.66803
vt 0.8065 0.432856
vn 2.2748e-15 -0.99741 0.0719193
v 0.22877 0.329948 -1.66803
vt 0.8065 0.410851
f 2068/1624/2112 2069/1625/2112 2067/1623/2111 2066/1622/2111 

v 0.248072 0.330552 -1.65581
vt 0.800429 0.432856
vn 2.24202e-15 -0.999643 0.0267211
v 0.22877 0.330552 -1.65581
vt 0.800429 0.410851
f 2070/1626/2113 2071/1627/2113 2069/1625/2112 2068/1624/2112 

v 0.248072 0.330602 -1.64356
vt 0.794339 0.432856
vn 2.20533e-15 -0.999828 -0.0185318
v 0.22877 0.330602 -1.64356
vt 0.794339 0.410851
f 2072/1628/2114 2073/1629/2114 2071/1627/2113 2070/1626/2113 

v 0.248072 0.330098 -1.63133
vt 0.788243 0.432856
vn 2.16481e-15 -0.997966 -0.0637468
v 0.22877 0.330098 -1.63133
vt 0.788243 0.410851
f 2074/1630/2115 2075/1631/2115 2073/1629/2114 2072/1628/2114 

v 0.248072 0.329041 -1.61913
vt 0.782152 0.432856
vn 2.12053e-15 -0.99406 -0.108831
v 0.22877 0.329041 -1.61913
vt 0.782152 0.410851
f 2076/1632/2116 2077/1633/2116 2075/1631/2115 2074/1630/2115 

v 0.248072 0.327434 -1.60699
vt 0.77608 0.432856
vn 2.09693e-15 -0.991343 -0.131296
v 0.22877 0.327434 -1.60699
vt 0.77608 0.410851
f 2078/1634/2117 2079/1635/2117 2077/1633/2116 2076/1632/2116 

v 0.248072 0.329433 -1.60497
vt 0.775116 0.432856
vn 2.17835e-15 -0.748786 0.662812
v 0.22877 0.329433 -1.60497
vt 0.775116 0.410851
vn 2.13997e-15 -0.711213 0.702977
f 2080/1636/2118 2081/1637/2118 2079/1635/2119 2078/1634/2119 

v 0.248072 0.331199 -1.60274
vt 0.774043 0.432856
vn 2.26441e-15 -0.817031 0.576593
v 0.22877 0.331199 -1.60274
vt 0.774043 0.410851
f 2082/1638/2120 2083/1639/2120 2081/1637/2118 2080/1636/2118 

v 0.248072 0.332708 -1.60033
vt 0.772875 0.432856
vn 2.3261e-15 -0.875398 0.483404
v 0.22877 0.332708 -1.60033
vt 0.772875 0.410851
f 2084/1640/2121 2085/1641/2121 2083/1639/2120 2082/1638/2120 

v 0.248072 0.333944 -1.59777
vt 0.771626 0.432856
vn 2.33524e-15 -0.92318 0.384369
v 0.22877 0.333944 -1.59777
vt 0.771626 0.410851
f 2086/1642/2122 2087/1643/2122 2085/1641/2121 2084/1640/2121 

v 0.248072 0.334892 -1.59509
vt 0.770312 0.432856
vn 2.3473e-15 -0.959799 0.280687
v 0.22877 0.334892 -1.59509
vt 0.770312 0.410851
f 2088/1644/2123 2089/1645/2123 2087/1643/2122 2086/1642/2122 

v 0.248072 0.335539 -1.59232
vt 0.768947 0.432856
vn 2.33468e-15 -0.984814 0.173611
v 0.22877 0.335539 -1.59232
vt 0.768947 0.410851
f 2090/1646/2124 2091/1647/2124 2089/1645/2123 2088/1644/2123 

v 0.248072 0.335878 -1.58949
vt 0.767549 0.432856
vn 2.27006e-15 -0.997922 0.0644363
v 0.22877 0.335878 -1.58949
vt 0.767549 0.410851
f 2092/1648/2125 2093/1649/2125 2091/1647/2124 2090/1646/2124 

v 0.248072 0.335905 -1.58665
vt 0.766135 0.432856
vn 2.18203e-15 -0.998964 -0.0455177
v 0.22877 0.335905 -1.58665
vt 0.766135 0.410851
f 2094/1650/2126 2095/1651/2126 2093/1649/2125 2092/1648/2125 

v 0.248072 0.335619 -1.58382
vt 0.764721 0.432856
vn 2.07165e-15 -0.987927 -0.154921
v 0.22877 0.335619 -1.58382
vt 0.764721 0.410851
f 2096/1652/2127 2097/1653/2127 2095/1651/2126 2094/1650/2126 

v 0.248072 0.335025 -1.58104
vt 0.763325 0.432856
vn 1.91246e-15 -0.964945 -0.262452
v 0.22877 0.335025 -1.58104
vt 0.763325 0.410851
f 2098/1654/2128 2099/1655/2128 2097/1653/2127 2096/1652/2127 

v 0.248072 0.334129 -1.57834
vt 0.761963 0.432856
vn 1.73384e-15 -0.930296 -0.366809
v 0.22877 0.334129 -1.57834
vt 0.761963 0.410851
f 2100/1656/2129 2101/1657/2129 2099/1655/2128 2098/1654/2128 

v 0.248072 0.332941 -1.57575
vt 0.760652 0.432856
vn 1.65128e-15 -0.908722 -0.417401
v 0.22877 0.332941 -1.57575
vt 0.760652 0.410851
f 2102/1658/2130 2103/1659/2130 2101/1657/2129 2100/1656/2129 

v 0.248072 0.32994 -1.56929
vt 0.757373 0.432856
vn 1.74984e-15 -0.927318 -0.374274
v 0.22877 0.32994 -1.56929
vt 0.757373 0.410851
vn 1.70063e-15 -0.907038 -0.42105
f 2104/1660/2131 2105/1661/2131 2103/1659/2132 2102/1658/2132 

v 0.248072 0.327613 -1.56255
vt 0.753973 0.432856
vn 1.89153e-15 -0.960602 -0.277928
v 0.22877 0.327613 -1.56255
vt 0.753973 0.410851
f 2106/1662/2133 2107/1663/2133 2105/1661/2131 2104/1660/2131 

v 0.248072 0.325983 -1.55561
vt 0.750487 0.432856
vn 2.04453e-15 -0.983905 -0.178694
v 0.22877 0.325983 -1.55561
vt 0.750487 0.410851
f 2108/1664/2134 2109/1665/2134 2107/1663/2133 2106/1662/2133 

v 0.248072 0.325069 -1.54854
vt 0.746951 0.432856
vn 2.15196e-15 -0.996984 -0.0776028
v 0.22877 0.325069 -1.54854
vt 0.746951 0.410851
f 2110/1666/2135 2111/1667/2135 2109/1665/2134 2108/1664/2134 

v 0.248072 0.324879 -1.54142
vt 0.743403 0.432856
vn 2.2405e-15 -0.999705 0.0242943
v 0.22877 0.324879 -1.54142
vt 0.743403 0.410851
f 2112/1668/2136 2113/1669/2136 2111/1667/2135 2110/1666/2135 

v 0.248072 0.325415 -1.53431
vt 0.739878 0.432856
vn 2.30922e-15 -0.992038 0.125939
v 0.22877 0.325415 -1.53431
vt 0.739878 0.410851
f 2114/1670/2137 2115/1671/2137 2113/1669/2136 2112/1668/2136 

v 0.248072 0.326672 -1.52729
vt 0.736414 0.432856
vn 2.35742e-15 -0.974063 0.226275
v 0.22877 0.326672 -1.52729
vt 0.736414 0.410851
f 2116/1672/2138 2117/1673/2138 2115/1671/2137 2114/1670/2137 

v 0.248072 0.328636 -1.52044
vt 0.733046 0.432856
vn 2.38458e-15 -0.945968 0.32426
v 0.22877 0.328636 -1.52044
vt 0.733046 0.410851
f 2118/1674/2139 2119/1675/2139 2117/1673/2138 2116/1672/2138 

v 0.248072 0.331288 -1.51383
vt 0.72981 0.432856
vn 2.39044e-15 -0.908044 0.418876
v 0.22877 0.331288 -1.51383
vt 0.72981 0.410851
f 2120/1676/2140 2121/1677/2140 2119/1675/2139 2118/1674/2139 

v 0.248072 0.3346 -1.50751
vt 0.726739 0.432856
vn 2.37492e-15 -0.860684 0.509139
v 0.22877 0.3346 -1.50751
vt 0.726739 0.410851
f 2122/1678/2141 2123/1679/2141 2121/1677/2140 2120/1676/2140 

v 0.248072 0.338536 -1.50157
vt 0.723865 0.432856
vn 2.28261e-15 -0.804382 0.594113
v 0.22877 0.338536 -1.50157
vt 0.723865 0.410851
f 2124/1680/2142 2125/1681/2142 2123/1679/2141 2122/1678/2141 

v 0.248072 0.343058 -1.49606
vt 0.721218 0.432856
vn 2.20053e-15 -0.773056 0.634337
v 0.22877 0.343058 -1.49606
vt 0.721218 0.410851
f 2126/1682/2143 2127/1683/2143 2125/1681/2142 2124/1680/2142 

v 0.248072 0.358975 -1.47856
vt 0.712845 0.432856
vn 2.16917e-15 -0.739722 0.672913
v 0.22877 0.358975 -1.47856
vt 0.712845 0.410851
f 2128/1684/2144 2129/1685/2144 2127/1683/2144 2126/1682/2144 

v 0.248072 0.358565 -1.4688
vt 0.707978 0.432856
vn 2.18481e-15 -0.999123 -0.0418757
v 0.22877 0.358565 -1.4688
vt 0.707978 0.410851
f 2130/1686/2145 2131/1687/2145 2129/1685/2145 2128/1684/2145 

v 0.248072 0.404525 -1.46687
vn 8.96828e-16 -0.0418757 0.999123
v 0.22877 0.404525 -1.46687
f 2132/1686/2146 2133/1687/2146 2131/1687/2146 2130/1686/2146 

v 0.248072 0.405131 -1.48133
vt 0.715186 0.432856
v 0.22877 0.405131 -1.48133
vt 0.715186 0.410851
f 2134/1688/2026 2135/1689/2026 2133/1687/2026 2132/1686/2026 

v 0.248072 0.420133 -1.50191
vt 0.725733 0.432856
vn -1.376e-15 0.807979 0.589211
vt 0.725733 0.410851
f 2136/1690/2147 1888/1691/2147 2135/1689/2147 2134/1688/2147 

v 0.248072 0.423879 -1.50864
vt 0.729161 0.432856
vn -1.65288e-15 0.893625 0.448814
vt 0.729161 0.410851
vn -1.58456e-15 0.87382 0.48625
f 2137/1692/2148 1887/1693/2148 1888/1691/2149 2136/1690/2149 

v 0.248072 0.427043 -1.51566
vt 0.732721 0.432856
vn -1.78172e-15 0.928394 0.371596
vt 0.732721 0.410851
f 2138/1694/2150 1889/1695/2150 1887/1693/2148 2137/1692/2148 

v 0.248072 0.4296 -1.52293
vt 0.73639 0.432856
vn -1.90017e-15 0.956506 0.291714
vt 0.73639 0.410851
f 2139/1696/2151 1890/1697/2151 1889/1695/2150 2138/1694/2150 

v 0.248072 0.431533 -1.53039
vt 0.740141 0.432856
vn -2.00738e-15 0.977757 0.209739
vt 0.740141 0.410851
f 2140/1698/2152 1891/1699/2152 1890/1697/2151 2139/1696/2151 

v 0.248072 0.432829 -1.53798
vt 0.743946 0.432856
vn -2.10259e-15 0.991997 0.12626
vt 0.743946 0.410851
f 2141/1700/2153 1892/1701/2153 1891/1699/2152 2140/1698/2152 

v 0.248072 0.433477 -1.54566
vt 0.747779 0.432856
vn -2.18511e-15 0.999123 0.0418757
vt 0.747779 0.410851
f 2142/1702/2154 1893/1703/2154 1892/1701/2153 2141/1700/2153 

v 0.248072 0.433473 -1.55336
vt 0.751611 0.432856
vn -2.25435e-15 0.999083 -0.042809
vt 0.751611 0.410851
f 2143/1704/2155 1894/1705/2155 1893/1703/2154 2142/1702/2154 

v 0.248072 0.432818 -1.56104
vt 0.755417 0.432856
vn -2.30981e-15 0.991879 -0.127187
vt 0.755417 0.410851
f 2144/1706/2156 1895/1707/2156 1894/1705/2155 2143/1704/2155 

v 0.248072 0.431515 -1.56863
vt 0.759167 0.432856
vn -2.3511e-15 0.977561 -0.210652
vt 0.759167 0.410851
f 2145/1708/2157 1896/1709/2157 1895/1707/2156 2144/1706/2156 

v 0.248072 0.429575 -1.57609
vt 0.762836 0.432856
vn -2.37792e-15 0.956233 -0.292607
vt 0.762836 0.410851
f 2146/1710/2158 1897/1711/2158 1896/1709/2157 2145/1708/2157 

v 0.248072 0.427011 -1.58336
vt 0.766397 0.432856
vn -2.39007e-15 0.928047 -0.372463
vt 0.766397 0.410851
f 2147/1712/2159 1898/1713/2159 1897/1711/2158 2146/1710/2158 

v 0.248072 0.423841 -1.59038
vt 0.769824 0.432856
vn -2.39032e-15 0.911444 -0.411425
vt 0.769824 0.410851
f 2148/1714/2160 1899/1715/2160 1898/1713/2159 2147/1712/2159 

v 0.248072 0.422379 -1.5935
vt 0.771347 0.432856
vn -2.36292e-15 0.917332 -0.398123
vt 0.771347 0.410851
vn -2.3897e-15 0.905635 -0.424057
f 2149/1716/2161 1900/1717/2161 1899/1715/2162 2148/1714/2162 

f 1903/1447/2019 1901/1446/2019 1900/1717/2161 2149/1716/2161 

v 0.269154 0.388706 -1.58478
vn 0.853394 0.489204 -0.179998
vn 0.853394 0.478175 -0.207528
v 0.269154 0.390718 -1.57976
f 2150/1327/2163 1903/1443/2163 2149/1442/2164 2151/1326/2164 

v 0.269154 0.386982 -1.58991
vn 0.853394 0.498649 -0.151884
f 2152/1297/2165 1902/1298/2165 1903/1443/2163 2150/1327/2163 

v 0.269154 0.385553 -1.59513
vn 0.853394 0.50648 -0.12328
f 2153/1296/2166 1904/1295/2166 1902/1298/2165 2152/1297/2165 

v 0.269154 0.384424 -1.60043
vn 0.853394 0.512671 -0.0942757
f 2154/1300/2167 1905/1299/2167 1904/1295/2166 2153/1296/2166 

v 0.269154 0.383597 -1.60577
vn 0.853394 0.517203 -0.0649665
f 2155/1302/2168 1906/1301/2168 1905/1299/2167 2154/1300/2167 

v 0.269154 0.383075 -1.61116
vn 0.853394 0.52006 -0.0354471
f 2156/1304/2169 1907/1303/2169 1906/1301/2168 2155/1302/2168 

v 0.269154 0.382861 -1.61657
vn 0.853394 0.521235 -0.00581297
f 2157/1306/2170 1908/1305/2170 1907/1303/2169 2156/1304/2169 

v 0.269154 0.382945 -1.62142
vn 0.853317 0.521164 0.0154277
f 2158/1308/2171 1909/1307/2171 1908/1305/2170 2157/1306/2170 

v 0.269154 0.38449 -1.6583
vn 0.8533 0.520963 0.0218348
v 0.269154 0.385999 -1.69428
vn 0.853321 0.521177 0.0147496
f 2158/1308/2171 2159/1309/2172 2160/1312/2173 1910/1311/2173 1911/1310/2172 1909/1307/2171 

v 0.269154 0.393022 -1.52414
vn 1 2.22045e-15 -8.04551e-16
v 0.269154 0.391014 -1.52053
v 0.269154 0.380524 -1.50614
v 0.269154 0.36917 -1.51863
v 0.269154 0.366324 -1.5221
v 0.269154 0.364332 -1.5251
v 0.269154 0.362656 -1.5283
v 0.269154 0.361314 -1.53164
v 0.269154 0.36032 -1.53511
v 0.269154 0.359684 -1.53866
v 0.269154 0.359413 -1.54226
v 0.269154 0.359509 -1.54586
v 0.269154 0.359972 -1.54944
v 0.269154 0.360797 -1.55295
v 0.269154 0.361974 -1.55636
v 0.269154 0.364263 -1.56129
v 0.269154 0.366272 -1.56566
v 0.269154 0.368366 -1.57197
v 0.269154 0.369754 -1.57846
v 0.269154 0.370421 -1.58507
v 0.269154 0.370358 -1.59172
v 0.269154 0.369566 -1.59831
v 0.269154 0.368055 -1.60478
v 0.269154 0.365842 -1.61105
v 0.269154 0.363407 -1.6161
v 0.269154 0.364536 -1.62913
v 0.269154 0.365104 -1.64292
v 0.269154 0.365048 -1.65673
v 0.269154 0.364367 -1.67052
v 0.269154 0.363063 -1.68426
v 0.269154 0.361138 -1.69793
v 0.269154 0.358597 -1.7115
v 0.269154 0.355445 -1.72494
v 0.269154 0.351687 -1.73822
v 0.269154 0.347333 -1.75133
v 0.269154 0.342166 -1.7648
v 0.269154 0.338734 -1.77195
v 0.269154 0.334152 -1.77917
v 0.269154 0.328753 -1.78581
v 0.269154 0.322613 -1.79177
v 0.269154 0.315815 -1.79696
v 0.269154 0.308455 -1.80132
v 0.269154 0.300634 -1.80479
v 0.269154 0.29246 -1.80732
v 0.269154 0.284046 -1.80887
v 0.269154 0.275508 -1.80942
v 0.269154 0.272839 -1.80927
v 0.269154 0.272536 -1.80933
v 0.269154 0.269496 -1.81004
v 0.269154 0.266505 -1.81093
v 0.269154 0.263573 -1.812
v 0.269154 0.260711 -1.81324
v 0.269154 0.257928 -1.81465
v 0.269154 0.255236 -1.81623
v 0.269154 0.252643 -1.81797
v 0.269154 0.25016 -1.81986
v 0.269154 0.247795 -1.8219
v 0.269154 0.245607 -1.82402
v 0.269154 0.245237 -1.82484
v 0.269154 0.244704 -1.82635
v 0.269154 0.244301 -1.82789
v 0.269154 0.244029 -1.82947
v 0.269154 0.243892 -1.83106
v 0.269154 0.243889 -1.83265
v 0.269154 0.244022 -1.83425
v 0.269154 0.244289 -1.83582
v 0.269154 0.244688 -1.83737
v 0.269154 0.244811 -1.83772
v 0.269154 0.246435 -1.83949
v 0.269154 0.248635 -1.84161
v 0.269154 0.250961 -1.84358
v 0.269154 0.253404 -1.84542
v 0.269154 0.255954 -1.84709
v 0.269154 0.258603 -1.84861
v 0.269154 0.261339 -1.84997
v 0.269154 0.264154 -1.85115
v 0.269154 0.267036 -1.85216
v 0.269154 0.269974 -1.85299
v 0.269154 0.272704 -1.85358
v 0.269154 0.276754 -1.85414
v 0.269154 0.280578 -1.85432
v 0.269154 0.284403 -1.85414
v 0.269154 0.288196 -1.85362
v 0.269154 0.291925 -1.85276
v 0.269154 0.29556 -1.85155
v 0.269154 0.29907 -1.85002
v 0.269154 0.302425 -1.84818
v 0.269154 0.305598 -1.84604
v 0.269154 0.308562 -1.84361
v 0.269154 0.311293 -1.84093
v 0.269154 0.314277 -1.8374
v 0.269154 0.362798 -1.77448
v 0.269154 0.366513 -1.76886
v 0.269154 0.370082 -1.76275
v 0.269154 0.373313 -1.75646
v 0.269154 0.376199 -1.75001
v 0.269154 0.378729 -1.74341
v 0.269154 0.380896 -1.73668
v 0.269154 0.382695 -1.72984
v 0.269154 0.384119 -1.72291
v 0.269154 0.385165 -1.71592
v 0.269154 0.385829 -1.70888
v 0.269154 0.386109 -1.70182
v 0.269154 0.392495 -1.57596
v 0.269154 0.394965 -1.57049
v 0.269154 0.396556 -1.56599
v 0.269154 0.39776 -1.56136
v 0.269154 0.398568 -1.55665
v 0.269154 0.398974 -1.55189
v 0.269154 0.398977 -1.54711
v 0.269154 0.398574 -1.54234
v 0.269154 0.397771 -1.53763
v 0.269154 0.396571 -1.533
v 0.269154 0.394984 -1.5285
f 2161/1314/2174 2162/1313/2174 2163/1428/2174 2164/1427/2174 2165/1426/2174 2166/1425/2174 2167/1424/2174 2168/1423/2174 2169/1422/2174 2170/1421/2174 2171/1420/2174 2172/1419/2174 2173/1418/2174 2174/1417/2174 2175/1416/2174 2176/1415/2174 2177/1414/2174 2178/1413/2174 2179/1412/2174 2180/1411/2174 2181/1410/2174 2182/1409/2174 2183/1408/2174 2184/1407/2174 2185/1406/2174 2186/1405/2174 2187/1404/2174 2188/1403/2174 2189/1402/2174 2190/1401/2174 2191/1400/2174 2192/1399/2174 2193/1398/2174 2194/1397/2174 2195/1396/2174 2196/1395/2174 2197/1394/2174 2198/1393/2174 2199/1392/2174 2200/1391/2174 2201/1390/2174 2202/1389/2174 2203/1388/2174 2204/1387/2174 2205/1386/2174 2206/1385/2174 2207/1384/2174 2208/1383/2174 2209/1382/2174 2210/1381/2174 2211/1380/2174 2212/1379/2174 2213/1378/2174 2214/1377/2174 2215/1376/2174 2216/1375/2174 2217/1374/2174 2218/1373/2174 2219/1372/2174 2220/1371/2174 2221/1370/2174 2222/1369/2174 2223/1368/2174 2224/1367/2174 2225/1366/2174 2226/1365/2174 2227/1364/2174 2228/1363/2174 2229/1362/2174 2230/1361/2174 2231/1360/2174 2232/1359/2174 2233/1358/2174 2234/1357/2174 2235/1356/2174 2236/1355/2174 2237/1354/2174 2238/1353/2174 2239/1352/2174 2240/1351/2174 2241/1350/2174 2242/1349/2174 2243/1348/2174 2244/1347/2174 2245/1346/2174 2246/1345/2174 2247/1344/2174 2248/1343/2174 2249/1342/2174 2250/1341/2174 2251/1340/2174 2252/1339/2174 2253/1338/2174 2254/1337/2174 2255/1336/2174 2256/1335/2174 2257/1334/2174 2258/1333/2174 2259/1332/2174 2260/1331/2174 2261/1330/2174 2262/1329/2174 2263/1328/2174 2160/1312/2174 2159/1309/2174 2158/1308/2174 2157/1306/2174 2156/1304/2174 2155/1302/2174 2154/1300/2174 2153/1296/2174 2152/1297/2174 2150/1327/2174 2151/1326/2174 2264/1325/2174 2265/1324/2174 2266/1323/2174 2267/1322/2174 2268/1321/2174 2269/1320/2174 2270/1319/2174 2271/1318/2174 2272/1317/2174 2273/1316/2174 2274/1315/2174 

vn 0.853508 0.46565 0.233868
vn 0.853733 0.438685 0.280526
f 2161/1314/2175 2137/1429/2175 2136/1430/2176 2162/1313/2176 

vn 0.853508 0.483768 0.193631
f 2274/1315/2177 2138/1431/2177 2137/1429/2175 2161/1314/2175 

vn 0.853508 0.498416 0.152006
f 2273/1316/2178 2139/1432/2178 2138/1431/2177 2274/1315/2177 

vn 0.853508 0.50949 0.109291
f 2272/1317/2179 2140/1433/2179 2139/1432/2178 2273/1316/2178 

vn 0.853508 0.51691 0.0657916
f 2271/1318/2180 2141/1434/2180 2140/1433/2179 2272/1317/2179 

vn 0.853508 0.520623 0.0218206
f 2270/1319/2181 2142/1435/2181 2141/1434/2180 2271/1318/2180 

vn 0.853508 0.520602 -0.0223069
f 2269/1320/2182 2143/1436/2182 2142/1435/2181 2270/1319/2181 

vn 0.853508 0.516848 -0.0662744
f 2268/1321/2183 2144/1437/2183 2143/1436/2182 2269/1320/2182 

vn 0.853508 0.509388 -0.109767
f 2267/1322/2184 2145/1438/2184 2144/1437/2183 2268/1321/2183 

vn 0.853508 0.498274 -0.152472
f 2266/1323/2185 2146/1439/2185 2145/1438/2184 2267/1322/2184 

vn 0.853508 0.483587 -0.194083
f 2265/1324/2186 2147/1440/2186 2146/1439/2185 2266/1323/2185 

vn 0.853305 0.473734 -0.21782
f 2264/1325/2187 2148/1441/2187 2147/1440/2186 2265/1324/2186 

f 2151/1326/2164 2149/1442/2164 2148/1441/2187 2264/1325/2187 

vt 0.715186 0.474295
vn 0.8533 0.421297 0.307227
f 2136/1430/2176 2134/1718/2188 2163/1428/2188 2162/1313/2176 

vt 0.707978 0.474295
vn 0.772232 0.634783 0.0266053
f 2132/1719/2189 2163/1428/2189 2134/1718/2189

vt 0.707978 0.421853
vn 0.875697 -0.0202201 0.482437
f 2130/1720/2190 2163/1428/2190 2132/1719/2190

vn 0.694969 -0.718409 -0.0301103
vt 0.712845 0.421853
f 2163/1428/2191 2130/1720/2191 2128/1721/2191

vn 0.853375 -0.394432 0.340844
vn 0.8533 -0.385706 0.350871
vt 0.721218 0.402888
f 2164/1427/2192 2163/1428/2193 2128/1721/2193 2126/1722/2192 

vt 0.723865 0.397475
vn 0.853601 -0.419024 0.309489
f 2164/1427/2192 2126/1722/2192 2124/1723/2194 2165/1426/2194 

vt 0.726739 0.392707
vn 0.853601 -0.448354 0.265224
f 2165/1426/2194 2124/1723/2194 2122/1724/2195 2166/1425/2195 

vt 0.72981 0.388634
vn 0.853601 -0.473024 0.218204
f 2166/1425/2195 2122/1724/2195 2120/1725/2196 2167/1424/2196 

vt 0.733046 0.385298
vn 0.853601 -0.49278 0.168916
f 2167/1424/2196 2120/1725/2196 2118/1726/2197 2168/1423/2197 

vt 0.736414 0.382733
vn 0.853601 -0.507416 0.117873
f 2168/1423/2197 2118/1726/2197 2116/1727/2198 2169/1422/2198 

vt 0.739878 0.380966
vn 0.853601 -0.516779 0.065605
f 2169/1422/2198 2116/1727/2198 2114/1728/2199 2170/1421/2199 

vt 0.743403 0.380016
vn 0.853601 -0.520773 0.0126556
f 2170/1421/2199 2114/1728/2199 2112/1729/2200 2171/1420/2200 

vt 0.746951 0.379893
vn 0.853601 -0.519356 -0.0404254
f 2171/1420/2200 2112/1729/2200 2110/1730/2201 2172/1419/2201 

vt 0.750487 0.380597
vn 0.853601 -0.512543 -0.0930863
f 2172/1419/2201 2110/1730/2201 2108/1731/2202 2173/1418/2202 

vt 0.753973 0.382122
vn 0.853601 -0.500404 -0.14478
f 2173/1418/2202 2108/1731/2202 2106/1732/2203 2174/1417/2203 

vt 0.757373 0.384451
vn 0.853601 -0.483065 -0.194969
f 2174/1417/2203 2106/1732/2203 2104/1733/2204 2175/1416/2204 

vt 0.760652 0.387561
vn 0.8533 -0.473388 -0.218593
f 2175/1416/2204 2104/1733/2204 2102/1734/2205 2176/1415/2205 

vt 0.761963 0.38879
vn 0.853651 -0.484541 -0.191051
f 2176/1415/2205 2102/1734/2205 2100/1735/2206 2177/1414/2206 

vt 0.763325 0.389682
vn 0.853651 -0.502588 -0.136697
f 2177/1414/2206 2100/1735/2206 2098/1736/2207 2178/1413/2207 

vt 0.764721 0.390226
vn 0.853651 -0.514558 -0.0806902
f 2178/1413/2207 2098/1736/2207 2096/1737/2208 2179/1412/2208 

vt 0.766135 0.390416
vn 0.853651 -0.520306 -0.0237077
f 2179/1412/2208 2096/1737/2208 2094/1738/2209 2180/1411/2209 

vt 0.767549 0.39025
vn 0.853651 -0.519764 0.0335614
f 2180/1411/2209 2094/1738/2209 2092/1739/2210 2181/1410/2210 

vt 0.768947 0.389729
vn 0.853651 -0.512937 0.0904248
f 2181/1410/2210 2092/1739/2210 2090/1740/2211 2182/1409/2211 

vt 0.770312 0.388859
vn 0.853651 -0.499908 0.146195
f 2182/1409/2211 2090/1740/2211 2088/1741/2212 2183/1408/2212 

vt 0.771626 0.387652
vn 0.853651 -0.480835 0.200197
f 2183/1408/2212 2088/1741/2212 2086/1742/2213 2184/1407/2213 

vt 0.772875 0.386122
vn 0.853651 -0.455947 0.251779
v 0.267257 0.360233 -1.61553
vt 0.78101 0.416748
vn 0.863795 -0.481999 0.146747
v 0.267669 0.360928 -1.61564
vt 0.78108 0.417534
vn 0.861284 -0.506697 0.0380579
vn 0.86155 -0.499328 0.0916656
f 2084/1743/2214 2275/1744/2215 2276/1745/2216 2185/1406/2217 2184/1407/2213 2086/1742/2213 

vt 0.774043 0.384287
vn 0.853651 -0.425548 0.300317
v 0.25798 0.344466 -1.6121
vt 0.778978 0.398952
vn 0.867563 -0.463504 0.180272
f 2082/1746/2218 2277/1747/2219 2275/1744/2215 2084/1743/2214 

vt 0.775116 0.38217
vn 0.853651 -0.390002 0.345223
v 0.252069 0.334337 -1.60931
vt 0.777378 0.387549
vn 0.871867 -0.441602 0.211743
f 2080/1748/2220 2278/1749/2221 2277/1747/2219 2082/1746/2218 

vt 0.77608 0.379796
vn 0.876687 -0.45604 0.153128
f 2080/1748/2220 2078/1750/2222 2278/1749/2221

vt 0.782152 0.381048
vn 0.853359 -0.518227 -0.0567363
f 2076/1751/2223 2276/1745/2216 2275/1744/2215 2277/1747/2219 2278/1749/2221 2078/1750/2222 

vn 0.853359 -0.520263 -0.0332327
vt 0.788243 0.381669
f 2186/1405/2224 2185/1406/2217 2276/1745/2216 2076/1751/2223 2074/1752/2224 

vt 0.794339 0.381659
vn 0.853359 -0.521234 -0.00966108
f 2186/1405/2224 2074/1752/2224 2072/1753/2225 2187/1404/2225 

vt 0.800429 0.381017
vn 0.853359 -0.521137 0.0139303
f 2187/1404/2225 2072/1753/2225 2070/1754/2226 2188/1403/2226 

vt 0.8065 0.379745
vn 0.853359 -0.519974 0.0374932
f 2188/1403/2226 2070/1754/2226 2068/1755/2227 2189/1402/2227 

vt 0.81254 0.377846
vn 0.853359 -0.517745 0.0609794
f 2189/1402/2227 2068/1755/2227 2066/1756/2228 2190/1401/2228 

vt 0.818536 0.375323
vn 0.853359 -0.514456 0.0843406
f 2190/1401/2228 2066/1756/2228 2064/1757/2229 2191/1400/2229 

vt 0.824476 0.372181
vn 0.853359 -0.510113 0.107529
f 2191/1400/2229 2064/1757/2229 2062/1758/2230 2192/1399/2230 

vt 0.830348 0.368428
vn 0.853359 -0.504726 0.130497
f 2192/1399/2230 2062/1758/2230 2060/1759/2231 2193/1398/2231 

vt 0.83614 0.36407
vn 0.853359 -0.498306 0.153199
f 2193/1398/2231 2060/1759/2231 2058/1760/2232 2194/1397/2232 

vt 0.84184 0.359116
vn 0.853359 -0.490864 0.175586
f 2194/1397/2232 2058/1760/2232 2056/1761/2233 2195/1396/2233 

vt 0.847436 0.353578
vn 0.853492 -0.478563 0.206225
f 2195/1396/2233 2056/1761/2233 2054/1762/2234 2196/1395/2234 

vt 0.84941 0.35117
vn 0.853701 -0.4554 0.252598
f 2196/1395/2234 2054/1762/2234 2052/1763/2235 2197/1394/2235 

vt 0.851247 0.348248
vn 0.853701 -0.422604 0.304303
f 2197/1394/2235 2052/1763/2235 2050/1764/2236 2198/1393/2236 

vt 0.852922 0.344853
vn 0.853701 -0.383967 0.351801
f 2198/1393/2236 2050/1764/2236 2048/1765/2237 2199/1392/2237 

vt 0.854411 0.341031
vn 0.853701 -0.340022 0.394436
f 2199/1392/2237 2048/1765/2237 2046/1766/2238 2200/1391/2238 

vt 0.855693 0.336836
vn 0.853701 -0.291376 0.431619
f 2200/1391/2238 2046/1766/2238 2044/1767/2239 2201/1390/2239 

vt 0.856752 0.332324
vn 0.853701 -0.238702 0.462835
f 2201/1390/2239 2044/1767/2239 2042/1768/2240 2202/1389/2240 

vt 0.857572 0.32756
vn 0.853701 -0.182729 0.487652
f 2202/1389/2240 2042/1768/2240 2040/1769/2241 2203/1388/2241 

vt 0.858143 0.322608
vn 0.853701 -0.12423 0.505729
f 2203/1388/2241 2040/1769/2241 2038/1770/2242 2204/1387/2242 

vt 0.858455 0.317537
vn 0.853701 -0.0640129 0.516814
f 2204/1387/2242 2038/1770/2242 2036/1771/2243 2205/1386/2243 

vt 0.858505 0.312417
vn 0.853701 -0.00291127 0.520756
f 2205/1386/2243 2036/1771/2243 2034/1772/2244 2206/1385/2244 

vt 0.858293 0.307319
vn 0.854731 -0.0300618 0.5182
f 2206/1385/2244 2034/1772/2244 2032/1773/2245 2207/1384/2245 

vt 0.858621 0.301441
vn 0.853405 -0.103157 0.510939
f 2207/1384/2245 2032/1773/2245 2030/1774/2246 2208/1383/2246 

vt 0.859104 0.295619
vn 0.853405 -0.133703 0.503809
f 2208/1383/2246 2030/1774/2246 2028/1775/2247 2209/1382/2247 

vt 0.859738 0.289874
vn 0.853405 -0.163766 0.494855
f 2209/1382/2247 2028/1775/2247 2026/1776/2248 2210/1381/2248 

vt 0.860522 0.284226
vn 0.853405 -0.193235 0.484108
f 2210/1381/2248 2026/1776/2248 2024/1777/2249 2211/1380/2249 

vt 0.861453 0.278697
vn 0.853405 -0.222004 0.471608
f 2211/1380/2249 2024/1777/2249 2022/1778/2250 2212/1379/2250 

vt 0.862528 0.273306
vn 0.853405 -0.24997 0.457401
f 2212/1379/2250 2022/1778/2250 2020/1779/2251 2213/1378/2251 

vt 0.863742 0.268073
vn 0.853405 -0.27703 0.441537
f 2213/1378/2251 2020/1779/2251 2018/1780/2252 2214/1377/2252 

vt 0.865092 0.263016
vn 0.853405 -0.303087 0.424074
f 2214/1377/2252 2018/1780/2252 2016/1781/2253 2215/1376/2253 

vt 0.866572 0.258155
vn 0.853405 -0.328047 0.405075
f 2215/1376/2253 2016/1781/2253 2014/1782/2254 2216/1375/2254 

vt 0.868177 0.253506
vn 0.853405 -0.351818 0.384609
f 2216/1375/2254 2014/1782/2254 2012/1783/2255 2217/1374/2255 

vt 0.869901 0.249087
vn 0.853405 -0.374316 0.362751
v 0.268883 0.245237 -1.82376
vt 0.882208 0.275823
vn 0.856423 -0.40937 0.314573
vn 0.8533 -0.363351 0.373973
f 2010/1784/2256 2279/1785/2257 2218/1373/2258 2217/1374/2255 2012/1783/2255 

vt 0.871739 0.244913
vn 0.854834 -0.420963 0.303396
v 0.265554 0.24063 -1.82073
vt 0.880603 0.27072
vn 0.855347 -0.439554 0.274178
f 2008/1786/2259 2280/1787/2260 2279/1785/2257 2010/1784/2256 

vt 0.873656 0.242214
vn 0.853507 -0.465272 0.23462
f 2008/1786/2259 2006/1788/2261 2280/1787/2260

vn 0.853507 -0.483443 0.194444
vn 0.8533 -0.475093 0.214864
vt 0.875666 0.239896
f 2219/1372/2262 2218/1373/2263 2279/1785/2257 2280/1787/2260 2006/1788/2261 2004/1789/2262 

vt 0.877754 0.237976
vn 0.853507 -0.498151 0.152875
f 2219/1372/2262 2004/1789/2262 2002/1790/2264 2220/1371/2264 

vt 0.879905 0.236466
vn 0.853507 -0.509292 0.110211
f 2220/1371/2264 2002/1790/2264 2000/1791/2265 2221/1370/2265 

vt 0.882105 0.235379
vn 0.853507 -0.516787 0.0667582
f 2221/1370/2265 2000/1791/2265 1998/1792/2266 2222/1369/2266 

vt 0.884337 0.234721
vn 0.853507 -0.52058 0.0228273
f 2222/1369/2266 1998/1792/2266 1996/1793/2267 2223/1368/2267 

vt 0.886585 0.234497
vn 0.853507 -0.520646 -0.0212671
f 2223/1368/2267 1996/1793/2267 1994/1794/2268 2224/1367/2268 

vt 0.888834 0.23471
vn 0.853507 -0.516984 -0.0652091
f 2224/1367/2268 1994/1794/2268 1992/1795/2269 2225/1366/2269 

vt 0.891067 0.235357
vn 0.853507 -0.50962 -0.108684
f 2225/1366/2269 1992/1795/2269 1990/1796/2270 2226/1365/2270 

vt 0.893267 0.236434
vn 0.853507 -0.498607 -0.151381
f 2226/1365/2270 1990/1796/2270 1988/1797/2271 2227/1364/2271 

vt 0.89542 0.237933
vn 0.853507 -0.484023 -0.192994
v 0.264024 0.237412 -1.84199
vt 0.891112 0.26604
vn 0.855786 -0.458886 -0.238859
v 0.266877 0.241548 -1.83968
vt 0.890049 0.270862
vn 0.856985 -0.428796 -0.285852
vn 0.858056 -0.440445 -0.264098
f 1986/1798/2272 2281/1799/2273 2282/1800/2274 2228/1363/2275 2227/1364/2271 1988/1797/2271 

vt 0.89751 0.239843
vn 0.855257 -0.441301 -0.271641
f 1986/1798/2272 1984/1801/2276 2281/1799/2273

vt 0.899576 0.243363
vn 0.853409 -0.39444 -0.34075
f 1982/1802/2277 2282/1800/2274 2281/1799/2273 1984/1801/2276 

vn 0.853409 -0.372797 -0.364302
vt 0.901543 0.247167
f 2229/1362/2278 2228/1363/2275 2282/1800/2274 1982/1802/2277 1980/1803/2278 

vt 0.903405 0.25124
vn 0.853409 -0.34975 -0.386482
f 2229/1362/2278 1980/1803/2278 1978/1804/2279 2230/1361/2279 

vt 0.905154 0.255567
vn 0.853409 -0.325386 -0.407206
f 2230/1361/2279 1978/1804/2279 1976/1805/2280 2231/1360/2280 

vt 0.906784 0.260131
vn 0.853409 -0.299797 -0.426397
f 2231/1360/2280 1976/1805/2280 1974/1806/2281 2232/1359/2281 

vt 0.908288 0.264915
vn 0.853409 -0.273079 -0.443983
f 2232/1359/2281 1974/1806/2281 1972/1807/2282 2233/1358/2282 

vt 0.909662 0.269902
vn 0.853409 -0.245333 -0.459897
f 2233/1358/2282 1972/1807/2282 1970/1808/2283 2234/1357/2283 

vt 0.910899 0.275072
vn 0.853409 -0.216663 -0.474078
f 2234/1357/2283 1970/1808/2283 1968/1809/2284 2235/1356/2284 

vt 0.911996 0.280407
vn 0.853409 -0.187177 -0.486475
f 2235/1356/2284 1968/1809/2284 1966/1810/2285 2236/1355/2285 

vt 0.912947 0.285885
vn 0.853409 -0.156986 -0.49704
f 2236/1355/2285 1966/1810/2285 1964/1811/2286 2237/1354/2286 

vt 0.91375 0.291486
vn 0.853409 -0.126204 -0.505733
f 2237/1354/2286 1964/1811/2286 1962/1812/2287 2238/1353/2287 

vt 0.914401 0.29719
vn 0.853469 -0.0910768 -0.513124
f 2238/1353/2287 1962/1812/2287 1960/1813/2288 2239/1352/2288 

vt 0.915022 0.305025
vn 0.853542 -0.047739 -0.518832
f 2239/1352/2288 1960/1813/2288 1958/1814/2289 2240/1351/2289 

vt 0.915327 0.312958
vn 0.853542 -0.000172051 -0.521024
f 2240/1351/2289 1958/1814/2289 1956/1815/2290 2241/1350/2290 

vt 0.915315 0.320921
vn 0.853542 0.0473963 -0.518864
f 2241/1350/2290 1956/1815/2290 1954/1816/2291 2242/1349/2291 

vt 0.914986 0.328848
vn 0.853542 0.0945688 -0.51237
f 2242/1349/2291 1954/1816/2291 1952/1817/2292 2243/1348/2292 

vt 0.914341 0.336673
vn 0.853542 0.140951 -0.501596
f 2243/1348/2292 1952/1817/2292 1950/1818/2293 2244/1347/2293 

vt 0.913387 0.344331
vn 0.853542 0.186157 -0.486633
f 2244/1347/2293 1950/1818/2293 1948/1819/2294 2245/1346/2294 

vt 0.912132 0.351757
vn 0.853542 0.229807 -0.467605
f 2245/1346/2294 1948/1819/2294 1946/1820/2295 2246/1345/2295 

vt 0.910586 0.358891
vn 0.853542 0.271538 -0.444672
f 2246/1345/2295 1946/1820/2295 1944/1821/2296 2247/1344/2296 

vt 0.908762 0.365671
vn 0.853542 0.311001 -0.418024
f 2247/1344/2296 1944/1821/2296 1942/1822/2297 2248/1343/2297 

vt 0.906676 0.372041
vn 0.853542 0.347866 -0.387885
f 2248/1343/2297 1942/1822/2297 1940/1823/2298 2249/1342/2298 

vt 0.904344 0.377949
vn 0.853542 0.381826 -0.354506
f 2249/1342/2298 1940/1823/2298 1938/1824/2299 2250/1341/2299 

vt 0.901786 0.383345
vn 0.85336 0.405449 -0.3277
f 2250/1341/2299 1938/1824/2299 1936/1825/2300 2251/1340/2300 

vt 0.870711 0.443124
vn 0.853456 0.424109 -0.302893
f 2251/1340/2300 1936/1825/2300 1934/1826/2301 2252/1339/2301 

vt 0.867099 0.449095
vn 0.853385 0.442682 -0.275256
f 2252/1339/2301 1934/1826/2301 1932/1827/2302 2253/1338/2302 

vt 0.86335 0.454607
vn 0.853385 0.456988 -0.250788
f 2253/1338/2302 1932/1827/2302 1930/1828/2303 2254/1337/2303 

vt 0.859477 0.459645
vn 0.853385 0.469944 -0.225579
f 2254/1337/2303 1930/1828/2303 1928/1829/2304 2255/1336/2304 

vt 0.855489 0.464194
vn 0.853385 0.48151 -0.199703
f 2255/1336/2304 1928/1829/2304 1926/1830/2305 2256/1335/2305 

vt 0.8514 0.468239
vn 0.853385 0.491653 -0.173236
f 2256/1335/2305 1926/1830/2305 1924/1831/2306 2257/1334/2306 

vt 0.84722 0.47177
vn 0.853385 0.500342 -0.146257
f 2257/1334/2306 1924/1831/2306 1922/1832/2307 2258/1333/2307 

vt 0.842963 0.474776
vn 0.853385 0.507552 -0.118846
f 2258/1333/2307 1922/1832/2307 1920/1833/2308 2259/1332/2308 

vt 0.838641 0.477247
vn 0.853385 0.513261 -0.0910832
f 2259/1332/2308 1920/1833/2308 1918/1834/2309 2260/1331/2309 

vt 0.834266 0.479176
vn 0.853385 0.517453 -0.0630513
f 2260/1331/2309 1918/1834/2309 1916/1835/2310 2261/1330/2310 

vt 0.829852 0.480559
vn 0.853385 0.520115 -0.0348329
f 2261/1330/2310 1916/1835/2310 1914/1836/2311 2262/1329/2311 

vt 0.825412 0.48139
vn 0.853385 0.52124 -0.00651161
f 2262/1329/2311 1914/1836/2311 1912/1837/2312 2263/1328/2312 

f 2263/1328/2312 1912/1837/2312 1910/1311/2173 2160/1312/2173 

vn -0.8533 0.421297 0.307227
f 2135/1718/2313 1888/1430/2004 1771/1313/2004 1886/1428/2313 

vn -0.772232 0.634783 0.0266053
f 1886/1428/2314 2133/1719/2314 2135/1718/2314

vn -0.875697 -0.0202201 0.482437
f 1886/1428/2315 2131/1720/2315 2133/1719/2315

vn -0.694969 -0.718409 -0.0301103
f 2131/1720/2316 1886/1428/2316 2129/1721/2316

vn -0.8533 -0.385706 0.350871
vn -0.853375 -0.394432 0.340844
f 1886/1428/2317 1885/1427/2318 2127/1722/2318 2129/1721/2317 

vn -0.853601 -0.419024 0.309489
f 2127/1722/2318 1885/1427/2318 1884/1426/2319 2125/1723/2319 

vn -0.853601 -0.448354 0.265224
f 2125/1723/2319 1884/1426/2319 1883/1425/2320 2123/1724/2320 

vn -0.853601 -0.473024 0.218204
f 2123/1724/2320 1883/1425/2320 1882/1424/2321 2121/1725/2321 

vn -0.853601 -0.49278 0.168916
f 2121/1725/2321 1882/1424/2321 1881/1423/2322 2119/1726/2322 

vn -0.853601 -0.507416 0.117873
f 2119/1726/2322 1881/1423/2322 1880/1422/2323 2117/1727/2323 

vn -0.853601 -0.516779 0.065605
f 2117/1727/2323 1880/1422/2323 1879/1421/2324 2115/1728/2324 

vn -0.853601 -0.520773 0.0126556
f 2115/1728/2324 1879/1421/2324 1878/1420/2325 2113/1729/2325 

vn -0.853601 -0.519356 -0.0404254
f 2113/1729/2325 1878/1420/2325 1877/1419/2326 2111/1730/2326 

vn -0.853601 -0.512543 -0.0930863
f 2111/1730/2326 1877/1419/2326 1876/1418/2327 2109/1731/2327 

vn -0.853601 -0.500404 -0.14478
f 2109/1731/2327 1876/1418/2327 1875/1417/2328 2107/1732/2328 

vn -0.853601 -0.483065 -0.194969
f 2107/1732/2328 1875/1417/2328 1874/1416/2329 2105/1733/2329 

vn -0.8533 -0.473388 -0.218593
f 2105/1733/2329 1874/1416/2329 1873/1415/2330 2103/1734/2330 

vn -0.853651 -0.484541 -0.191051
f 2103/1734/2330 1873/1415/2330 1872/1414/2331 2101/1735/2331 

vn -0.853651 -0.502588 -0.136697
f 2101/1735/2331 1872/1414/2331 1871/1413/2332 2099/1736/2332 

vn -0.853651 -0.514558 -0.0806902
f 2099/1736/2332 1871/1413/2332 1870/1412/2333 2097/1737/2333 

vn -0.853651 -0.520306 -0.0237077
f 2097/1737/2333 1870/1412/2333 1869/1411/2334 2095/1738/2334 

vn -0.853651 -0.519764 0.0335614
f 2095/1738/2334 1869/1411/2334 1868/1410/2335 2093/1739/2335 

vn -0.853651 -0.512937 0.0904248
f 2093/1739/2335 1868/1410/2335 1867/1409/2336 2091/1740/2336 

vn -0.853651 -0.499908 0.146195
f 2091/1740/2336 1867/1409/2336 1866/1408/2337 2089/1741/2337 

vn -0.853651 -0.480835 0.200197
f 2089/1741/2337 1866/1408/2337 1865/1407/2338 2087/1742/2338 

v 0.209586 0.360233 -1.61553
vn -0.863795 -0.481999 0.146747
vn -0.853651 -0.455947 0.251779
vn -0.86155 -0.499328 0.0916656
v 0.209174 0.360928 -1.61564
vn -0.861284 -0.506697 0.0380579
f 2283/1744/2339 2085/1743/2340 2087/1742/2338 1865/1407/2338 1864/1406/2341 2284/1745/2342 

v 0.218863 0.344466 -1.6121
vn -0.867563 -0.463504 0.180272
vn -0.853651 -0.425548 0.300317
f 2285/1747/2343 2083/1746/2344 2085/1743/2340 2283/1744/2339 

v 0.224774 0.334337 -1.60931
vn -0.871867 -0.441602 0.211743
vn -0.853651 -0.390002 0.345223
f 2286/1749/2345 2081/1748/2346 2083/1746/2344 2285/1747/2343 

vn -0.876687 -0.45604 0.153128
f 2079/1750/2347 2081/1748/2346 2286/1749/2345

vn -0.853359 -0.518227 -0.0567363
f 2284/1745/2342 2077/1751/2348 2079/1750/2347 2286/1749/2345 2285/1747/2343 2283/1744/2339 

vn -0.853359 -0.520263 -0.0332327
f 1864/1406/2341 1863/1405/2349 2075/1752/2349 2077/1751/2348 2284/1745/2342 

vn -0.853359 -0.521234 -0.00966108
f 2075/1752/2349 1863/1405/2349 1862/1404/2350 2073/1753/2350 

vn -0.853359 -0.521137 0.0139303
f 2073/1753/2350 1862/1404/2350 1861/1403/2351 2071/1754/2351 

vn -0.853359 -0.519974 0.0374932
f 2071/1754/2351 1861/1403/2351 1860/1402/2352 2069/1755/2352 

vn -0.853359 -0.517745 0.0609794
f 2069/1755/2352 1860/1402/2352 1859/1401/2353 2067/1756/2353 

vn -0.853359 -0.514456 0.0843406
f 2067/1756/2353 1859/1401/2353 1858/1400/2354 2065/1757/2354 

vn -0.853359 -0.510113 0.107529
f 2065/1757/2354 1858/1400/2354 1857/1399/2355 2063/1758/2355 

vn -0.853359 -0.504726 0.130497
f 2063/1758/2355 1857/1399/2355 1856/1398/2356 2061/1759/2356 

vn -0.853359 -0.498306 0.153199
f 2061/1759/2356 1856/1398/2356 1855/1397/2357 2059/1760/2357 

vn -0.853359 -0.490864 0.175586
f 2059/1760/2357 1855/1397/2357 1854/1396/2358 2057/1761/2358 

vn -0.853492 -0.478563 0.206225
f 2057/1761/2358 1854/1396/2358 1853/1395/2359 2055/1762/2359 

vn -0.853701 -0.4554 0.252598
f 2055/1762/2359 1853/1395/2359 1852/1394/2360 2053/1763/2360 

vn -0.853701 -0.422604 0.304303
f 2053/1763/2360 1852/1394/2360 1851/1393/2361 2051/1764/2361 

vn -0.853701 -0.383967 0.351801
f 2051/1764/2361 1851/1393/2361 1850/1392/2362 2049/1765/2362 

vn -0.853701 -0.340022 0.394436
f 2049/1765/2362 1850/1392/2362 1849/1391/2363 2047/1766/2363 

vn -0.853701 -0.291376 0.431619
f 2047/1766/2363 1849/1391/2363 1848/1390/2364 2045/1767/2364 

vn -0.853701 -0.238702 0.462835
f 2045/1767/2364 1848/1390/2364 1847/1389/2365 2043/1768/2365 

vn -0.853701 -0.182729 0.487652
f 2043/1768/2365 1847/1389/2365 1846/1388/2366 2041/1769/2366 

vn -0.853701 -0.12423 0.505729
f 2041/1769/2366 1846/1388/2366 1845/1387/2367 2039/1770/2367 

vn -0.853701 -0.0640129 0.516814
f 2039/1770/2367 1845/1387/2367 1844/1386/2368 2037/1771/2368 

vn -0.853701 -0.00291127 0.520756
f 2037/1771/2368 1844/1386/2368 1843/1385/2369 2035/1772/2369 

vn -0.854731 -0.0300618 0.5182
f 2035/1772/2369 1843/1385/2369 1842/1384/2370 2033/1773/2370 

vn -0.853405 -0.103157 0.510939
f 2033/1773/2370 1842/1384/2370 1841/1383/2371 2031/1774/2371 

vn -0.853405 -0.133703 0.503809
f 2031/1774/2371 1841/1383/2371 1840/1382/2372 2029/1775/2372 

vn -0.853405 -0.163766 0.494855
f 2029/1775/2372 1840/1382/2372 1839/1381/2373 2027/1776/2373 

vn -0.853405 -0.193235 0.484108
f 2027/1776/2373 1839/1381/2373 1838/1380/2374 2025/1777/2374 

vn -0.853405 -0.222004 0.471608
f 2025/1777/2374 1838/1380/2374 1837/1379/2375 2023/1778/2375 

vn -0.853405 -0.24997 0.457401
f 2023/1778/2375 1837/1379/2375 1836/1378/2376 2021/1779/2376 

vn -0.853405 -0.27703 0.441537
f 2021/1779/2376 1836/1378/2376 1835/1377/2377 2019/1780/2377 

vn -0.853405 -0.303087 0.424074
f 2019/1780/2377 1835/1377/2377 1834/1376/2378 2017/1781/2378 

vn -0.853405 -0.328047 0.405075
f 2017/1781/2378 1834/1376/2378 1833/1375/2379 2015/1782/2379 

vn -0.853405 -0.351818 0.384609
f 2015/1782/2379 1833/1375/2379 1832/1374/2380 2013/1783/2380 

v 0.20796 0.245237 -1.82376
vn -0.856423 -0.40937 0.314573
vn -0.853405 -0.374316 0.362751
vn -0.8533 -0.363351 0.373973
f 2287/1785/2381 2011/1784/2382 2013/1783/2380 1832/1374/2380 1831/1373/2383 

v 0.211289 0.24063 -1.82073
vn -0.855347 -0.439554 0.274178
vn -0.854834 -0.420963 0.303396
f 2288/1787/2384 2009/1786/2385 2011/1784/2382 2287/1785/2381 

vn -0.853507 -0.465272 0.23462
f 2007/1788/2386 2009/1786/2385 2288/1787/2384

vn -0.8533 -0.475093 0.214864
vn -0.853507 -0.483443 0.194444
f 1831/1373/2387 1830/1372/2388 2005/1789/2388 2007/1788/2386 2288/1787/2384 2287/1785/2381 

vn -0.853507 -0.498151 0.152875
f 2005/1789/2388 1830/1372/2388 1829/1371/2389 2003/1790/2389 

vn -0.853507 -0.509292 0.110211
f 2003/1790/2389 1829/1371/2389 1828/1370/2390 2001/1791/2390 

vn -0.853507 -0.516787 0.0667582
f 2001/1791/2390 1828/1370/2390 1827/1369/2391 1999/1792/2391 

vn -0.853507 -0.52058 0.0228273
f 1999/1792/2391 1827/1369/2391 1826/1368/2392 1997/1793/2392 

vn -0.853507 -0.520646 -0.0212671
f 1997/1793/2392 1826/1368/2392 1825/1367/2393 1995/1794/2393 

vn -0.853507 -0.516984 -0.0652091
f 1995/1794/2393 1825/1367/2393 1824/1366/2394 1993/1795/2394 

vn -0.853507 -0.50962 -0.108684
f 1993/1795/2394 1824/1366/2394 1823/1365/2395 1991/1796/2395 

vn -0.853507 -0.498607 -0.151381
f 1991/1796/2395 1823/1365/2395 1822/1364/2396 1989/1797/2396 

v 0.212818 0.237412 -1.84199
vn -0.855786 -0.458886 -0.238859
vn -0.853507 -0.484023 -0.192994
vn -0.858056 -0.440445 -0.264098
v 0.209966 0.241548 -1.83968
vn -0.856985 -0.428796 -0.285852
f 2289/1799/2397 1987/1798/2398 1989/1797/2396 1822/1364/2396 1821/1363/2399 2290/1800/2400 

vn -0.855257 -0.441301 -0.271641
f 1985/1801/2401 1987/1798/2398 2289/1799/2397

vn -0.853409 -0.39444 -0.34075
f 2290/1800/2400 1983/1802/2402 1985/1801/2401 2289/1799/2397 

vn -0.853409 -0.372797 -0.364302
f 1821/1363/2399 1820/1362/2403 1981/1803/2403 1983/1802/2402 2290/1800/2400 

vn -0.853409 -0.34975 -0.386482
f 1981/1803/2403 1820/1362/2403 1819/1361/2404 1979/1804/2404 

vn -0.853409 -0.325386 -0.407206
f 1979/1804/2404 1819/1361/2404 1818/1360/2405 1977/1805/2405 

vn -0.853409 -0.299797 -0.426397
f 1977/1805/2405 1818/1360/2405 1817/1359/2406 1975/1806/2406 

vn -0.853409 -0.273079 -0.443983
f 1975/1806/2406 1817/1359/2406 1816/1358/2407 1973/1807/2407 

vn -0.853409 -0.245333 -0.459897
f 1973/1807/2407 1816/1358/2407 1815/1357/2408 1971/1808/2408 

vn -0.853409 -0.216663 -0.474078
f 1971/1808/2408 1815/1357/2408 1814/1356/2409 1969/1809/2409 

vn -0.853409 -0.187177 -0.486475
f 1969/1809/2409 1814/1356/2409 1813/1355/2410 1967/1810/2410 

vn -0.853409 -0.156986 -0.49704
f 1967/1810/2410 1813/1355/2410 1812/1354/2411 1965/1811/2411 

vn -0.853409 -0.126204 -0.505733
f 1965/1811/2411 1812/1354/2411 1811/1353/2412 1963/1812/2412 

vn -0.853469 -0.0910768 -0.513124
f 1963/1812/2412 1811/1353/2412 1810/1352/2413 1961/1813/2413 

vn -0.853542 -0.047739 -0.518832
f 1961/1813/2413 1810/1352/2413 1809/1351/2414 1959/1814/2414 

vn -0.853542 -0.000172051 -0.521024
f 1959/1814/2414 1809/1351/2414 1808/1350/2415 1957/1815/2415 

vn -0.853542 0.0473963 -0.518864
f 1957/1815/2415 1808/1350/2415 1807/1349/2416 1955/1816/2416 

vn -0.853542 0.0945688 -0.51237
f 1955/1816/2416 1807/1349/2416 1806/1348/2417 1953/1817/2417 

vn -0.853542 0.140951 -0.501596
f 1953/1817/2417 1806/1348/2417 1805/1347/2418 1951/1818/2418 

vn -0.853542 0.186157 -0.486633
f 1951/1818/2418 1805/1347/2418 1804/1346/2419 1949/1819/2419 

vn -0.853542 0.229807 -0.467605
f 1949/1819/2419 1804/1346/2419 1803/1345/2420 1947/1820/2420 

vn -0.853542 0.271538 -0.444672
f 1947/1820/2420 1803/1345/2420 1802/1344/2421 1945/1821/2421 

vn -0.853542 0.311001 -0.418024
f 1945/1821/2421 1802/1344/2421 1801/1343/2422 1943/1822/2422 

vn -0.853542 0.347866 -0.387885
f 1943/1822/2422 1801/1343/2422 1800/1342/2423 1941/1823/2423 

vn -0.853542 0.381826 -0.354506
f 1941/1823/2423 1800/1342/2423 1799/1341/2424 1939/1824/2424 

vn -0.85336 0.405449 -0.3277
f 1939/1824/2424 1799/1341/2424 1798/1340/2425 1937/1825/2425 

vn -0.853456 0.424109 -0.302893
f 1937/1825/2425 1798/1340/2425 1797/1339/2426 1935/1826/2426 

vn -0.853385 0.442682 -0.275256
f 1935/1826/2426 1797/1339/2426 1796/1338/2427 1933/1827/2427 

vn -0.853385 0.456988 -0.250788
f 1933/1827/2427 1796/1338/2427 1795/1337/2428 1931/1828/2428 

vn -0.853385 0.469944 -0.225579
f 1931/1828/2428 1795/1337/2428 1794/1336/2429 1929/1829/2429 

vn -0.853385 0.48151 -0.199703
f 1929/1829/2429 1794/1336/2429 1793/1335/2430 1927/1830/2430 

vn -0.853385 0.491653 -0.173236
f 1927/1830/2430 1793/1335/2430 1792/1334/2431 1925/1831/2431 

vn -0.853385 0.500342 -0.146257
f 1925/1831/2431 1792/1334/2431 1791/1333/2432 1923/1832/2432 

vn -0.853385 0.507552 -0.118846
f 1923/1832/2432 1791/1333/2432 1790/1332/2433 1921/1833/2433 

vn -0.853385 0.513261 -0.0910832
f 1921/1833/2433 1790/1332/2433 1789/1331/2434 1919/1834/2434 

vn -0.853385 0.517453 -0.0630513
f 1919/1834/2434 1789/1331/2434 1788/1330/2435 1917/1835/2435 

vn -0.853385 0.520115 -0.0348329
f 1917/1835/2435 1788/1330/2435 1787/1329/2436 1915/1836/2436 

vn -0.853385 0.52124 -0.00651161
f 1915/1836/2436 1787/1329/2436 1786/1328/2437 1913/1837/2437 

f 1913/1837/2437 1786/1328/2437 1770/1312/2001 1769/1311/2001 

g Mesh3 Group1 Model

usemtl sulawesi_kris_pamor_weapon_sumatra_weapon_ae66fa6602eece6a74b2dff70e2d4343
v 0.151948 0.738069 -1.78172
vt 0.854247 0.917825
vn -0.933673 -0.0826117 -0.348468
v 0.151948 0.726515 -1.77884
vt 0.852616 0.925667
vn -0.933666 -0.0864352 -0.347559
v 0.15114 0.731618 -1.77794
vt 0.852357 0.922107
vn -0.927342 -0.0823354 -0.365045
v 0.150247 0.737247 -1.77694
vt 0.852072 0.918179
vn -0.925159 -0.0809619 -0.370845
v 0.149924 0.739286 -1.77658
vt 0.851969 0.916757
vn -0.930539 -0.080564 -0.357221
f 2291/1838/2438 2292/1839/2439 2293/1840/2440 2294/1841/2441 2295/1842/2442 

usemtl Color_D08
vt -1.56985 37.2562
vn -4.0871e-16 -0.230677 -0.97303
v 0.22928 0.738069 -1.78172
vt -4.6144 37.2562
v 0.22928 0.726515 -1.77884
vt -4.6144 36.7876
vn -3.91971e-16 -0.241341 -0.97044
vt -1.56985 36.7876
f 2291/1843/2443 2296/1844/2443 2297/1845/2444 2292/1846/2444 

v 0.151948 0.749682 -1.78434
vt -1.56985 36.321
vn -4.42037e-16 -0.209268 -0.977858
v 0.22928 0.749682 -1.78434
vt -4.6144 36.321
vt -4.6144 35.8523
vt -1.56985 35.8523
f 2298/1847/2445 2299/1848/2445 2296/1849/2443 2291/1850/2443 

v 0.151948 0.76135 -1.7867
vt -1.56985 35.3684
vn -4.75152e-16 -0.187758 -0.982215
v 0.22928 0.76135 -1.7867
vt -4.6144 35.3684
vt -4.6144 34.8997
vt -1.56985 34.8997
f 2300/1851/2446 2301/1852/2446 2299/1853/2445 2298/1854/2445 

v 0.151948 0.773067 -1.78881
vt -1.56985 34.3989
vn -5.08038e-16 -0.166157 -0.986099
v 0.22928 0.773067 -1.78881
vt -4.6144 34.3989
vt -4.6144 33.9302
vt -1.56985 33.9302
f 2302/1855/2447 2303/1856/2447 2301/1857/2446 2300/1858/2446 

v 0.151948 0.784827 -1.79066
vt -1.56985 33.4129
vn -5.40679e-16 -0.144477 -0.989508
v 0.22928 0.784827 -1.79066
vt -4.6144 33.4129
vt -4.6144 32.9442
vt -1.56985 32.9442
f 2304/1859/2448 2305/1860/2448 2303/1861/2447 2302/1862/2447 

v 0.151948 0.796626 -1.79225
vt -1.56985 32.4109
vn -5.7306e-16 -0.122727 -0.992441
v 0.22928 0.796626 -1.79225
vt -4.6144 32.4109
vt -4.6144 31.9422
vt -1.56985 31.9422
f 2306/1863/2449 2307/1864/2449 2305/1865/2448 2304/1866/2448 

v 0.151948 0.808456 -1.79358
vt -1.56985 31.3934
vn -6.05165e-16 -0.100917 -0.994895
v 0.22928 0.808456 -1.79358
vt -4.6144 31.3934
vt -4.6144 30.9247
vt -1.56985 30.9247
f 2308/1867/2450 2309/1868/2450 2307/1869/2449 2306/1870/2449 

v 0.151948 0.820313 -1.79465
vt -1.56985 30.3609
vn -6.36978e-16 -0.0790596 -0.99687
v 0.22928 0.820313 -1.79465
vt -4.6144 30.3609
vt -4.6144 29.8922
vt -1.56985 29.8922
f 2310/1871/2451 2311/1872/2451 2309/1873/2450 2308/1874/2450 

v 0.151948 0.83219 -1.79546
vt -1.56985 29.3139
vn -6.68485e-16 -0.0571636 -0.998365
v 0.22928 0.83219 -1.79546
vt -4.6144 29.3139
vt -4.6144 28.8452
vt -1.56985 28.8452
f 2312/1875/2452 2313/1876/2452 2311/1877/2451 2310/1878/2451 

v 0.151948 0.844082 -1.79601
vt -1.56985 28.2529
vn -6.99669e-16 -0.0352401 -0.999379
v 0.22928 0.844082 -1.79601
vt -4.6144 28.2529
vt -4.6144 27.7842
vt -1.56985 27.7842
f 2314/1879/2453 2315/1880/2453 2313/1881/2452 2312/1882/2452 

v 0.151948 0.855984 -1.7963
vt -1.56985 27.1784
vn -6.01648e-16 -0.0132997 -0.999912
v 0.22928 0.855984 -1.7963
vt -4.6144 27.1784
vt -4.6144 26.7097
vt -1.56985 26.7097
f 2316/1883/2454 2317/1884/2454 2315/1885/2453 2314/1886/2453 

v 0.151948 0.867889 -1.79633
vt -1.56985 26.0909
vn -4.88088e-16 -0.00232637 -0.999997
v 0.18721 0.867889 -1.79633
vt -2.95811 26.0909
v 0.187474 0.867241 -1.79632
vt -2.96849 26.0654
v 0.187904 0.866622 -1.79632
vt -2.98542 26.0411
v 0.188461 0.866108 -1.79632
vt -3.00737 26.0208
v 0.18912 0.865723 -1.79632
vt -3.03331 26.0057
v 0.189849 0.865484 -1.79632
vt -3.06201 25.9963
v 0.190614 0.865403 -1.79632
vt -3.09213 25.9931
v 0.191379 0.865484 -1.79632
vt -3.12224 25.9963
v 0.192108 0.865723 -1.79632
vt -3.15094 26.0057
v 0.192767 0.866108 -1.79632
vt -3.17688 26.0208
v 0.193324 0.866622 -1.79632
vt -3.19883 26.0411
v 0.193755 0.867241 -1.79632
vt -3.21577 26.0654
v 0.194018 0.867889 -1.79633
vt -3.22615 26.0909
v 0.22928 0.867889 -1.79633
vt -4.6144 26.0909
vt -4.6144 25.6222
vt -1.56985 25.6222
f 2318/1887/2455 2319/1888/2455 2320/1889/2455 2321/1890/2455 2322/1891/2455 2323/1892/2455 2324/1893/2455 2325/1894/2455 2326/1895/2455 2327/1896/2455 2328/1897/2455 2329/1898/2455 2330/1899/2455 2331/1900/2455 2332/1901/2455 2317/1902/2454 2316/1903/2454 

v 0.151948 0.900229 -1.79656
vt -1.56985 27.7123
vn -3.44935e-15 -0.0230851 -0.999734
v 0.179271 0.900229 -1.79656
vt -2.64555 27.7123
v 0.181219 0.891236 -1.79649
vt -2.72225 27.3582
vn -1.06205e-15 -0.00721986 -0.999974
v 0.184059 0.87955 -1.79641
vt -2.83404 26.8981
v 0.187191 0.867935 -1.79633
vt -2.95736 26.4408
vt -2.95811 26.439
vt -1.56985 26.439
f 2333/1904/2456 2334/1905/2456 2335/1906/2457 2336/1907/2457 2337/1908/2457 2319/1909/2457 2318/1910/2457 

v 0.151948 0.932546 -1.79782
vt -1.56985 31.2264
vn -2.80048e-15 -0.0547942 -0.998498
v 0.173593 0.932546 -1.79782
vt -2.42199 31.2264
v 0.174473 0.926296 -1.79758
vt -2.45664 30.9801
vn -5.83578e-15 -0.0389445 -0.999241
v 0.176425 0.914598 -1.79712
vt -2.5335 30.5192
v 0.178674 0.902948 -1.79667
vt -2.62205 30.0602
vt -2.64555 29.9531
vt -1.56985 29.9531
f 2338/1911/2458 2339/1912/2458 2340/1913/2459 2341/1914/2459 2342/1915/2459 2334/1916/2456 2333/1917/2456 

v 0.151948 0.964806 -1.8001
vt -1.56985 34.7097
vn -3.47128e-15 -0.086448 -0.996256
v 0.17018 0.964806 -1.8001
vt -2.28763 34.7097
v 0.170411 0.961235 -1.79985
vt -2.29671 34.5687
vn 2.35519e-16 -0.07063 -0.997503
v 0.171465 0.949586 -1.79903
vt -2.33822 34.1089
v 0.172819 0.937965 -1.7982
vt -2.39154 33.6503
vt -2.42199 33.4364
vt -1.56985 33.4364
f 2343/1918/2460 2344/1919/2460 2345/1920/2461 2346/1921/2461 2347/1922/2461 2339/1923/2458 2338/1924/2458 

v 0.151948 0.996978 -1.80341
vt -1.56985 38.1587
vn -5.1456e-15 -0.118015 -0.993012
v 0.169054 0.996978 -1.80341
vt -2.24331 38.1587
v 0.169054 0.99587 -1.8033
vt -2.24331 38.1148
vn -7.1772e-15 -0.102244 -0.994759
v 0.169205 0.984331 -1.80211
vt -2.24924 37.6581
v 0.169657 0.972799 -1.80092
vt -2.26705 37.2017
vt -2.28763 36.8854
vt -1.56985 36.8854
f 2348/1925/2462 2349/1926/2462 2350/1927/2463 2351/1928/2463 2352/1929/2463 2344/1930/2460 2343/1931/2460 

v 0.151948 1.02903 -1.80774
vt -1.56985 41.5699
vn 4.19111e-15 -0.149463 -0.988767
v 0.169054 1.02903 -1.80774
vt -2.24331 41.5699
vt -2.24331 40.2966
vt -1.56985 40.2966
f 2353/1932/2464 2354/1933/2464 2349/1934/2462 2348/1935/2462 

v 0.151948 1.06093 -1.81308
vt -1.56985 44.9398
vn 7.42325e-15 -0.18076 -0.983527
v 0.16967 1.06093 -1.81308
vt -2.26755 44.9398
v 0.169657 1.06069 -1.81304
vt -2.26705 44.9305
vn 1.14939e-14 -0.165132 -0.986271
v 0.169205 1.04692 -1.81073
vt -2.24924 44.3809
v 0.169054 1.03315 -1.80843
vt -2.24331 43.831
vt -2.24331 43.6666
vt -1.56985 43.6666
f 2355/1936/2465 2356/1937/2465 2357/1938/2466 2358/1939/2466 2359/1940/2466 2354/1941/2464 2353/1942/2464 

v 0.151948 1.09264 -1.81943
vt -1.56985 48.2652
vn 3.37004e-15 -0.211876 -0.977297
v 0.171847 1.09264 -1.81943
vt -2.35326 48.2652
v 0.171465 1.0887 -1.81864
vt -2.33822 48.1071
vn 3.35074e-15 -0.196343 -0.980535
v 0.170411 1.0747 -1.81584
vt -2.29671 47.5452
vt -2.26755 46.9919
vt -1.56985 46.9919
f 2360/1943/2467 2361/1944/2467 2362/1945/2468 2363/1946/2468 2356/1947/2465 2355/1948/2465 

v 0.151948 1.12413 -1.82678
vt -1.56985 51.5426
vn -2.01921e-15 -0.242778 -0.970082
v 0.175449 1.12413 -1.82678
vt -2.49506 51.5426
v 0.174473 1.11706 -1.82513
vt -2.45664 51.2567
vn 3.38849e-15 -0.227355 -0.973812
v 0.172819 1.10286 -1.82181
vt -2.39154 50.6826
vt -2.35326 50.2693
vt -1.56985 50.2693
f 2364/1949/2469 2365/1950/2469 2366/1951/2470 2367/1952/2470 2361/1953/2467 2360/1954/2467 

v 0.151948 1.15538 -1.83513
vt -1.56985 54.7688
vn 4.00291e-15 -0.273435 -0.96189
v 0.180388 1.15538 -1.83513
vt -2.68953 54.7688
v 0.178674 1.14574 -1.83255
vt -2.62205 54.376
vn -7.42639e-15 -0.258139 -0.966108
v 0.176425 1.13136 -1.82871
vt -2.5335 53.7898
vt -2.49506 53.4955
vt -1.56985 53.4955
f 2368/1955/2471 2369/1956/2471 2370/1957/2472 2371/1958/2472 2365/1959/2469 2364/1960/2469 

v 0.151948 1.18634 -1.84446
vt -1.56985 57.9404
vn 7.73233e-15 -0.303818 -0.95273
v 0.186581 1.18634 -1.84446
vt -2.93335 57.9404
v 0.184059 1.1747 -1.84095
vt -2.83404 57.4616
vn 1.54312e-14 -0.288663 -0.957431
v 0.181219 1.16015 -1.83657
vt -2.72225 56.8635
vt -2.68953 56.6671
vt -1.56985 56.6671
f 2372/1961/2473 2373/1962/2473 2374/1963/2474 2375/1964/2474 2369/1965/2471 2368/1966/2471 

v 0.22928 1.18634 -1.84446
vt -4.6144 59.781
vn -6.33199e-15 -0.303818 -0.95273
v 0.194647 1.18634 -1.84446
vt -3.2509 59.781
v 0.194037 1.18922 -1.84543
vt -3.22689 59.9006
vn 3.15103e-17 -0.318896 -0.94779
v 0.193755 1.1901 -1.84573
vt -3.21577 59.9372
v 0.193324 1.19089 -1.84599
vt -3.19883 59.9699
v 0.192767 1.19154 -1.84621
vt -3.17688 59.997
v 0.192108 1.19203 -1.84638
vt -3.15094 60.0173
v 0.191379 1.19233 -1.84648
vt -3.12224 60.0299
v 0.190614 1.19244 -1.84651
vt -3.09213 60.0342
v 0.189849 1.19233 -1.84648
vt -3.06201 60.0299
v 0.18912 1.19203 -1.84638
vt -3.03331 60.0173
v 0.188461 1.19154 -1.84621
vt -3.00737 59.997
v 0.187904 1.19089 -1.84599
vt -2.98542 59.9699
v 0.187474 1.1901 -1.84573
vt -2.96849 59.9372
v 0.187191 1.18922 -1.84543
vt -2.95736 59.9006
vt -2.93335 59.781
vt -1.56985 59.781
v 0.151948 1.21699 -1.85478
vt -1.56985 61.0543
v 0.22928 1.21699 -1.85478
vt -4.6144 61.0543
f 2376/1967/2475 2377/1968/2475 2378/1969/2476 2379/1970/2476 2380/1971/2476 2381/1972/2476 2382/1973/2476 2383/1974/2476 2384/1975/2476 2385/1976/2476 2386/1977/2476 2387/1978/2476 2388/1979/2476 2389/1980/2476 2390/1981/2476 2373/1982/2473 2372/1983/2473 2391/1984/2476 2392/1985/2476 

v 0.22928 1.15538 -1.83513
vt -4.6144 56.6671
vn -2.83559e-15 -0.273435 -0.96189
v 0.20084 1.15538 -1.83513
vt -3.49473 56.6671
v 0.200009 1.16015 -1.83657
vt -3.462 56.8635
vn -1.26939e-14 -0.288663 -0.957431
v 0.197169 1.1747 -1.84095
vt -3.35021 57.4616
vt -3.2509 57.9404
vt -4.6144 57.9404
f 2393/1986/2477 2394/1987/2477 2395/1988/2478 2396/1989/2478 2377/1990/2475 2376/1991/2475 

v 0.22928 1.12413 -1.82678
vt -4.6144 53.4955
vn 1.03098e-14 -0.242778 -0.970082
v 0.20578 1.12413 -1.82678
vt -3.68919 53.4955
v 0.204803 1.13136 -1.82871
vt -3.65075 53.7898
vn 7.02343e-15 -0.258139 -0.966108
v 0.202554 1.14574 -1.83255
vt -3.5622 54.376
vt -3.49473 54.7688
vt -4.6144 54.7688
f 2397/1992/2479 2398/1993/2479 2399/1994/2480 2400/1995/2480 2394/1996/2477 2393/1997/2477 

v 0.22928 1.09264 -1.81943
vt -4.6144 50.2693
vn 1.24541e-14 -0.211876 -0.977297
v 0.209381 1.09264 -1.81943
vt -3.83099 50.2693
v 0.208409 1.10286 -1.82181
vt -3.79271 50.6826
vn 1.35936e-14 -0.227355 -0.973812
v 0.206755 1.11706 -1.82513
vt -3.72761 51.2567
vt -3.68919 51.5426
vt -4.6144 51.5426
f 2401/1998/2481 2402/1999/2481 2403/2000/2482 2404/2001/2482 2398/2002/2479 2397/2003/2479 

v 0.22928 1.06093 -1.81308
vt -4.6144 46.9919
vn 1.8285e-15 -0.18076 -0.983527
v 0.211558 1.06093 -1.81308
vt -3.9167 46.9919
v 0.210818 1.0747 -1.81584
vt -3.88754 47.5452
vn 1.13115e-14 -0.196343 -0.980535
v 0.209763 1.0887 -1.81864
vt -3.84603 48.1071
vt -3.83099 48.2652
vt -4.6144 48.2652
f 2405/2004/2483 2406/2005/2483 2407/2006/2484 2408/2007/2484 2402/2008/2481 2401/2009/2481 

v 0.22928 1.02903 -1.80774
vt -4.6144 43.6666
vn -2.81679e-15 -0.149463 -0.988767
v 0.212174 1.02903 -1.80774
vt -3.94094 43.6666
v 0.212174 1.03315 -1.80843
vt -3.94094 43.831
vn -7.65497e-15 -0.165132 -0.986271
v 0.212023 1.04692 -1.81073
vt -3.93501 44.3809
v 0.211571 1.06069 -1.81304
vt -3.9172 44.9305
vt -3.9167 44.9398
vt -4.6144 44.9398
f 2409/2010/2485 2410/2011/2485 2411/2012/2486 2412/2013/2486 2413/2014/2486 2406/2015/2483 2405/2016/2483 

v 0.22928 0.996978 -1.80341
vt -4.6144 40.2966
vn 1.00799e-15 -0.118015 -0.993012
v 0.212174 0.996978 -1.80341
vt -3.94094 40.2966
vt -3.94094 41.5699
vt -4.6144 41.5699
f 2414/2017/2487 2415/2018/2487 2410/2019/2485 2409/2020/2485 

v 0.22928 0.964806 -1.8001
vt -4.6144 36.8854
vn -5.13187e-15 -0.086448 -0.996256
v 0.211048 0.964806 -1.8001
vt -3.89662 36.8854
v 0.211571 0.972799 -1.80092
vt -3.9172 37.2017
vn -6.37591e-18 -0.102244 -0.994759
v 0.212023 0.984331 -1.80211
vt -3.93501 37.6581
v 0.212174 0.99587 -1.8033
vt -3.94094 38.1148
vt -3.94094 38.1587
vt -4.6144 38.1587
f 2416/2021/2488 2417/2022/2488 2418/2023/2489 2419/2024/2489 2420/2025/2489 2415/2026/2487 2414/2027/2487 

v 0.22928 0.932546 -1.79782
vt -4.6144 33.4364
vn -7.69935e-15 -0.0547942 -0.998498
v 0.207636 0.932546 -1.79782
vt -3.76227 33.4364
v 0.208409 0.937965 -1.7982
vt -3.79271 33.6503
vn -1.02561e-14 -0.07063 -0.997503
v 0.209763 0.949586 -1.79903
vt -3.84603 34.1089
v 0.210818 0.961235 -1.79985
vt -3.88754 34.5687
vt -3.89662 34.7097
vt -4.6144 34.7097
f 2421/2028/2490 2422/2029/2490 2423/2030/2491 2424/2031/2491 2425/2032/2491 2417/2033/2488 2416/2034/2488 

v 0.22928 0.900229 -1.79656
vt -4.6144 29.9531
vn -4.82319e-15 -0.0230851 -0.999734
v 0.201957 0.900229 -1.79656
vt -3.5387 29.9531
v 0.202554 0.902948 -1.79667
vt -3.5622 30.0602
vn -5.14068e-15 -0.0389445 -0.999241
v 0.204803 0.914598 -1.79712
vt -3.65075 30.5192
v 0.206755 0.926296 -1.79758
vt -3.72761 30.9801
vt -3.76227 31.2264
vt -4.6144 31.2264
f 2426/2035/2492 2427/2036/2492 2428/2037/2493 2429/2038/2493 2430/2039/2493 2422/2040/2490 2421/2041/2490 

vt -4.6144 26.439
vn -4.50448e-15 -0.00721986 -0.999974
vt -3.22615 26.439
v 0.194037 0.867935 -1.79633
vt -3.22689 26.4408
v 0.197169 0.87955 -1.79641
vt -3.35021 26.8981
v 0.200009 0.891236 -1.79649
vt -3.462 27.3582
vt -3.5387 27.7123
vt -4.6144 27.7123
f 2332/2042/2494 2331/2043/2494 2431/2044/2494 2432/2045/2494 2433/2046/2494 2427/2047/2492 2426/2048/2492 

usemtl sulawesi_kris_pamor_weapon_sumatra_weapon_ae66fa6602eece6a74b2dff70e2d4343
v 0.194037 0.959299 -1.5801
vt 0.769841 0.756227
vn -0.939408 0.315769 -0.133425
vt 0.864615 0.828895
vt 0.864613 0.828927
vn -0.914783 0.372092 -0.157223
vt 0.864594 0.829374
vn -0.862308 0.466454 -0.197094
v 0.193755 0.958676 -1.57993
vt 0.769746 0.756649
f 2434/2049/2495 2431/2050/2495 2331/2051/2496 2330/2052/2497 2435/2053/2497 

v 0.197169 0.969745 -1.58295
vt 0.77143 0.749149
vn -0.963619 0.246203 -0.10403
vt 0.864991 0.820887
f 2436/2054/2498 2432/2055/2498 2431/2050/2495 2434/2049/2495 

v 0.200009 0.980254 -1.58582
vt 0.773029 0.742027
vn -0.970444 0.222297 -0.0939291
vt 0.86537 0.81283
f 2437/2056/2499 2433/2057/2499 2432/2055/2498 2436/2054/2498 

v 0.202554 0.99082 -1.5887
vt 0.774637 0.734868
vn -0.976585 0.19817 -0.0837342
vt 0.865788 0.804758
vt 0.865661 0.806629
vn -0.973599 0.210267 -0.0888459
f 2438/2058/2500 2428/2059/2500 2427/2060/2501 2433/2057/2499 2437/2056/2499 

v 0.204803 1.00144 -1.5916
vt 0.776252 0.727673
vn -0.98203 0.173843 -0.0734552
vt 0.866332 0.796742
f 2439/2061/2502 2429/2062/2502 2428/2059/2500 2438/2058/2500 

v 0.206755 1.0121 -1.59451
vt 0.777874 0.720449
vn -0.98677 0.14934 -0.0631018
vt 0.866878 0.788693
f 2440/2063/2503 2430/2064/2503 2429/2062/2502 2439/2061/2502 

v 0.207524 1.01707 -1.59587
vt 0.778631 0.717077
vn -0.988872 0.137035 -0.0579024
v 0.208409 1.01281 -1.62106
vt 0.78986 0.721141
vn -0.990797 0.124685 -0.0526841
vt 0.867501 0.780672
vt 0.86717 0.784393
f 2440/2063/2503 2441/2065/2504 2442/2066/2505 2423/2067/2505 2422/2068/2504 2430/2064/2503 

v 0.206755 1.01524 -1.57109
vt 0.767412 0.71724
vn -0.98677 0.160688 -0.0215274
v 0.207198 1.01783 -1.57387
vt 0.76874 0.715575
vn -0.988872 0.147448 -0.0197537
f 2443/2069/2506 2444/2070/2507 2441/2065/2507 2440/2063/2506 

vn -0.98677 0.0104622 -0.161786
v 0.206755 1.02057 -1.57075
vt 0.767412 0.713542
vn -0.988872 0.00960019 -0.148456
f 2443/2069/2508 2445/2071/2508 2444/2070/2509

v 0.204803 1.00557 -1.56074
vt 0.762466 0.723445
vn -0.98203 0.0121788 -0.188331
v 0.204803 1.0308 -1.55911
vt 0.762466 0.705971
f 2443/2069/2508 2446/2072/2510 2447/2073/2510 2445/2071/2508 

vn -0.98203 0.187053 -0.0250595
f 2440/2063/2506 2439/2061/2511 2446/2072/2511 2443/2069/2506 

vn -0.976585 0.213229 -0.0285663
v 0.202554 0.995947 -1.55043
vt 0.757541 0.729624
f 2439/2061/2511 2438/2058/2512 2448/2074/2512 2446/2072/2511 

vn -0.970444 0.23919 -0.0320443
v 0.200009 0.985643 -1.5456
vt 0.75506 0.736516
v 0.201625 0.992452 -1.54669
vt 0.755752 0.731868
vn -0.973599 0.226246 -0.0303102
f 2437/2056/2513 2449/2075/2513 2450/2076/2514 2448/2074/2512 2438/2058/2512 

vn -0.963619 0.264913 -0.0354904
v 0.197169 0.974979 -1.54388
vt 0.753977 0.743795
f 2436/2054/2515 2451/2077/2515 2449/2075/2513 2437/2056/2513 

vn -0.939408 0.339765 -0.0455184
v 0.194037 0.964379 -1.54218
vt 0.7529 0.751031
f 2434/2049/2516 2452/2078/2516 2451/2077/2515 2436/2054/2515 

vn -0.862308 0.5019 -0.0672396
v 0.193755 0.963747 -1.54208
vt 0.752835 0.751462
f 2435/2053/2517 2453/2079/2517 2452/2078/2516 2434/2049/2516 

v 0.193324 0.958121 -1.57978
vt 0.769661 0.757025
vn -0.727497 0.680036 -0.0911044
v 0.193324 0.963184 -1.54198
vt 0.752778 0.751847
f 2454/2080/2518 2455/2081/2518 2453/2079/2517 2435/2053/2517 

v 0.192767 0.957659 -1.57965
vt 0.769591 0.757338
vn -0.564472 0.818143 -0.109607
v 0.192767 0.962716 -1.54191
vt 0.752731 0.752166
f 2456/2082/2519 2457/2083/2519 2455/2081/2518 2454/2080/2518 

v 0.192108 0.957313 -1.57956
vt 0.769539 0.757573
vn -0.38402 0.915149 -0.122603
v 0.192108 0.962365 -1.54185
vt 0.752695 0.752406
f 2458/2084/2520 2459/2085/2520 2457/2083/2519 2456/2082/2519 

v 0.191379 0.957099 -1.5795
vt 0.769506 0.757718
vn -0.194052 0.972305 -0.13026
v 0.191379 0.962147 -1.54182
vt 0.752673 0.752555
f 2460/2086/2521 2461/2087/2521 2459/2085/2520 2458/2084/2520 

v 0.190614 0.957026 -1.57948
vt 0.769495 0.757767
vn -8.44284e-15 0.991145 -0.132784
v 0.190614 0.962073 -1.54181
vt 0.752665 0.752605
f 2462/2088/2522 2463/2089/2522 2461/2087/2521 2460/2086/2521 

v 0.189849 0.957099 -1.5795
vn 0.194052 0.972305 -0.13026
v 0.189849 0.962147 -1.54182
f 2464/2086/2523 2465/2087/2523 2463/2089/2522 2462/2088/2522 

v 0.18912 0.957313 -1.57956
vn 0.38402 0.915149 -0.122603
v 0.18912 0.962365 -1.54185
f 2466/2084/2524 2467/2085/2524 2465/2087/2523 2464/2086/2523 

v 0.188461 0.957659 -1.57965
vn 0.564472 0.818143 -0.109607
v 0.188461 0.962716 -1.54191
f 2468/2082/2525 2469/2083/2525 2467/2085/2524 2466/2084/2524 

v 0.187904 0.958121 -1.57978
vn 0.727497 0.680036 -0.0911044
v 0.187904 0.963184 -1.54198
f 2470/2080/2526 2471/2081/2526 2469/2083/2525 2468/2082/2525 

v 0.187474 0.958676 -1.57993
vn 0.862308 0.5019 -0.0672396
v 0.187474 0.963747 -1.54208
f 2472/2053/2527 2473/2079/2527 2471/2081/2526 2470/2080/2526 

v 0.187191 0.959299 -1.5801
vn 0.939408 0.339765 -0.0455184
v 0.187191 0.964379 -1.54218
f 2474/2049/2528 2475/2078/2528 2473/2079/2527 2472/2053/2527 

v 0.184059 0.969745 -1.58295
vn 0.963619 0.264913 -0.0354904
v 0.184059 0.974979 -1.54388
f 2476/2054/2529 2477/2077/2529 2475/2078/2528 2474/2049/2528 

v 0.181219 0.980254 -1.58582
vn 0.970444 0.23919 -0.0320443
v 0.181219 0.985643 -1.5456
f 2478/2056/2530 2479/2075/2530 2477/2077/2529 2476/2054/2529 

v 0.178674 0.995947 -1.55043
vn 0.976585 0.213229 -0.0285663
v 0.179603 0.992452 -1.54669
vn 0.973599 0.226246 -0.0303102
v 0.178674 0.99082 -1.5887
f 2480/2074/2531 2481/2076/2532 2479/2075/2530 2478/2056/2530 2482/2058/2531 

vn 0.976585 0.0138831 -0.214686
v 0.178674 1.01006 -1.54952
vt 0.757541 0.719849
vn 0.973599 0.0147306 -0.227791
f 2480/2074/2533 2483/2090/2533 2481/2076/2534

v 0.176425 1.0308 -1.55911
vn 0.98203 0.0121788 -0.188331
v 0.177489 1.03561 -1.55363
vt 0.760137 0.702405
vn 0.979393 0.0130331 -0.201541
v 0.176425 1.00557 -1.56074
f 2484/2073/2535 2485/2091/2536 2483/2090/2533 2480/2074/2533 2486/2072/2535 

v 0.178674 1.04742 -1.64708
vt 0.802593 0.698431
vn 0.976585 -0.214686 -0.0138831
v 0.178674 1.04143 -1.55457
vt 0.760728 0.698431
vn 0.979393 -0.201541 -0.0130331
vn 0.98203 -0.188331 -0.0121788
v 0.176425 1.03668 -1.65012
vt 0.80365 0.705971
f 2487/2092/2537 2488/2093/2537 2485/2091/2538 2484/2073/2539 2489/2094/2539 

v 0.181219 1.0581 -1.64406
vt 0.801541 0.690927
vn 0.970444 -0.240824 -0.0155734
v 0.181219 1.05243 -1.55633
vt 0.761845 0.690927
f 2490/2095/2540 2491/2096/2540 2488/2093/2537 2487/2092/2537 

v 0.184059 1.06872 -1.64105
vt 0.800494 0.683464
vn 0.963619 -0.266722 -0.0172482
v 0.184059 1.06336 -1.55809
vt 0.762956 0.683464
f 2492/2097/2541 2493/2098/2541 2491/2096/2540 2490/2095/2540 

v 0.187191 1.07928 -1.63806
vt 0.799454 0.676046
vn 0.939408 -0.342086 -0.0221217
v 0.187191 1.07423 -1.55984
vt 0.76406 0.676046
f 2494/2099/2542 2495/2100/2542 2493/2098/2541 2492/2097/2541 

v 0.187474 1.07991 -1.63788
vt 0.799392 0.675603
vn 0.862308 -0.505329 -0.0326782
v 0.187474 1.07487 -1.55994
vt 0.764126 0.675603
f 2496/2101/2543 2497/2102/2543 2495/2100/2542 2494/2099/2542 

v 0.187904 1.08048 -1.63772
vt 0.799337 0.675209
vn 0.727497 -0.684681 -0.0442763
v 0.187904 1.07545 -1.56004
vt 0.764184 0.675209
f 2498/2103/2544 2499/2104/2544 2497/2102/2543 2496/2101/2543 

v 0.188461 1.08094 -1.63759
vt 0.799291 0.674881
vn 0.564472 -0.823732 -0.0532684
v 0.188461 1.07593 -1.56011
vt 0.764233 0.674881
f 2500/2105/2545 2501/2106/2545 2499/2104/2544 2498/2103/2544 

v 0.18912 1.08129 -1.63749
vt 0.799257 0.674636
vn 0.38402 -0.9214 -0.0595843
v 0.18912 1.07629 -1.56017
vt 0.76427 0.674636
f 2502/2107/2546 2503/2108/2546 2501/2106/2545 2500/2105/2545 

v 0.189849 1.08151 -1.63743
vt 0.799235 0.674483
vn 0.194052 -0.978947 -0.0633056
v 0.189849 1.07652 -1.56021
vt 0.764292 0.674483
f 2504/2109/2547 2505/2110/2547 2503/2108/2546 2502/2107/2546 

v 0.190614 1.08158 -1.63741
vt 0.799228 0.674432
vn 4.53167e-16 -0.997916 -0.0645323
v 0.190614 1.07659 -1.56022
vt 0.7643 0.674432
f 2506/2111/2548 2507/2112/2548 2505/2110/2547 2504/2109/2547 

v 0.191379 1.08151 -1.63743
vn -0.194052 -0.978947 -0.0633056
v 0.191379 1.07652 -1.56021
f 2508/2109/2549 2509/2110/2549 2507/2112/2548 2506/2111/2548 

v 0.192108 1.08129 -1.63749
vn -0.38402 -0.9214 -0.0595843
v 0.192108 1.07629 -1.56017
f 2510/2107/2550 2511/2108/2550 2509/2110/2549 2508/2109/2549 

v 0.192767 1.08094 -1.63759
vn -0.564472 -0.823732 -0.0532684
v 0.192767 1.07593 -1.56011
f 2512/2105/2551 2513/2106/2551 2511/2108/2550 2510/2107/2550 

v 0.193324 1.08048 -1.63772
vn -0.727497 -0.684681 -0.0442763
v 0.193324 1.07545 -1.56004
f 2514/2103/2552 2515/2104/2552 2513/2106/2551 2512/2105/2551 

v 0.193755 1.07991 -1.63788
vn -0.862308 -0.505329 -0.0326782
v 0.193755 1.07487 -1.55994
f 2516/2101/2553 2517/2102/2553 2515/2104/2552 2514/2103/2552 

v 0.194037 1.07928 -1.63806
vn -0.939408 -0.342086 -0.0221217
v 0.194037 1.07423 -1.55984
f 2518/2099/2554 2519/2100/2554 2517/2102/2553 2516/2101/2553 

v 0.197169 1.06872 -1.64105
vn -0.963619 -0.266722 -0.0172482
v 0.197169 1.06336 -1.55809
f 2520/2097/2555 2521/2098/2555 2519/2100/2554 2518/2099/2554 

v 0.200009 1.0581 -1.64406
vn -0.970444 -0.240824 -0.0155734
v 0.200009 1.05243 -1.55633
f 2522/2095/2556 2523/2096/2556 2521/2098/2555 2520/2097/2555 

v 0.202554 1.04742 -1.64708
vn -0.976585 -0.214686 -0.0138831
v 0.202554 1.04143 -1.55457
f 2524/2092/2557 2525/2093/2557 2523/2096/2556 2522/2095/2556 

vn -0.98203 -0.188331 -0.0121788
v 0.20374 1.03561 -1.55363
vn -0.979393 -0.201541 -0.0130331
v 0.204803 1.03668 -1.65012
f 2447/2073/2558 2526/2091/2559 2525/2093/2557 2524/2092/2557 2527/2094/2558 

vn -0.976585 0.0138831 -0.214686
v 0.202554 1.01006 -1.54952
vn -0.979393 0.0130331 -0.201541
f 2448/2074/2560 2528/2090/2560 2526/2091/2561 2447/2073/2510 2446/2072/2510 

vn -0.973599 0.0147306 -0.227791
f 2448/2074/2560 2450/2076/2562 2528/2090/2560

usemtl Color_D08
vt 3.52563 40.1897
vn -5.24613e-16 0.158755 0.987318
v 0.22928 1.02233 -1.5515
vt 4.6144 41.3812
vt 3.5622 40.8918
f 2450/2113/2563 2529/2114/2563 2528/2115/2563

vt 3.462 39.9182
f 2449/2116/2563 2529/2114/2563 2450/2113/2563

vt 3.35021 39.493
f 2451/2117/2563 2529/2114/2563 2449/2116/2563

vt 3.22689 39.0703
f 2452/2118/2563 2529/2114/2563 2451/2117/2563

vt 3.21577 39.0451
f 2453/2119/2563 2529/2114/2563 2452/2118/2563

v 0.22928 0.958934 -1.5413
vt 4.6144 38.8532
f 2453/2119/2563 2530/2120/2563 2529/2114/2563

vt 3.19883 39.0226
f 2455/2121/2563 2530/2120/2563 2453/2119/2563

vt 3.17688 39.004
f 2457/2122/2563 2530/2120/2563 2455/2121/2563

vt 3.15094 38.99
f 2459/2123/2563 2530/2120/2563 2457/2122/2563

vt 3.12224 38.9813
f 2461/2124/2563 2530/2120/2563 2459/2123/2563

vt 3.09213 38.9784
f 2530/2120/2563 2461/2124/2563 2463/2125/2563

v 0.153266 0.963062 -1.54197
vt 1.62172 39.0178
f 2531/2126/2563 2530/2120/2563 2463/2125/2563

v 0.229085 0.958372 -1.54121
vt 4.60673 38.8308
f 2531/2126/2563 2532/2127/2563 2530/2120/2563

v 0.154892 0.958372 -1.54121
vt 1.68573 38.8308
f 2533/2128/2563 2532/2127/2563 2531/2126/2563

v 0.157129 0.953931 -1.5405
vt 1.7738 38.6537
f 2534/2129/2563 2532/2127/2563 2533/2128/2563

v 0.226848 0.953931 -1.5405
vt 4.51866 38.6537
f 2534/2129/2563 2535/2130/2563 2532/2127/2563

v 0.224038 0.949813 -1.53983
vt 4.40804 38.4895
f 2534/2129/2563 2536/2131/2563 2535/2130/2563

v 0.159938 0.949813 -1.53983
vt 1.88443 38.4895
f 2537/2132/2563 2536/2131/2563 2534/2129/2563

v 0.220703 0.946089 -1.53924
vt 4.27674 38.341
f 2537/2132/2563 2538/2133/2563 2536/2131/2563

v 0.163273 0.946089 -1.53924
vt 2.01572 38.341
f 2539/2134/2563 2538/2133/2563 2537/2132/2563

v 0.216901 0.942824 -1.53871
vt 4.12704 38.2108
f 2539/2134/2563 2540/2135/2563 2538/2133/2563

v 0.167076 0.942824 -1.53871
vt 2.16542 38.2108
f 2541/2136/2563 2540/2135/2563 2539/2134/2563

v 0.171281 0.940073 -1.53827
vt 2.33099 38.1011
f 2542/2137/2563 2540/2135/2563 2541/2136/2563

v 0.212695 0.940073 -1.53827
vt 3.96147 38.1011
f 2542/2137/2563 2543/2138/2563 2540/2135/2563

v 0.175817 0.937882 -1.53792
vt 2.50958 38.0137
f 2544/2139/2563 2543/2138/2563 2542/2137/2563

v 0.208159 0.937882 -1.53792
vt 3.78288 38.0137
f 2544/2139/2563 2545/2140/2563 2543/2138/2563

v 0.20337 0.93629 -1.53766
vt 3.59433 37.9502
f 2544/2139/2563 2546/2141/2563 2545/2140/2563

v 0.180607 0.93629 -1.53766
vt 2.69813 37.9502
f 2547/2142/2563 2546/2141/2563 2544/2139/2563

v 0.185567 0.935324 -1.53751
vt 2.89343 37.9117
f 2548/2143/2563 2546/2141/2563 2547/2142/2563

v 0.198409 0.935324 -1.53751
vt 3.39903 37.9117
f 2548/2143/2563 2549/2144/2563 2546/2141/2563

v 0.190614 0.935 -1.53745
vt 3.09213 37.8988
f 2550/2145/2563 2549/2144/2563 2548/2143/2563

v 0.193363 0.935 -1.53745
vt 3.20033 37.8988
f 2549/2144/2563 2550/2145/2563 2551/2146/2563

v 0.151948 0.814956 -1.55172
vt 1.56985 16.4
vn 2.55397e-15 -0.118051 0.993008
v 0.22928 0.814956 -1.55172
vt 4.6144 16.4
v 0.22928 0.935 -1.53745
vt 4.6144 21.1594
vt 3.20033 21.1594
vt 3.09213 21.1594
v 0.151948 0.935 -1.53745
vt 1.56985 21.1594
f 2552/2147/2564 2553/2148/2564 2554/2149/2564 2551/2150/2564 2550/2151/2564 2555/2152/2564 

v 0.151948 0.806096 -1.55312
vt 1.56985 13.6002
vn 1.00305e-15 -0.193203 0.981159
v 0.22928 0.806096 -1.55312
vt 4.6144 13.6002
vt 4.6144 13.9533
vn 9.56032e-16 -0.155739 0.987798
vt 1.56985 13.9533
f 2556/2153/2565 2557/2154/2565 2553/2155/2566 2552/2156/2566 

v 0.151948 0.797369 -1.55519
vt 1.56985 8.2978
vn 1.09266e-15 -0.267236 0.963631
v 0.22928 0.797369 -1.55519
vt 4.6144 8.2978
vt 4.6144 8.65091
vt 1.56985 8.65091
f 2558/2157/2567 2559/2158/2567 2557/2159/2565 2556/2160/2565 

v 0.151948 0.788823 -1.55791
vt 1.56985 2.94632
vn 1.17595e-15 -0.339723 0.940526
v 0.22928 0.788823 -1.55791
vt 4.6144 2.94632
vt 4.6144 3.29943
vt 1.56985 3.29943
f 2560/2161/2568 2561/2162/2568 2559/2163/2567 2558/2164/2567 

v 0.151948 0.78051 -1.56128
vt 1.56985 -2.42323
vn 1.25243e-15 -0.410243 0.911976
v 0.22928 0.78051 -1.56128
vt 4.6144 -2.42323
vt 4.6144 -2.07013
vt 1.56985 -2.07013
f 2562/2165/2569 2563/2166/2569 2561/2167/2568 2560/2168/2568 

v 0.151948 0.772477 -1.56526
vt 1.56985 -7.77978
vn 1.32167e-15 -0.478389 0.878148
v 0.22928 0.772477 -1.56526
vt 4.6144 -7.77978
vt 4.6144 -7.42668
vt 1.56985 -7.42668
f 2564/2169/2570 2565/2170/2570 2563/2171/2569 2562/2172/2569 

v 0.151948 0.76477 -1.56985
vt 1.56985 -13.0923
vn 1.38325e-15 -0.543766 0.839237
v 0.22928 0.76477 -1.56985
vt 4.6144 -13.0923
vt 4.6144 -12.7392
vt 1.56985 -12.7392
f 2566/2173/2571 2567/2174/2571 2565/2175/2570 2564/2176/2570 

v 0.151948 0.757434 -1.57501
vt 1.56985 -18.3301
vn 1.43683e-15 -0.605995 0.795468
v 0.22928 0.757434 -1.57501
vt 4.6144 -18.3301
vt 4.6144 -17.977
vt 1.56985 -17.977
f 2568/2177/2572 2569/2178/2572 2567/2179/2571 2566/2180/2571 

v 0.151948 0.750511 -1.58071
vt 1.56985 -23.4628
vn 1.48208e-15 -0.664717 0.747095
v 0.22928 0.750511 -1.58071
vt 4.6144 -23.4628
vt 4.6144 -23.1097
vt 1.56985 -23.1097
f 2570/2181/2573 2571/2182/2573 2569/2183/2572 2568/2184/2572 

v 0.151948 0.744042 -1.58693
vt 1.56985 -28.4607
vn 1.51877e-15 -0.719591 0.694398
v 0.22928 0.744042 -1.58693
vt 4.6144 -28.4607
vt 4.6144 -28.1076
vt 1.56985 -28.1076
f 2572/2185/2574 2573/2186/2574 2571/2187/2573 2570/2188/2573 

v 0.151948 0.738064 -1.59361
vt 1.56985 -33.2949
vn 1.54666e-15 -0.7703 0.637681
v 0.22928 0.738064 -1.59361
vt 4.6144 -33.2949
vt 4.6144 -32.9418
vt 1.56985 -32.9418
f 2574/2189/2575 2575/2190/2575 2573/2191/2574 2572/2192/2574 

v 0.151948 0.732612 -1.60073
vt 1.56985 -37.9375
vn 1.56559e-15 -0.816551 0.577273
v 0.22928 0.732612 -1.60073
vt 4.6144 -37.9375
vt 4.6144 -37.5843
vt 1.56985 -37.5843
f 2576/2193/2576 2577/2194/2576 2575/2195/2575 2574/2196/2575 

v 0.151948 0.727717 -1.60825
vt 1.56985 -42.3614
vn 1.57167e-15 -0.837919 0.545794
v 0.22928 0.727717 -1.60825
vt 4.6144 -42.3614
vt 4.6144 -42.0083
vt 1.56985 -42.0083
f 2578/2197/2577 2579/2198/2577 2577/2199/2576 2576/2200/2576 

v 0.151948 0.722591 -1.61788
vt 1.56985 -47.2104
vn 1.57452e-15 -0.905329 0.424711
v 0.22928 0.722591 -1.61788
vt 4.6144 -47.2104
vt 4.6144 -46.7807
vn 1.57699e-15 -0.882819 0.469713
vt 1.56985 -46.7807
f 2580/2201/2578 2581/2202/2578 2579/2203/2579 2578/2204/2579 

v 0.151948 0.718458 -1.62798
vt 1.56985 -52.2245
vn 1.55764e-15 -0.94342 0.3316
v 0.22928 0.718458 -1.62798
vt 4.6144 -52.2245
vt 4.6144 -51.7948
vt 1.56985 -51.7948
f 2582/2205/2580 2583/2206/2580 2581/2207/2578 2580/2208/2578 

v 0.151948 0.715362 -1.63845
vt 1.56985 -56.7122
vn 1.52499e-15 -0.971963 0.235133
v 0.22928 0.715362 -1.63845
vt 4.6144 -56.7122
vt 4.6144 -56.2825
vt 1.56985 -56.2825
f 2584/2209/2581 2585/2210/2581 2583/2211/2580 2582/2212/2580 

v 0.151948 0.713333 -1.64917
vt 1.56985 -60.6281
vn 1.47691e-15 -0.99067 0.136285
v 0.22928 0.713333 -1.64917
vt 4.6144 -60.6281
vt 4.6144 -60.1984
vt 1.56985 -60.1984
f 2586/2213/2582 2587/2214/2582 2585/2215/2581 2584/2216/2581 

v 0.151948 0.712391 -1.66005
vt 1.56985 -63.9326
vn 1.41389e-15 -0.99935 0.0360591
v 0.22928 0.712391 -1.66005
vt 4.6144 -63.9326
vt 4.6144 -63.5029
vt 1.56985 -63.5029
f 2588/2217/2583 2589/2218/2583 2587/2219/2582 2586/2220/2582 

v 0.151948 0.712546 -1.67096
vt -1.56985 66.5922
vn 1.33655e-15 -0.997916 -0.0645323
v 0.22928 0.712546 -1.67096
vt -4.6144 66.5922
vt -4.6144 66.1626
vt -1.56985 66.1626
f 2590/2221/2584 2591/2222/2584 2589/2223/2583 2588/2224/2583 

v 0.151948 0.713798 -1.6818
vt -1.56985 68.5801
vn 1.24568e-15 -0.986382 -0.164471
v 0.22928 0.713798 -1.6818
vt -4.6144 68.5801
vt -4.6144 68.1504
vt -1.56985 68.1504
f 2592/2225/2585 2593/2226/2585 2591/2227/2584 2590/2228/2584 

v 0.151948 0.716132 -1.69246
vt -1.56985 69.876
vn 1.14221e-15 -0.964866 -0.262744
v 0.22928 0.716132 -1.69246
vt -4.6144 69.876
vt -4.6144 69.4463
vt -1.56985 69.4463
f 2594/2229/2586 2595/2230/2586 2593/2231/2585 2592/2232/2585 

v 0.151948 0.719525 -1.70283
vt -1.56985 70.4669
vn 1.02718e-15 -0.933584 -0.358359
v 0.22928 0.719525 -1.70283
vt -4.6144 70.4669
vt -4.6144 70.0373
vt -1.56985 70.0373
f 2596/2233/2587 2597/2234/2587 2595/2235/2586 2594/2236/2586 

v 0.151948 0.723944 -1.71281
vt -1.56985 70.3469
vn 9.01756e-16 -0.892854 -0.450347
v 0.22928 0.723944 -1.71281
vt -4.6144 70.3469
vt -4.6144 69.9172
vt -1.56985 69.9172
f 2598/2237/2588 2599/2238/2588 2597/2239/2587 2596/2240/2587 

v 0.151948 0.729343 -1.7223
vt -1.56985 69.517
vn 7.67203e-16 -0.843087 -0.537776
v 0.22928 0.729343 -1.7223
vt -4.6144 69.517
vt -4.6144 69.0873
vt -1.56985 69.0873
f 2600/2241/2589 2601/2242/2589 2599/2243/2588 2598/2244/2588 

v 0.151948 0.735667 -1.73119
vt -1.56985 67.9858
vn 6.96926e-16 -0.81497 -0.579504
v 0.22928 0.735667 -1.73119
vt -4.6144 67.9858
vt -4.6144 67.5561
vt -1.56985 67.5561
f 2602/2245/2590 2603/2246/2590 2601/2247/2589 2600/2248/2589 

v 0.151948 0.738243 -1.73498
vt -1.56985 68.6366
vn 8.24898e-16 -0.865118 -0.501568
v 0.22928 0.738243 -1.73498
vt -4.6144 68.6366
vt -4.6144 68.4562
vn 7.26749e-16 -0.827067 -0.562103
vt -1.56985 68.4562
f 2604/2249/2591 2605/2250/2591 2603/2251/2592 2602/2252/2592 

v 0.151948 0.740252 -1.7391
vt -1.56985 71.177
vn 1.00806e-15 -0.92778 -0.373129
v 0.22928 0.740252 -1.7391
vt -4.6144 71.177
vt -4.6144 70.9966
vt -1.56985 70.9966
f 2606/2253/2593 2607/2254/2593 2605/2255/2591 2604/2256/2591 

v 0.151948 0.741654 -1.74346
vt -1.56985 72.2655
vn 1.17064e-15 -0.971493 -0.237069
v 0.22928 0.741654 -1.74346
vt -4.6144 72.2655
vt -4.6144 72.0851
vt -1.56985 72.0851
f 2608/2257/2594 2609/2258/2594 2607/2259/2593 2606/2260/2593 

v 0.151948 0.742419 -1.74798
vt -1.56985 71.8801
vn 1.30931e-15 -0.995365 -0.0961679
v 0.22928 0.742419 -1.74798
vt -4.6144 71.8801
vt -4.6144 71.6997
vt -1.56985 71.6997
f 2610/2261/2595 2611/2262/2595 2609/2263/2594 2608/2264/2594 

v 0.151948 0.742533 -1.75256
vt -1.56985 70.0284
vn 1.42124e-15 -0.998909 0.0466974
v 0.22928 0.742533 -1.75256
vt -4.6144 70.0284
vt -4.6144 69.848
vt -1.56985 69.848
f 2612/2265/2596 2613/2266/2596 2611/2267/2595 2610/2268/2595 

v 0.151948 0.741992 -1.75711
vt 1.56985 -66.7484
vn 1.50415e-15 -0.982052 0.188609
v 0.22928 0.741992 -1.75711
vt 4.6144 -66.7484
vt 4.6144 -66.568
vt 1.56985 -66.568
f 2614/2269/2597 2615/2270/2597 2613/2271/2596 2612/2272/2596 

v 0.151948 0.740809 -1.76154
vt 1.56985 -62.1071
vn 1.55633e-15 -0.945139 0.326669
v 0.22928 0.740809 -1.76154
vt 4.6144 -62.1071
vt 4.6144 -61.9267
vt 1.56985 -61.9267
f 2616/2273/2598 2617/2274/2598 2615/2275/2597 2614/2276/2597 

v 0.151948 0.739006 -1.76575
vt 1.56985 -56.1992
vn 1.57673e-15 -0.888923 0.458057
v 0.22928 0.739006 -1.76575
vt 4.6144 -56.1992
vt 4.6144 -56.0188
vt 1.56985 -56.0188
f 2618/2277/2599 2619/2278/2599 2617/2279/2598 2616/2280/2598 

v 0.151948 0.736622 -1.76966
vt 1.56985 -49.1453
vn 1.56493e-15 -0.814552 0.58009
v 0.22928 0.736622 -1.76966
vt 4.6144 -49.1453
vt 4.6144 -48.9649
vt 1.56985 -48.9649
f 2620/2281/2600 2621/2282/2600 2619/2283/2599 2618/2284/2599 

v 0.151948 0.733704 -1.7732
vt 1.56985 -41.0896
vn 1.52117e-15 -0.723546 0.690276
v 0.22928 0.733704 -1.7732
vt 4.6144 -41.0896
vt 4.6144 -40.9092
vt 1.56985 -40.9092
f 2622/2285/2601 2623/2286/2601 2621/2287/2600 2620/2288/2600 

v 0.151948 0.730312 -1.77628
vt 1.56985 -32.1966
vn 1.44634e-15 -0.617763 0.786364
v 0.22928 0.730312 -1.77628
vt 4.6144 -32.1966
vt 4.6144 -32.0162
vt 1.56985 -32.0162
f 2624/2289/2602 2625/2290/2602 2623/2291/2601 2622/2292/2601 

vt 1.56985 -22.6478
vn 1.39773e-15 -0.559995 0.828496
vt 4.6144 -22.6478
vt 4.6144 -22.4674
vt 1.56985 -22.4674
f 2292/2293/2603 2297/2294/2603 2625/2295/2602 2624/2296/2602 

usemtl sulawesi_kris_pamor_weapon_sumatra_weapon_ae66fa6602eece6a74b2dff70e2d4343
vt 0.85157 0.922933
vn 0.933972 -0.220756 0.281005
vn 0.933666 -0.20056 0.296722
v 0.230089 0.731618 -1.77794
f 2625/2297/2604 2297/1839/2605 2626/1840/2604

vn 0.933666 -0.0864352 -0.347559
vn 0.933673 -0.0826117 -0.348468
v 0.231304 0.739286 -1.77658
vn 0.930539 -0.080564 -0.357221
v 0.230981 0.737247 -1.77694
vn 0.925159 -0.0809619 -0.370845
vn 0.927342 -0.0823354 -0.365045
f 2297/1839/2606 2296/1838/2607 2627/1842/2608 2628/1841/2609 2626/1840/2610 

v 0.231619 0.739475 -1.77578
vt 0.851614 0.916591
vn 0.933666 -0.078787 -0.349372
vt 0.855766 0.909931
vn 0.933673 -0.0749445 -0.350197
v 0.23479 0.752688 -1.77029
vt 0.849523 0.907231
v 0.234115 0.75024 -1.77154
vt 0.850016 0.908976
v 0.232442 0.743354 -1.77446
vt 0.85113 0.913856
f 2629/2298/2611 2627/1842/2608 2296/1838/2607 2299/2299/2612 2630/2300/2612 2631/2301/2611 2632/2302/2611 

v 0.23114 0.737222 -1.77655
vt 0.851896 0.918179
vn 0.925139 -0.0784104 -0.371442
f 2633/2303/2613 2627/1842/2608 2629/2298/2611

f 2627/1842/2608 2633/2303/2613 2628/1841/2609

f 2628/1841/2609 2633/2303/2613 2626/1840/2610

vn 0.933972 -0.258557 0.246668
vt 0.850281 0.920456
f 2633/2303/2614 2623/2304/2614 2625/2297/2604 2626/1840/2604 

vn 0.933972 -0.291078 0.207293
vt 0.848774 0.918286
vn 0.933666 -0.276137 0.228071
f 2632/2302/2615 2621/2305/2615 2623/2304/2614 2633/2303/2614 2629/2298/2616 

vn 0.933972 -0.317654 0.163685
vt 0.84708 0.916466
f 2631/2301/2617 2619/2306/2617 2621/2305/2615 2632/2302/2615 

v 0.236249 0.758024 -1.76749
vt 0.848417 0.903425
vn 0.933972 -0.337743 0.116734
vt 0.845234 0.915035
vn 0.933666 -0.329272 0.140883
f 2634/2307/2618 2617/2308/2618 2619/2306/2617 2631/2301/2617 2630/2300/2619 

v 0.239021 0.766994 -1.76191
vt 0.846166 0.896989
vn 0.933972 -0.350933 0.0673989
vt 0.843274 0.914021
v 0.238703 0.765963 -1.76257
vt 0.846431 0.89773
vn 0.933666 -0.345992 0.0925087
f 2635/2309/2620 2615/2310/2620 2617/2308/2618 2634/2307/2618 2636/2311/2621 

v 0.242643 0.777422 -1.75419
vt 0.842991 0.889452
vn 0.933972 -0.356957 0.0166872
vt 0.841239 0.913446
f 2637/2312/2622 2613/2313/2622 2615/2310/2620 2635/2309/2620 

v 0.247478 0.789762 -1.74341
vt 0.83849 0.880458
vn 0.933972 -0.355691 -0.0343653
vt 0.839171 0.91332
v 0.24332 0.779149 -1.75271
vt 0.842374 0.888194
vn 0.933666 -0.358035 -0.00888152
f 2638/2314/2623 2611/2315/2623 2613/2313/2622 2637/2312/2622 2639/2316/2624 

v 0.254074 0.804608 -1.7281
vt 0.832025 0.869535
vn 0.933972 -0.34716 -0.084716
vt 0.837113 0.913646
v 0.248499 0.792067 -1.74107
vt 0.837506 0.878765
vn 0.933666 -0.353113 -0.0598266
v 0.254048 0.804551 -1.72816
vt 0.832051 0.869577
f 2640/2317/2625 2609/2318/2625 2611/2315/2623 2638/2314/2623 2641/2319/2626 2642/2320/2626 

v 0.263226 0.822568 -1.70599
vt 0.822587 0.85616
vn 0.933972 -0.331539 -0.133336
vt 0.835107 0.914418
v 0.260162 0.816581 -1.71347
vt 0.825783 0.860623
vn 0.933666 -0.340979 -0.10955
f 2643/2321/2627 2607/2322/2627 2609/2318/2625 2640/2317/2625 2644/2323/2628 

v 0.269154 0.832591 -1.69129
vt 0.816255 0.848591
vn 0.933666 -0.321882 -0.157036
v 0.269154 0.828402 -1.68271
vt 0.812265 0.851097
vn 0.933972 -0.309147 -0.179234
vt 0.833192 0.91562
v 0.266403 0.827964 -1.69817
vt 0.819217 0.852088
f 2645/2324/2629 2646/2325/2630 2605/2326/2630 2607/2322/2627 2643/2321/2627 2647/2327/2629 

v 0.269154 0.973794 -1.69653
vt 0.822729 0.751422
vn 1 1.38778e-15 -7.4904e-16
v 0.269154 1.00925 -1.70017
vt 0.825404 0.727129
v 0.269154 1.04457 -1.70494
vt 0.828581 0.702978
v 0.269154 1.07972 -1.71083
vt 0.832258 0.678993
v 0.269154 1.11466 -1.71782
vt 0.83643 0.655199
v 0.269154 1.14937 -1.72593
vt 0.841092 0.631619
v 0.269154 1.1838 -1.73513
vt 0.846242 0.608278
v 0.269154 1.21793 -1.74541
vt 0.851872 0.585199
v 0.269154 1.25288 -1.75718
vt 0.85819 0.561613
v 0.269154 1.2701 -1.76406
vt 0.861793 0.55004
v 0.269154 1.28784 -1.77283
vt 0.866264 0.538199
v 0.269154 1.30482 -1.78299
vt 0.871334 0.526938
v 0.269154 1.32094 -1.79445
vt 0.876972 0.516328
v 0.269154 1.3361 -1.80717
vt 0.883142 0.506436
v 0.269154 1.34833 -1.81919
vt 0.888916 0.49854
v 0.269154 1.34859 -1.81781
vt 0.888301 0.498298
v 0.269154 1.34928 -1.8137
vt 0.886469 0.497641
v 0.269154 1.34988 -1.80957
vt 0.884628 0.497043
v 0.269154 1.35039 -1.80544
vt 0.882779 0.496505
v 0.269154 1.35081 -1.80129
vt 0.880924 0.496027
v 0.269154 1.35115 -1.79714
vt 0.879062 0.49561
v 0.269154 1.3514 -1.79298
vt 0.877195 0.495253
v 0.269154 1.35156 -1.78881
vt 0.875323 0.494956
v 0.269154 1.35163 -1.78465
vt 0.873447 0.49472
v 0.269154 1.35161 -1.78048
vt 0.871569 0.494546
v 0.269154 1.35151 -1.77631
vt 0.869689 0.494432
v 0.269154 1.35137 -1.77319
vt 0.868278 0.494392
v 0.269154 1.35115 -1.77078
vt 0.867187 0.49443
v 0.269154 1.35095 -1.76942
vt 0.866568 0.49451
v 0.269154 1.35066 -1.76808
vt 0.865953 0.494648
v 0.269154 1.3503 -1.76675
vt 0.865346 0.494843
v 0.269154 1.34985 -1.76546
vt 0.864747 0.495094
v 0.269154 1.34932 -1.76419
vt 0.864159 0.495402
v 0.269154 1.34872 -1.76295
vt 0.863585 0.495763
v 0.269154 1.34804 -1.76175
vt 0.863026 0.496178
v 0.269154 1.34729 -1.7606
vt 0.862485 0.496644
v 0.269154 1.34647 -1.7595
vt 0.861964 0.497161
v 0.269154 1.34558 -1.75845
vt 0.861464 0.497725
v 0.269154 1.34436 -1.75716
vt 0.860849 0.498512
v 0.269154 1.33795 -1.75112
vt 0.857941 0.502661
v 0.269154 1.33097 -1.74512
vt 0.855033 0.507206
v 0.269154 1.32373 -1.73944
vt 0.852265 0.511951
v 0.269154 1.31623 -1.73411
vt 0.849641 0.516886
v 0.269154 1.30849 -1.72912
vt 0.847168 0.521999
v 0.269154 1.30054 -1.72449
vt 0.844851 0.52728
v 0.269154 1.29238 -1.72023
vt 0.842694 0.532718
v 0.269154 1.28403 -1.71635
vt 0.840703 0.538302
v 0.269154 1.27552 -1.71286
vt 0.83888 0.54402
v 0.269154 1.26685 -1.70976
vt 0.837231 0.549859
v 0.269154 1.25805 -1.70706
vt 0.835758 0.555808
v 0.269154 1.24799 -1.70447
vt 0.834298 0.562637
v 0.269154 1.08991 -1.66765
vt 0.813097 0.670036
v 0.269154 1.00583 -1.65413
vt 0.804555 0.727433
v 0.269154 0.932843 -1.64239
vt 0.79714 0.777255
v 0.269154 0.829191 -1.65471
vt 0.799672 0.849304
v 0.269154 0.826194 -1.65519
vt 0.799798 0.851392
v 0.269154 0.825168 -1.65543
vt 0.799877 0.852111
v 0.269154 0.824163 -1.65575
vt 0.799992 0.852818
v 0.269154 0.823186 -1.65615
vt 0.800142 0.85351
v 0.269154 0.822241 -1.65661
vt 0.800326 0.854183
v 0.269154 0.821335 -1.65715
vt 0.800542 0.854832
v 0.269154 0.820472 -1.65776
vt 0.800791 0.855454
v 0.269154 0.819659 -1.65843
vt 0.801069 0.856045
v 0.269154 0.818898 -1.65916
vt 0.801376 0.856602
v 0.269154 0.818195 -1.65995
vt 0.80171 0.857122
v 0.269154 0.817554 -1.66078
vt 0.802068 0.857602
v 0.269154 0.817327 -1.66113
vt 0.802219 0.857774
v 0.269154 0.816819 -1.66209
vt 0.802634 0.858167
v 0.269154 0.816651 -1.6625
vt 0.802814 0.858301
v 0.269154 0.816526 -1.66292
vt 0.803002 0.858407
v 0.269154 0.816443 -1.66336
vt 0.803196 0.858483
v 0.269154 0.816405 -1.6638
vt 0.803393 0.858529
v 0.269154 0.816411 -1.66424
vt 0.803593 0.858544
v 0.269154 0.816462 -1.66468
vt 0.803793 0.858529
v 0.269154 0.816557 -1.66511
vt 0.80399 0.858483
v 0.269154 0.816694 -1.66554
vt 0.804184 0.858407
v 0.269154 0.816874 -1.66594
vt 0.804372 0.858301
v 0.269154 0.817093 -1.66632
vt 0.804552 0.858167
v 0.269154 0.821022 -1.67185
vt 0.807156 0.855703
v 0.269154 0.838132 -1.69167
vt 0.816587 0.844785
v 0.269154 0.847746 -1.69212
vt 0.817068 0.838173
v 0.269154 0.857366 -1.69235
vt 0.817453 0.831547
v 0.269154 0.868385 -1.69238
vt 0.817786 0.823948
v 0.269154 0.902629 -1.69262
vt 0.818895 0.800337
v 0.269154 0.938242 -1.69401
vt 0.820558 0.775833
f 2648/2328/2631 2649/2329/2631 2650/2330/2631 2651/2331/2631 2652/2332/2631 2653/2333/2631 2654/2334/2631 2655/2335/2631 2656/2336/2631 2657/2337/2631 2658/2338/2631 2659/2339/2631 2660/2340/2631 2661/2341/2631 2662/2342/2631 2663/2343/2631 2664/2344/2631 2665/2345/2631 2666/2346/2631 2667/2347/2631 2668/2348/2631 2669/2349/2631 2670/2350/2631 2671/2351/2631 2672/2352/2631 2673/2353/2631 2674/2354/2631 2675/2355/2631 2676/2356/2631 2677/2357/2631 2678/2358/2631 2679/2359/2631 2680/2360/2631 2681/2361/2631 2682/2362/2631 2683/2363/2631 2684/2364/2631 2685/2365/2631 2686/2366/2631 2687/2367/2631 2688/2368/2631 2689/2369/2631 2690/2370/2631 2691/2371/2631 2692/2372/2631 2693/2373/2631 2694/2374/2631 2695/2375/2631 2696/2376/2631 2697/2377/2631 2698/2378/2631 2699/2379/2631 2700/2380/2631 2701/2381/2631 2702/2382/2631 2703/2383/2631 2704/2384/2631 2705/2385/2631 2706/2386/2631 2707/2387/2631 2708/2388/2631 2709/2389/2631 2710/2390/2631 2711/2391/2631 2712/2392/2631 2713/2393/2631 2714/2394/2631 2715/2395/2631 2716/2396/2631 2717/2397/2631 2718/2398/2631 2719/2399/2631 2720/2400/2631 2721/2401/2631 2722/2402/2631 2723/2403/2631 2724/2404/2631 2725/2405/2631 2726/2406/2631 2646/2325/2631 2645/2324/2631 2727/2407/2631 2728/2408/2631 2729/2409/2631 2730/2410/2631 2731/2411/2631 2732/2412/2631 

vn 0.933681 -0.0309576 -0.356766
vt 0.86914 0.762242
vt 0.871567 0.740197
vn 0.933681 -0.0422619 -0.355604
f 2648/2328/2632 2416/2413/2632 2414/2414/2633 2649/2329/2633 

vn 0.933681 -0.0196221 -0.357568
f 2732/2412/2634 2421/2068/2634 2416/2413/2632 2648/2328/2632 

vn 0.933681 -0.00826692 -0.358011
f 2731/2411/2635 2426/2060/2635 2421/2068/2634 2732/2412/2634 

vn 0.933666 -0.00170947 -0.35814
f 2730/2410/2636 2332/2051/2636 2426/2060/2635 2731/2411/2635 

vn 0.933673 -0.00476297 -0.358095
vt 0.864254 0.837138
f 2729/2409/2637 2317/2415/2637 2332/2051/2636 2730/2410/2636 

vn 0.933673 -0.0126204 -0.357904
vt 0.863777 0.845335
f 2728/2408/2638 2315/2416/2638 2317/2415/2637 2729/2409/2637 

vn 0.933673 -0.0204718 -0.357541
vt 0.863183 0.853513
f 2727/2407/2639 2313/2417/2639 2315/2416/2638 2728/2408/2638 

vn 0.933673 -0.0283133 -0.357006
vt 0.862471 0.86167
vn 0.933666 -0.0243953 -0.357314
f 2647/2327/2640 2311/2418/2640 2313/2417/2639 2727/2407/2639 2645/2324/2641 

vn 0.933673 -0.0361412 -0.356298
vt 0.861643 0.869801
vn 0.933666 -0.0322309 -0.356692
f 2644/2323/2642 2309/2419/2642 2311/2418/2640 2647/2327/2640 2643/2321/2643 

vn 0.933673 -0.0439517 -0.355419
vt 0.860698 0.877902
vn 0.933666 -0.040051 -0.355899
f 2642/2320/2644 2307/2420/2644 2309/2419/2642 2644/2323/2642 2640/2317/2645 

vn 0.933673 -0.051741 -0.354369
vt 0.859637 0.88597
f 2641/2319/2646 2305/2421/2646 2307/2420/2644 2642/2320/2644 

vn 0.933673 -0.0595054 -0.353148
vt 0.858462 0.894
vn 0.933666 -0.0556295 -0.353799
f 2639/2316/2647 2303/2422/2647 2305/2421/2646 2641/2319/2646 2638/2314/2648 

vn 0.933673 -0.0672411 -0.351758
vt 0.857171 0.901988
vn 0.933666 -0.0633804 -0.352493
f 2636/2311/2649 2301/2423/2649 2303/2422/2647 2639/2316/2647 2637/2312/2650 2635/2309/2650 

vn 0.933666 -0.0711008 -0.351017
f 2630/2300/2612 2299/2299/2612 2301/2423/2649 2636/2311/2649 2634/2307/2651 

vt 0.874451 0.718282
vn 0.933681 -0.0535236 -0.354084
f 2649/2329/2633 2414/2414/2633 2409/2424/2652 2650/2330/2652 

vt 0.877787 0.696517
vn 0.933681 -0.0647314 -0.352207
f 2650/2330/2652 2409/2424/2652 2405/2425/2653 2651/2331/2653 

vt 0.881572 0.674926
vn 0.933681 -0.075874 -0.349976
f 2651/2331/2653 2405/2425/2653 2401/2426/2654 2652/2332/2654 

vt 0.885803 0.653529
vn 0.933681 -0.0869403 -0.347392
f 2652/2332/2654 2401/2426/2654 2397/2427/2655 2653/2333/2655 

vt 0.890476 0.632348
vn 0.933681 -0.0979189 -0.344459
f 2653/2333/2655 2397/2427/2655 2393/2428/2656 2654/2334/2656 

vt 0.895585 0.611405
vn 0.933681 -0.108799 -0.341179
f 2654/2334/2656 2393/2428/2656 2376/2429/2657 2655/2335/2657 

vt 0.901126 0.590721
vn 0.933712 -0.123554 -0.33603
f 2655/2335/2657 2376/2429/2657 2392/2430/2658 2656/2336/2658 

v 0.22928 1.2277 -1.85905
vt 0.903366 0.583527
vn 0.93376 -0.145879 -0.32682
f 2656/2336/2658 2392/2430/2658 2733/2431/2659 2657/2337/2659 

usemtl Color_D08
v 0.151948 1.2277 -1.85905
vt -1.56985 64.5829
vn -1.18341e-16 -0.407597 -0.913162
vt -4.6144 64.5829
vt -4.6144 64.129
vn -1.80654e-16 -0.371038 -0.928618
vt -1.56985 64.129
f 2734/2432/2660 2733/2433/2660 2392/2434/2661 2391/2435/2661 

v 0.151948 1.23803 -1.86417
vt -1.56985 69.0829
vn 6.74561e-18 -0.478732 -0.877961
v 0.22928 1.23803 -1.86417
vt -4.6144 69.0829
vt -4.6144 68.629
vt -1.56985 68.629
f 2735/2436/2662 2736/2437/2662 2733/2438/2660 2734/2439/2660 

v 0.151948 1.24793 -1.87008
vt -1.56985 73.1492
vn 1.3179e-16 -0.546851 -0.83723
v 0.22928 1.24793 -1.87008
vt -4.6144 73.1492
vt -4.6144 72.6953
vt -1.56985 72.6953
f 2737/2440/2663 2738/2441/2663 2736/2442/2662 2735/2443/2662 

v 0.151948 1.25732 -1.87677
vt -1.56985 76.7561
vn 2.56003e-16 -0.611526 -0.791225
v 0.22928 1.25732 -1.87677
vt -4.6144 76.7561
vt -4.6144 76.3022
vt -1.56985 76.3022
f 2739/2444/2664 2740/2445/2664 2738/2446/2663 2737/2447/2663 

v 0.151948 1.26616 -1.88417
vt -1.56985 79.8809
vn 3.78605e-16 -0.672348 -0.740235
v 0.22928 1.26616 -1.88417
vt -4.6144 79.8809
vt -4.6144 79.427
vt -1.56985 79.427
f 2741/2448/2665 2742/2449/2665 2740/2450/2664 2739/2451/2664 

v 0.151948 1.27438 -1.89226
vt -1.56985 82.504
vn 4.98821e-16 -0.728935 -0.684583
v 0.22928 1.27438 -1.89226
vt -4.6144 82.504
vt -4.6144 82.0501
vt -1.56985 82.0501
f 2743/2452/2666 2744/2453/2666 2742/2454/2665 2741/2455/2665 

v 0.151948 1.28193 -1.90097
vt -1.56985 84.6087
vn 6.15895e-16 -0.780931 -0.624618
v 0.22928 1.28193 -1.90097
vt -4.6144 84.6087
vt -4.6144 84.1549
vt -1.56985 84.1549
f 2745/2456/2667 2746/2457/2667 2744/2458/2666 2743/2459/2666 

v 0.151948 1.28877 -1.91025
vt -1.56985 86.182
vn 7.29089e-16 -0.828007 -0.560718
v 0.22928 1.28877 -1.91025
vt -4.6144 86.182
vt -4.6144 85.7281
vt -1.56985 85.7281
f 2747/2460/2668 2748/2461/2668 2746/2462/2667 2745/2463/2667 

v 0.151948 1.29485 -1.92005
vt -1.56985 87.2138
vn 8.37691e-16 -0.869867 -0.493287
v 0.22928 1.29485 -1.92005
vt -4.6144 87.2138
vt -4.6144 86.7599
vt -1.56985 86.7599
f 2749/2464/2669 2750/2465/2669 2748/2466/2668 2747/2467/2668 

v 0.151948 1.30013 -1.93029
vt -1.56985 87.6976
vn 9.41016e-16 -0.906247 -0.422748
v 0.22928 1.30013 -1.93029
vt -4.6144 87.6976
vt -4.6144 87.2437
vt -1.56985 87.2437
f 2751/2468/2670 2752/2469/2670 2750/2470/2669 2749/2471/2669 

v 0.151948 1.30459 -1.94093
vt -1.56985 87.6304
vn 1.03841e-15 -0.936919 -0.349546
v 0.22928 1.30459 -1.94093
vt -4.6144 87.6304
vt -4.6144 87.1765
vt -1.56985 87.1765
f 2753/2472/2671 2754/2473/2671 2752/2474/2670 2751/2475/2670 

v 0.151948 1.30819 -1.95188
vt -1.56985 87.0126
vn 1.0847e-15 -0.950053 -0.31209
v 0.22928 1.30819 -1.95188
vt -4.6144 87.0126
vt -4.6144 86.5587
vt -1.56985 86.5587
f 2755/2476/2672 2756/2477/2672 2754/2478/2671 2753/2479/2671 

v 0.151948 1.31705 -1.94914
vt -1.56985 18.8823
vn -1.13916e-15 0.307213 -0.951641
v 0.22928 1.31705 -1.94914
vt -4.6144 18.8823
vt -4.6144 18.5171
vn -1.12499e-15 0.294906 -0.955526
vt -1.56985 18.5171
f 2757/2480/2673 2758/2481/2673 2756/2482/2674 2755/2483/2674 

v 0.151948 1.32584 -1.94618
vt -1.56985 17.0039
vn -1.16693e-15 0.33167 -0.943396
v 0.22928 1.32584 -1.94618
vt -4.6144 17.0039
vt -4.6144 16.6387
vt -1.56985 16.6387
f 2759/2484/2675 2760/2485/2675 2758/2486/2673 2757/2487/2673 

v 0.151948 1.33455 -1.94299
vt -1.56985 15.1143
vn -1.19391e-15 0.355906 -0.934522
v 0.22928 1.33455 -1.94299
vt -4.6144 15.1143
vt -4.6144 14.7491
vt -1.56985 14.7491
f 2761/2488/2676 2762/2489/2676 2760/2490/2675 2759/2491/2675 

v 0.151948 1.34318 -1.93958
vt -1.56985 13.2148
vn -1.22011e-15 0.379905 -0.925025
v 0.22928 1.34318 -1.93958
vt -4.6144 13.2148
vt -4.6144 12.8496
vt -1.56985 12.8496
f 2763/2492/2677 2764/2493/2677 2762/2494/2676 2761/2495/2676 

v 0.151948 1.35171 -1.93594
vt -1.56985 11.3066
vn -1.24549e-15 0.403652 -0.914913
v 0.22928 1.35171 -1.93594
vt -4.6144 11.3066
vt -4.6144 10.9413
vt -1.56985 10.9413
f 2765/2496/2678 2766/2497/2678 2764/2498/2677 2763/2499/2677 

v 0.151948 1.36015 -1.93209
vt -1.56985 9.39093
vn -1.27004e-15 0.427129 -0.904191
v 0.22928 1.36015 -1.93209
vt -4.6144 9.39093
vt -4.6144 9.0257
vt -1.56985 9.0257
f 2767/2500/2679 2768/2501/2679 2766/2502/2678 2765/2503/2678 

v 0.151948 1.36849 -1.92802
vt -1.56985 7.46916
vn -1.29374e-15 0.450321 -0.892866
v 0.22928 1.36849 -1.92802
vt -4.6144 7.46916
vt -4.6144 7.10393
vt -1.56985 7.10393
f 2769/2504/2680 2770/2505/2680 2768/2506/2679 2767/2507/2679 

v 0.151948 1.37672 -1.92373
vt -1.56985 5.54253
vn -1.31658e-15 0.473214 -0.880947
v 0.22928 1.37672 -1.92373
vt -4.6144 5.54253
vt -4.6144 5.17731
vt -1.56985 5.17731
f 2771/2508/2681 2772/2509/2681 2770/2510/2680 2769/2511/2680 

v 0.151948 1.38483 -1.91924
vt -1.56985 3.61234
vn -1.33855e-15 0.495792 -0.868441
v 0.22928 1.38483 -1.91924
vt -4.6144 3.61234
vt -4.6144 3.24711
vt -1.56985 3.24711
f 2773/2512/2682 2774/2513/2682 2772/2514/2681 2771/2515/2681 

v 0.151948 1.39283 -1.91454
vt -1.56985 1.67985
vn -1.35962e-15 0.518039 -0.855357
v 0.22928 1.39283 -1.91454
vt -4.6144 1.67985
vt -4.6144 1.31463
vt -1.56985 1.31463
f 2775/2516/2683 2776/2517/2683 2774/2518/2682 2773/2519/2682 

v 0.151948 1.4007 -1.90963
vt -1.56985 -0.253624
vn -1.37979e-15 0.539941 -0.841703
v 0.22928 1.4007 -1.90963
vt -4.6144 -0.253624
vt -4.6144 -0.618851
vt -1.56985 -0.618851
f 2777/2520/2684 2778/2521/2684 2776/2522/2683 2775/2523/2683 

v 0.151948 1.40844 -1.90452
vt -1.56985 -2.18681
vn -1.38953e-15 0.550758 -0.834665
v 0.22928 1.40844 -1.90452
vt -4.6144 -2.18681
vt -4.6144 -2.55204
vt -1.56985 -2.55204
f 2779/2524/2685 2780/2525/2685 2778/2526/2684 2777/2527/2684 

v 0.151948 1.41361 -1.90077
vt -1.56985 -5.9638
vn -1.44321e-15 0.613863 -0.789413
v 0.22928 1.41361 -1.90077
vt -4.6144 -5.9638
vt -4.6144 -6.21508
vn -1.42187e-15 0.587981 -0.808874
vt -1.56985 -6.21508
f 2781/2528/2686 2782/2529/2686 2780/2530/2687 2779/2531/2687 

v 0.151948 1.41852 -1.89669
vt -1.56985 -11.4496
vn -1.48133e-15 0.663667 -0.748028
v 0.22928 1.41852 -1.89669
vt -4.6144 -11.4496
vt -4.6144 -11.7009
vt -1.56985 -11.7009
f 2783/2532/2688 2784/2533/2688 2782/2534/2686 2781/2535/2686 

v 0.151948 1.42315 -1.8923
vt -1.56985 -16.8869
vn -1.51323e-15 0.710689 -0.703506
v 0.22928 1.42315 -1.8923
vt -4.6144 -16.8869
vt -4.6144 -17.1382
vt -1.56985 -17.1382
f 2785/2536/2689 2786/2537/2689 2784/2538/2688 2783/2539/2688 

v 0.151948 1.42749 -1.88762
vt -1.56985 -22.2529
vn -1.5388e-15 0.754731 -0.656034
v 0.22928 1.42749 -1.88762
vt -4.6144 -22.2529
vt -4.6144 -22.5042
vt -1.56985 -22.5042
f 2787/2540/2690 2788/2541/2690 2786/2542/2689 2785/2543/2689 

v 0.151948 1.43152 -1.88267
vt -1.56985 -27.525
vn -1.55791e-15 0.795608 -0.605811
v 0.22928 1.43152 -1.88267
vt -4.6144 -27.525
vt -4.6144 -27.7763
vt -1.56985 -27.7763
f 2789/2544/2691 2790/2545/2691 2788/2546/2690 2787/2547/2690 

v 0.151948 1.43522 -1.87747
vt -1.56985 -32.6812
vn -1.57048e-15 0.833149 -0.553048
v 0.22928 1.43522 -1.87747
vt -4.6144 -32.6812
vt -4.6144 -32.9325
vt -1.56985 -32.9325
f 2791/2548/2692 2792/2549/2692 2790/2550/2691 2789/2551/2691 

v 0.151948 1.43858 -1.87204
vt -1.56985 -37.6998
vn -1.57647e-15 0.867196 -0.497966
v 0.22928 1.43858 -1.87204
vt -4.6144 -37.6998
vt -4.6144 -37.9511
vt -1.56985 -37.9511
f 2793/2552/2693 2794/2553/2693 2792/2554/2692 2791/2555/2692 

v 0.151948 1.44157 -1.8664
vt -1.56985 -42.5598
vn -1.57585e-15 0.897607 -0.440796
v 0.22928 1.44157 -1.8664
vt -4.6144 -42.5598
vt -4.6144 -42.8111
vt -1.56985 -42.8111
f 2795/2556/2694 2796/2557/2694 2794/2558/2693 2793/2559/2693 

v 0.151948 1.4442 -1.86059
vt -1.56985 -47.2408
vn -1.56863e-15 0.924254 -0.381777
v 0.22928 1.4442 -1.86059
vt -4.6144 -47.2408
vt -4.6144 -47.4921
vt -1.56985 -47.4921
f 2797/2560/2695 2798/2561/2695 2796/2562/2694 2795/2563/2694 

v 0.151948 1.44644 -1.85461
vt -1.56985 -51.7232
vn -1.55482e-15 0.947026 -0.321158
v 0.22928 1.44644 -1.85461
vt -4.6144 -51.7232
vt -4.6144 -51.9744
vt -1.56985 -51.9744
f 2799/2564/2696 2800/2565/2696 2798/2566/2695 2797/2567/2695 

v 0.151948 1.4483 -1.84851
vt -1.56985 -55.9881
vn -1.5345e-15 0.965826 -0.259192
v 0.22928 1.4483 -1.84851
vt -4.6144 -55.9881
vt -4.6144 -56.2394
vt -1.56985 -56.2394
f 2801/2568/2697 2802/2569/2697 2800/2570/2696 2799/2571/2696 

v 0.151948 1.44975 -1.84229
vt -1.56985 -60.0178
vn -1.52192e-15 0.973712 -0.227785
v 0.22928 1.44975 -1.84229
vt -4.6144 -60.0178
vt -4.6144 -60.2691
vt -1.56985 -60.2691
f 2803/2572/2698 2804/2573/2698 2802/2574/2697 2801/2575/2697 

v 0.151948 1.45093 -1.83603
vt -1.56985 -62.4695
vn -1.49761e-15 0.984511 -0.175321
v 0.22928 1.45093 -1.83603
vt -4.6144 -62.4695
vt -4.6144 -62.7203
vn -1.50276e-15 0.982599 -0.185741
vt -1.56985 -62.7203
f 2805/2576/2699 2806/2577/2699 2804/2578/2700 2803/2579/2700 

v 0.151948 1.45198 -1.82975
vt -1.56985 -63.5087
vn -1.4868e-15 0.988004 -0.154426
v 0.22928 1.45198 -1.82975
vt -4.6144 -63.5087
vt -4.6144 -63.7595
vt -1.56985 -63.7595
f 2807/2580/2701 2808/2581/2701 2806/2582/2699 2805/2583/2699 

v 0.151948 1.4529 -1.82345
vt -1.56985 -64.5194
vn -1.47533e-15 0.991054 -0.13346
v 0.22928 1.4529 -1.82345
vt -4.6144 -64.5194
vt -4.6144 -64.7702
vt -1.56985 -64.7702
f 2809/2584/2702 2810/2585/2702 2808/2586/2701 2807/2587/2701 

v 0.151948 1.45368 -1.81713
vt -1.56985 -65.501
vn -1.4632e-15 0.993659 -0.112435
v 0.22928 1.45368 -1.81713
vt -4.6144 -65.501
vt -4.6144 -65.7518
vt -1.56985 -65.7518
f 2811/2588/2703 2812/2589/2703 2810/2590/2702 2809/2591/2702 

v 0.151948 1.45433 -1.81079
vt -1.56985 -66.4532
vn -1.45041e-15 0.995818 -0.0913595
v 0.22928 1.45433 -1.81079
vt -4.6144 -66.4532
vt -4.6144 -66.704
vt -1.56985 -66.704
f 2813/2592/2704 2814/2593/2704 2812/2594/2703 2811/2595/2703 

v 0.151948 1.45485 -1.80444
vt -1.56985 -67.3755
vn -1.43697e-15 0.99753 -0.0702428
v 0.22928 1.45485 -1.80444
vt -4.6144 -67.3755
vt -4.6144 -67.6263
vt -1.56985 -67.6263
f 2815/2596/2705 2816/2597/2705 2814/2598/2704 2813/2599/2704 

v 0.151948 1.45523 -1.79808
vt -1.56985 -68.2675
vn -1.42288e-15 0.998794 -0.0490946
v 0.22928 1.45523 -1.79808
vt -4.6144 -68.2675
vt -4.6144 -68.5183
vt -1.56985 -68.5183
f 2817/2600/2706 2818/2601/2706 2816/2602/2705 2815/2603/2705 

v 0.151948 1.45547 -1.79172
vt -1.56985 -69.1288
vn -1.40815e-15 0.99961 -0.0279244
v 0.22928 1.45547 -1.79172
vt -4.6144 -69.1288
vt -4.6144 -69.3796
vt -1.56985 -69.3796
f 2819/2604/2707 2820/2605/2707 2818/2606/2706 2817/2607/2706 

v 0.151948 1.45558 -1.78535
vt -1.56985 -69.959
vn -1.3928e-15 0.999977 -0.00674167
v 0.22928 1.45558 -1.78535
vt -4.6144 -69.959
vt -4.6144 -70.2098
vt -1.56985 -70.2098
f 2821/2608/2708 2822/2609/2708 2820/2610/2707 2819/2611/2707 

v 0.151948 1.45556 -1.77898
vt 1.56985 70.7578
vn -1.37681e-15 0.999896 0.0144441
v 0.22928 1.45556 -1.77898
vt 4.6144 70.7578
vt 4.6144 71.0086
vt 1.56985 71.0086
f 2823/2612/2709 2824/2613/2709 2822/2614/2708 2821/2615/2708 

v 0.151948 1.4554 -1.77261
vt 1.56985 71.5248
vn -1.36021e-15 0.999365 0.0356234
v 0.22928 1.4554 -1.77261
vt 4.6144 71.5248
vt 4.6144 71.7755
vt 1.56985 71.7755
f 2825/2616/2710 2826/2617/2710 2824/2618/2709 2823/2619/2709 

v 0.151948 1.45511 -1.76625
vt 1.56985 72.2596
vn -1.35169e-15 0.998932 0.0462076
v 0.22928 1.45511 -1.76625
vt 4.6144 72.2596
vt 4.6144 72.5103
vt 1.56985 72.5103
f 2827/2620/2711 2828/2621/2711 2826/2622/2710 2825/2623/2710 

v 0.151948 1.45443 -1.75853
vt 1.56985 73.7786
vn -1.28989e-15 0.993039 0.117789
v 0.22928 1.45443 -1.75853
vt 4.6144 73.7786
vt 4.6144 74.0834
vn -1.31706e-15 0.99618 0.0873287
vt 1.56985 74.0834
f 2829/2624/2712 2830/2625/2712 2828/2626/2713 2827/2627/2713 

v 0.151948 1.45328 -1.75088
vt 1.56985 75.9512
vn -1.23194e-15 0.983967 0.178349
v 0.22928 1.45328 -1.75088
vt 4.6144 75.9512
vt 4.6144 76.2561
vt 1.56985 76.2561
f 2831/2628/2714 2832/2629/2714 2830/2630/2712 2829/2631/2712 

v 0.151948 1.45167 -1.7433
vt 1.56985 77.8385
vn -1.16937e-15 0.971206 0.238241
v 0.22928 1.45167 -1.7433
vt 4.6144 77.8385
vt 4.6144 78.1434
vt 1.56985 78.1434
f 2833/2632/2715 2834/2633/2715 2832/2634/2714 2831/2635/2714 

v 0.151948 1.44959 -1.73584
vt 1.56985 79.4334
vn -1.10241e-15 0.954803 0.297239
v 0.22928 1.44959 -1.73584
vt 4.6144 79.4334
vt 4.6144 79.7382
vt 1.56985 79.7382
f 2835/2636/2716 2836/2637/2716 2834/2638/2715 2833/2639/2715 

v 0.151948 1.44707 -1.72852
vt 1.56985 80.7298
vn -1.03132e-15 0.93482 0.355123
v 0.22928 1.44707 -1.72852
vt 4.6144 80.7298
vt 4.6144 81.0346
vt 1.56985 81.0346
f 2837/2640/2717 2838/2641/2717 2836/2642/2716 2835/2643/2716 

v 0.151948 1.4441 -1.72137
vt 1.56985 81.7229
vn -9.56365e-16 0.911331 0.411675
v 0.22928 1.4441 -1.72137
vt 4.6144 81.7229
vt 4.6144 82.0277
vt 1.56985 82.0277
f 2839/2644/2718 2840/2645/2718 2838/2646/2717 2837/2647/2717 

v 0.151948 1.44069 -1.71442
vt 1.56985 82.4089
vn -8.77822e-16 0.884425 0.466683
v 0.22928 1.44069 -1.71442
vt 4.6144 82.4089
vt 4.6144 82.7138
vt 1.56985 82.7138
f 2841/2648/2719 2842/2649/2719 2840/2650/2718 2839/2651/2718 

v 0.151948 1.43687 -1.70768
vt 1.56985 82.7854
vn -7.95987e-16 0.854202 0.519941
v 0.22928 1.43687 -1.70768
vt 4.6144 82.7854
vt 4.6144 83.0903
vt 1.56985 83.0903
f 2843/2652/2720 2844/2653/2720 2842/2654/2719 2841/2655/2719 

v 0.151948 1.43265 -1.70119
vt 1.56985 82.8509
vn -7.11167e-16 0.820776 0.57125
v 0.22928 1.43265 -1.70119
vt 4.6144 82.8509
vt 4.6144 83.1558
vt 1.56985 83.1558
f 2845/2656/2721 2846/2657/2721 2844/2658/2720 2843/2659/2720 

v 0.151948 1.42803 -1.69498
vt 1.56985 82.6051
vn -6.23681e-16 0.784273 0.620416
v 0.22928 1.42803 -1.69498
vt 4.6144 82.6051
vt 4.6144 82.91
vt 1.56985 82.91
f 2847/2660/2722 2848/2661/2722 2846/2662/2721 2845/2663/2721 

v 0.151948 1.42304 -1.68905
vt 1.56985 82.0491
vn -5.33855e-16 0.744828 0.667256
v 0.22928 1.42304 -1.68905
vt 4.6144 82.0491
vt 4.6144 82.3539
vt 1.56985 82.3539
f 2849/2664/2723 2850/2665/2723 2848/2666/2722 2847/2667/2722 

v 0.151948 1.4177 -1.68345
vt 1.56985 81.1847
vn -4.88171e-16 0.724049 0.689748
v 0.22928 1.4177 -1.68345
vt 4.6144 81.1847
vt 4.6144 81.4896
vt 1.56985 81.4896
f 2851/2668/2724 2852/2669/2724 2850/2670/2723 2849/2671/2723 

v 0.151948 1.40754 -1.67386
vt 1.56985 79.8955
vn -3.72185e-16 0.66924 0.743046
v 0.22928 1.40754 -1.67386
vt 4.6144 79.8955
vt 4.6144 80.4455
vn -4.07214e-16 0.686096 0.727511
vt 1.56985 80.4455
f 2853/2672/2725 2854/2673/2725 2852/2674/2726 2851/2675/2726 

v 0.151948 1.39695 -1.66475
vt 1.56985 78.5299
vn -3.0156e-16 0.634482 0.772937
v 0.22928 1.39695 -1.66475
vt 4.6144 78.5299
vt 4.6144 79.0799
vt 1.56985 79.0799
f 2855/2676/2727 2856/2677/2727 2854/2678/2725 2853/2679/2725 

v 0.151948 1.38595 -1.65614
vt 1.56985 76.9986
vn -2.30301e-16 0.598392 0.801204
v 0.22928 1.38595 -1.65614
vt 4.6144 76.9986
vt 4.6144 77.5486
vt 1.56985 77.5486
f 2857/2680/2728 2858/2681/2728 2856/2682/2727 2855/2683/2727 

v 0.151948 1.37457 -1.64804
vt 1.56985 75.305
vn -1.58559e-16 0.561043 0.827786
v 0.22928 1.37457 -1.64804
vt 4.6144 75.305
vt 4.6144 75.855
vt 1.56985 75.855
f 2859/2684/2729 2860/2685/2729 2858/2686/2728 2857/2687/2728 

v 0.151948 1.36282 -1.64047
vt 1.56985 73.4525
vn -8.64827e-17 0.522516 0.85263
v 0.22928 1.36282 -1.64047
vt 4.6144 73.4525
vt 4.6144 74.0025
vt 1.56985 74.0025
f 2861/2688/2730 2862/2689/2730 2860/2690/2729 2859/2691/2729 

v 0.151948 1.35075 -1.63344
vt 1.56985 71.445
vn -1.42249e-17 0.48289 0.875681
v 0.22928 1.35075 -1.63344
vt 4.6144 71.445
vt 4.6144 71.9951
vt 1.56985 71.9951
f 2863/2692/2731 2864/2693/2731 2862/2694/2730 2861/2695/2730 

v 0.151948 1.33836 -1.62698
vt 1.56985 69.2869
vn 5.80627e-17 0.44225 0.896892
v 0.22928 1.33836 -1.62698
vt 4.6144 69.2869
vt 4.6144 69.8369
vt 1.56985 69.8369
f 2865/2696/2732 2866/2697/2732 2864/2698/2731 2863/2699/2731 

v 0.151948 1.3257 -1.62109
vt 1.56985 66.9826
vn 1.30228e-16 0.40068 0.916218
v 0.22928 1.3257 -1.62109
vt 4.6144 66.9826
vt 4.6144 67.5326
vt 1.56985 67.5326
f 2867/2700/2733 2868/2701/2733 2866/2702/2732 2865/2703/2732 

v 0.151948 1.31277 -1.61579
vt 1.56985 64.5369
vn 2.0212e-16 0.358269 0.933619
v 0.22928 1.31277 -1.61579
vt 4.6144 64.5369
vt 4.6144 65.0869
vt 1.56985 65.0869
f 2869/2704/2734 2870/2705/2734 2868/2706/2733 2867/2707/2733 

v 0.151948 1.29962 -1.61108
vt 1.56985 61.955
vn 2.73587e-16 0.315104 0.949057
v 0.22928 1.29962 -1.61108
vt 4.6144 61.955
vt 4.6144 62.505
vt 1.56985 62.505
f 2871/2708/2735 2872/2709/2735 2870/2710/2734 2869/2711/2734 

v 0.151948 1.28626 -1.60698
vt 1.56985 59.2423
vn 3.4448e-16 0.271277 0.962501
v 0.22928 1.28626 -1.60698
vt 4.6144 59.2423
vt 4.6144 59.7923
vt 1.56985 59.7923
f 2873/2712/2736 2874/2713/2736 2872/2714/2735 2871/2715/2735 

v 0.151948 1.27273 -1.6035
vt 1.56985 56.4046
vn 3.79664e-16 0.249144 0.968466
v 0.22928 1.27273 -1.6035
vt 4.6144 56.4046
vt 4.6144 56.9546
vt 1.56985 56.9546
f 2875/2716/2737 2876/2717/2737 2874/2718/2736 2873/2719/2736 

v 0.151948 1.10998 -1.56559
vt 1.56985 48.6364
vn 1.9087e-15 0.22688 0.973923
v 0.190614 1.10998 -1.56559
vt 3.09213 48.6364
v 0.193363 1.10998 -1.56559
vt 3.20033 48.6364
v 0.22928 1.10998 -1.56559
vt 4.6144 48.6364
vt 4.6144 55.2156
vt 1.56985 55.2156
f 2877/2720/2738 2878/2721/2738 2879/2722/2738 2880/2723/2738 2876/2724/2738 2875/2725/2738 

vt 1.56985 44.8762
vn 1.24685e-14 0.158755 0.987318
v 0.151948 1.0718 -1.55945
vt 1.56985 43.3539
v 0.152279 1.07679 -1.56025
vt 1.58288 43.5526
v 0.153266 1.08168 -1.56104
vt 1.62172 43.7479
v 0.154892 1.08641 -1.5618
vt 1.68573 43.9364
v 0.157129 1.09089 -1.56252
vt 1.7738 44.115
v 0.159938 1.09504 -1.56319
vt 1.88443 44.2806
v 0.163273 1.0988 -1.56379
vt 2.01572 44.4303
v 0.167076 1.10209 -1.56432
vt 2.16542 44.5616
v 0.171281 1.10486 -1.56477
vt 2.33099 44.6722
v 0.175817 1.10707 -1.56512
vt 2.50958 44.7603
v 0.180607 1.10868 -1.56538
vt 2.69813 44.8243
v 0.185567 1.10965 -1.56554
vt 2.89343 44.8631
vt 3.09213 44.8762
f 2877/2726/2739 2881/2727/2739 2882/2728/2739 2883/2729/2739 2884/2730/2739 2885/2731/2739 2886/2732/2739 2887/2733/2739 2888/2734/2739 2889/2735/2739 2890/2736/2739 2891/2737/2739 2892/2738/2739 2878/2739/2739 

usemtl sulawesi_kris_pamor_weapon_sumatra_weapon_ae66fa6602eece6a74b2dff70e2d4343
vt 0.767692 0.651641
vn -0.933666 0.0568573 0.353603
v 0.112074 1.08991 -1.66765
v 0.112074 1.00583 -1.65413
v 0.112074 0.932843 -1.64239
vt 0.749915 0.771086
v 0.151948 0.972861 -1.54354
vt 0.753761 0.745241
v 0.151948 1.02233 -1.5515
vt 0.758787 0.711471
vt 0.763814 0.677701
f 2877/2740/2740 2893/2379/2740 2894/2380/2740 2895/2381/2740 2555/2741/2740 2896/2742/2740 2897/2743/2740 2881/2744/2740 

vt 0.78952 0.541064
vn -0.933674 0.0852436 0.347832
v 0.112074 1.24799 -1.70447
vn -0.933666 0.081256 0.348806
f 2875/2745/2741 2898/2378/2741 2893/2379/2742 2877/2740/2742 

vt 0.791483 0.531887
vn -0.933697 0.0971344 0.344637
v 0.112074 1.25805 -1.70706
f 2873/2746/2743 2899/2377/2743 2898/2378/2741 2875/2745/2741 

vt 0.793718 0.522857
vn -0.933697 0.112827 0.339823
v 0.112074 1.26685 -1.70976
f 2871/2747/2744 2900/2376/2744 2899/2377/2743 2873/2746/2743 

vt 0.796222 0.513993
vn -0.933697 0.128283 0.334295
v 0.112074 1.27552 -1.71286
f 2869/2748/2745 2901/2375/2745 2900/2376/2744 2871/2747/2744 

vt 0.798988 0.505314
vn -0.933697 0.143469 0.328064
v 0.112074 1.28403 -1.71635
f 2867/2749/2746 2902/2374/2746 2901/2375/2745 2869/2748/2745 

vt 0.802011 0.496838
vn -0.933697 0.158354 0.321144
v 0.112074 1.29238 -1.72023
f 2865/2750/2747 2903/2373/2747 2902/2374/2746 2867/2749/2746 

vt 0.805284 0.488584
vn -0.933697 0.172905 0.313549
v 0.112074 1.30054 -1.72449
f 2863/2751/2748 2904/2372/2748 2903/2373/2747 2865/2750/2747 

vt 0.808802 0.480567
vn -0.933697 0.187094 0.305295
v 0.112074 1.30849 -1.72912
f 2861/2752/2749 2905/2371/2749 2904/2372/2748 2863/2751/2748 

vt 0.812556 0.472806
vn -0.933697 0.200889 0.2964
v 0.112074 1.31623 -1.73411
f 2859/2753/2750 2906/2370/2750 2905/2371/2749 2861/2752/2749 

vt 0.816538 0.465316
vn -0.933697 0.214262 0.286882
v 0.112074 1.32373 -1.73944
f 2857/2754/2751 2907/2369/2751 2906/2370/2750 2859/2753/2750 

vt 0.82074 0.458114
vn -0.933697 0.227185 0.276761
v 0.112074 1.33097 -1.74512
f 2855/2755/2752 2908/2368/2752 2907/2369/2751 2857/2754/2751 

vt 0.825153 0.451214
vn -0.933697 0.23963 0.266058
v 0.112074 1.33795 -1.75112
f 2853/2756/2753 2909/2367/2753 2908/2368/2752 2855/2755/2752 

vt 0.829768 0.444631
vn -0.933709 0.25253 0.253804
v 0.112074 1.34436 -1.75716
f 2851/2757/2754 2910/2366/2754 2909/2367/2753 2853/2756/2753 

vt 0.832451 0.441196
vn -0.933722 0.266648 0.238877
v 0.112074 1.34558 -1.75845
f 2849/2758/2755 2911/2365/2755 2910/2366/2754 2851/2757/2754 

vt 0.835265 0.43802
vn -0.933722 0.280769 0.222108
v 0.112074 1.34647 -1.7595
f 2847/2759/2756 2912/2364/2756 2911/2365/2755 2849/2758/2755 

vt 0.838201 0.435113
vn -0.933722 0.293837 0.204507
v 0.112074 1.34729 -1.7606
f 2845/2760/2757 2913/2363/2757 2912/2364/2756 2847/2759/2756 

vt 0.841248 0.432487
vn -0.933722 0.305804 0.186138
v 0.112074 1.34804 -1.76175
f 2843/2761/2758 2914/2362/2758 2913/2363/2757 2845/2760/2757 

vt 0.844394 0.430151
vn -0.933722 0.316623 0.167072
v 0.112074 1.34872 -1.76295
f 2841/2762/2759 2915/2361/2759 2914/2362/2758 2843/2761/2758 

vt 0.847628 0.428114
vn -0.933722 0.326256 0.147379
v 0.112074 1.34932 -1.76419
f 2839/2763/2760 2916/2360/2760 2915/2361/2759 2841/2762/2759 

vt 0.850937 0.426384
vn -0.933722 0.334665 0.127134
v 0.112074 1.34985 -1.76546
f 2837/2764/2761 2917/2359/2761 2916/2360/2760 2839/2763/2760 

vt 0.854309 0.424968
vn -0.933722 0.341819 0.106411
v 0.112074 1.3503 -1.76675
f 2835/2765/2762 2918/2358/2762 2917/2359/2761 2837/2764/2761 

vt 0.857732 0.42387
vn -0.933722 0.347691 0.08529
v 0.112074 1.35066 -1.76808
f 2833/2766/2763 2919/2357/2763 2918/2358/2762 2835/2765/2762 

vt 0.861192 0.423095
vn -0.933722 0.352259 0.0638488
v 0.112074 1.35095 -1.76942
f 2831/2767/2764 2920/2356/2764 2919/2357/2763 2833/2766/2763 

vt 0.864676 0.422645
vn -0.933722 0.355507 0.0421683
v 0.112074 1.35115 -1.77078
f 2829/2768/2765 2921/2355/2765 2920/2356/2764 2831/2767/2764 

vt 0.868172 0.422522
vn -0.933691 0.35728 0.0239134
v 0.112074 1.35137 -1.77319
f 2827/2769/2766 2922/2354/2766 2921/2355/2765 2829/2768/2765 

vt 0.871048 0.422603
vn -0.933673 0.357901 0.0127577
v 0.112074 1.35151 -1.77631
f 2825/2770/2767 2923/2353/2767 2922/2354/2766 2827/2769/2766 

vt 0.873922 0.422777
vn -0.933673 0.358091 0.00517284
v 0.112074 1.35161 -1.78048
f 2823/2771/2768 2924/2352/2768 2923/2353/2767 2825/2770/2767 

vt 0.876792 0.423045
vn -0.933673 0.35812 -0.00241438
v 0.112074 1.35163 -1.78465
f 2821/2772/2769 2925/2351/2769 2924/2352/2768 2823/2771/2768 

vt 0.879659 0.423405
vn -0.933673 0.357988 -0.0100005
v 0.112074 1.35156 -1.78881
f 2819/2773/2770 2926/2350/2770 2925/2351/2769 2821/2772/2769 

vt 0.88252 0.423858
vn -0.933673 0.357696 -0.0175822
v 0.112074 1.3514 -1.79298
f 2817/2774/2771 2927/2349/2771 2926/2350/2770 2819/2773/2770 

vt 0.885374 0.424404
vn -0.933673 0.357243 -0.0251559
v 0.112074 1.35115 -1.79714
f 2815/2775/2772 2928/2348/2772 2927/2349/2771 2817/2774/2771 

vt 0.88822 0.425042
vn -0.933673 0.35663 -0.0327184
v 0.112074 1.35081 -1.80129
f 2813/2776/2773 2929/2347/2773 2928/2348/2772 2815/2775/2772 

vt 0.891056 0.425772
vn -0.933673 0.355857 -0.0402662
v 0.112074 1.35039 -1.80544
f 2811/2777/2774 2930/2346/2774 2929/2347/2773 2813/2776/2773 

vt 0.893882 0.426595
vn -0.933673 0.354924 -0.0477959
v 0.112074 1.34988 -1.80957
f 2809/2778/2775 2931/2345/2775 2930/2346/2774 2811/2777/2774 

vt 0.896696 0.427508
vn -0.933673 0.353832 -0.0553041
v 0.112074 1.34928 -1.8137
f 2807/2779/2776 2932/2344/2776 2931/2345/2775 2809/2778/2775 

vt 0.899496 0.428513
vn -0.933673 0.352581 -0.0627875
v 0.112074 1.34859 -1.81781
f 2805/2780/2777 2933/2343/2777 2932/2344/2776 2807/2779/2776 

vt 0.902282 0.429608
vn -0.933693 0.350332 -0.0740533
v 0.11312 1.35069 -1.82135
vt 0.88996 0.497004
v 0.112215 1.34856 -1.81993
vt 0.889258 0.498412
vn -0.933666 0.351913 -0.0665221
v 0.112074 1.34833 -1.81919
f 2803/2781/2778 2934/2782/2778 2935/2783/2779 2936/2342/2779 2933/2343/2777 2805/2780/2777 

vt 0.90504 0.430888
vn -0.933729 0.345748 -0.0927859
v 0.11416 1.3531 -1.82296
vt 0.890754 0.495414
vn -0.936614 0.291905 -0.193768
v 0.113227 1.35094 -1.82152
vt 0.890044 0.496842
vn -0.933666 0.34873 -0.0815801
f 2801/2784/2780 2937/2785/2781 2938/2786/2782 2934/2782/2778 2803/2781/2778 

vt 0.907738 0.432439
vn -0.933729 0.339018 -0.114969
f 2801/2784/2780 2799/2787/2783 2937/2785/2781

vt 0.910365 0.434254
vn -0.933729 0.330866 -0.136669
f 2799/2787/2783 2797/2788/2784 2937/2785/2781

vt 0.91291 0.436325
vn -0.933729 0.321327 -0.157797
f 2797/2788/2784 2795/2789/2785 2937/2785/2781

vt 0.915362 0.438644
vn -0.933729 0.310441 -0.178263
f 2795/2789/2785 2793/2790/2786 2937/2785/2781

vt 0.917711 0.441201
vn -0.933729 0.298252 -0.197981
f 2793/2790/2786 2791/2791/2787 2937/2785/2781

vt 0.919946 0.443985
vn -0.933729 0.284813 -0.216869
f 2791/2791/2787 2789/2792/2788 2937/2785/2781

vt 0.92206 0.446985
vn -0.933729 0.27018 -0.234848
f 2789/2792/2788 2787/2793/2789 2937/2785/2781

vt 0.924041 0.450188
vn -0.933729 0.254414 -0.251842
f 2787/2793/2789 2785/2794/2790 2937/2785/2781

vt 0.925884 0.453581
vn -0.933729 0.237581 -0.26778
f 2785/2794/2790 2783/2795/2791 2937/2785/2781

vt 0.927579 0.457149
vn -0.933729 0.219752 -0.282595
f 2783/2795/2791 2781/2796/2792 2937/2785/2781

vt 0.92912 0.460878
vn -0.933696 0.203924 -0.294323
f 2779/2797/2793 2938/2786/2793 2937/2785/2781 2781/2796/2792 

v 0.113091 1.34828 -1.82286
vt 0.890567 0.498739
vn -0.933666 0.197252 -0.298931
vt 0.931196 0.466447
vn -0.933676 0.193363 -0.30143
v 0.114301 1.3477 -1.82701
vt 0.892424 0.499318
f 2939/2798/2794 2935/2783/2794 2934/2782/2794 2938/2786/2793 2779/2797/2793 2777/2799/2795 2940/2800/2795 

v 0.112074 1.3361 -1.80717
vn -0.93376 -0.240633 -0.26493
vn -0.933666 -0.251129 -0.255347
vn -0.93376 -0.260886 -0.245012
vt 0.919688 0.55281
vt 0.915806 0.558119
f 2941/2341/2796 2936/2342/2797 2935/2783/2797 2939/2798/2798 2743/2801/2798 2741/2802/2796 

vn -1 -1.38778e-15 7.4904e-16
v 0.112074 1.32094 -1.79445
v 0.112074 1.30482 -1.78299
v 0.112074 1.28784 -1.77283
v 0.112074 1.2701 -1.76406
v 0.112074 1.25288 -1.75718
v 0.112074 1.21793 -1.74541
v 0.112074 1.1838 -1.73513
v 0.112074 1.14937 -1.72593
v 0.112074 1.11466 -1.71782
v 0.112074 1.07972 -1.71083
v 0.112074 1.04457 -1.70494
v 0.112074 1.00925 -1.70017
v 0.112074 0.973794 -1.69653
v 0.112074 0.938242 -1.69401
v 0.112074 0.902629 -1.69262
v 0.112074 0.868385 -1.69238
v 0.112074 0.857366 -1.69235
v 0.112074 0.847746 -1.69212
v 0.112074 0.838132 -1.69167
v 0.112074 0.832591 -1.69129
v 0.112074 0.828402 -1.68271
v 0.112074 0.821022 -1.67185
v 0.112074 0.817093 -1.66632
v 0.112074 0.816874 -1.66594
v 0.112074 0.816694 -1.66554
v 0.112074 0.816557 -1.66511
v 0.112074 0.816462 -1.66468
v 0.112074 0.816411 -1.66424
v 0.112074 0.816405 -1.6638
v 0.112074 0.816443 -1.66336
v 0.112074 0.816526 -1.66292
v 0.112074 0.816651 -1.6625
v 0.112074 0.816819 -1.66209
v 0.112074 0.817327 -1.66113
v 0.112074 0.817554 -1.66078
v 0.112074 0.818195 -1.65995
v 0.112074 0.818898 -1.65916
v 0.112074 0.819659 -1.65843
v 0.112074 0.820472 -1.65776
v 0.112074 0.821335 -1.65715
v 0.112074 0.822241 -1.65661
v 0.112074 0.823186 -1.65615
v 0.112074 0.824163 -1.65575
v 0.112074 0.825168 -1.65543
v 0.112074 0.826194 -1.65519
v 0.112074 0.829191 -1.65471
f 2926/2350/2799 2927/2349/2799 2928/2348/2799 2929/2347/2799 2930/2346/2799 2931/2345/2799 2932/2344/2799 2933/2343/2799 2936/2342/2799 2941/2341/2799 2942/2340/2799 2943/2339/2799 2944/2338/2799 2945/2337/2799 2946/2336/2799 2947/2335/2799 2948/2334/2799 2949/2333/2799 2950/2332/2799 2951/2331/2799 2952/2330/2799 2953/2329/2799 2954/2328/2799 2955/2412/2799 2956/2411/2799 2957/2410/2799 2958/2409/2799 2959/2408/2799 2960/2407/2799 2961/2324/2799 2962/2325/2799 2963/2406/2799 2964/2405/2799 2965/2404/2799 2966/2403/2799 2967/2402/2799 2968/2401/2799 2969/2400/2799 2970/2399/2799 2971/2398/2799 2972/2397/2799 2973/2396/2799 2974/2395/2799 2975/2394/2799 2976/2393/2799 2977/2392/2799 2978/2391/2799 2979/2390/2799 2980/2389/2799 2981/2388/2799 2982/2387/2799 2983/2386/2799 2984/2385/2799 2985/2384/2799 2986/2383/2799 2987/2382/2799 2895/2381/2799 2894/2380/2799 2893/2379/2799 2898/2378/2799 2899/2377/2799 2900/2376/2799 2901/2375/2799 2902/2374/2799 2903/2373/2799 2904/2372/2799 2905/2371/2799 2906/2370/2799 2907/2369/2799 2908/2368/2799 2909/2367/2799 2910/2366/2799 2911/2365/2799 2912/2364/2799 2913/2363/2799 2914/2362/2799 2915/2361/2799 2916/2360/2799 2917/2359/2799 2918/2358/2799 2919/2357/2799 2920/2356/2799 2921/2355/2799 2922/2354/2799 2923/2353/2799 2924/2352/2799 2925/2351/2799 

vt 0.91221 0.563883
vn -0.93376 -0.218865 -0.283179
f 2739/2803/2800 2942/2340/2800 2941/2341/2796 2741/2802/2796 

vt 0.908925 0.570066
vn -0.93376 -0.195718 -0.299644
f 2737/2804/2801 2943/2339/2801 2942/2340/2800 2739/2803/2800 

vt 0.905971 0.576627
vn -0.93376 -0.171338 -0.314222
f 2735/2805/2802 2944/2338/2802 2943/2339/2801 2737/2804/2801 

vn -0.93376 -0.145879 -0.32682
f 2734/2431/2803 2945/2337/2803 2944/2338/2802 2735/2805/2802 

vn -0.933712 -0.123554 -0.33603
f 2391/2430/2804 2946/2336/2804 2945/2337/2803 2734/2431/2803 

vn -0.933681 -0.108799 -0.341179
f 2372/2429/2805 2947/2335/2805 2946/2336/2804 2391/2430/2804 

vn -0.933681 -0.0979189 -0.344459
f 2368/2428/2806 2948/2334/2806 2947/2335/2805 2372/2429/2805 

vn -0.933681 -0.0869403 -0.347392
f 2364/2427/2807 2949/2333/2807 2948/2334/2806 2368/2428/2806 

vn -0.933681 -0.075874 -0.349976
f 2360/2426/2808 2950/2332/2808 2949/2333/2807 2364/2427/2807 

vn -0.933681 -0.0647314 -0.352207
f 2355/2425/2809 2951/2331/2809 2950/2332/2808 2360/2426/2808 

vn -0.933681 -0.0535236 -0.354084
f 2353/2424/2810 2952/2330/2810 2951/2331/2809 2355/2425/2809 

vn -0.933681 -0.0422619 -0.355604
f 2348/2414/2811 2953/2329/2811 2952/2330/2810 2353/2424/2810 

vn -0.933681 -0.0309576 -0.356766
f 2343/2413/2812 2954/2328/2812 2953/2329/2811 2348/2414/2811 

vn -0.933681 -0.0196221 -0.357568
f 2338/2068/2813 2955/2412/2813 2954/2328/2812 2343/2413/2812 

vn -0.933681 -0.00826692 -0.358011
f 2333/2060/2814 2956/2411/2814 2955/2412/2813 2338/2068/2813 

vn -0.933666 -0.00170947 -0.35814
f 2318/2051/2815 2957/2410/2815 2956/2411/2814 2333/2060/2814 

vn -0.933673 -0.00476297 -0.358095
f 2316/2415/2816 2958/2409/2816 2957/2410/2815 2318/2051/2815 

vn -0.933673 -0.0126204 -0.357904
f 2314/2416/2817 2959/2408/2817 2958/2409/2816 2316/2415/2816 

vn -0.933673 -0.0204718 -0.357541
f 2312/2417/2818 2960/2407/2818 2959/2408/2817 2314/2416/2817 

vn -0.933673 -0.0283133 -0.357006
v 0.114825 0.827964 -1.69817
vn -0.933666 -0.0243953 -0.357314
f 2310/2418/2819 2988/2327/2819 2961/2324/2820 2960/2407/2818 2312/2417/2818 

vn -0.933673 -0.0361412 -0.356298
v 0.121066 0.816581 -1.71347
v 0.118002 0.822568 -1.70599
vn -0.933666 -0.0322309 -0.356692
f 2308/2419/2821 2989/2323/2821 2990/2321/2822 2988/2327/2819 2310/2418/2819 

vn -0.933673 -0.0439517 -0.355419
v 0.12718 0.804551 -1.72816
v 0.127155 0.804608 -1.7281
vn -0.933666 -0.040051 -0.355899
f 2306/2420/2823 2991/2320/2823 2992/2317/2824 2989/2323/2821 2308/2419/2821 

vn -0.933673 -0.051741 -0.354369
v 0.132729 0.792067 -1.74107
f 2304/2421/2825 2993/2319/2825 2991/2320/2823 2306/2420/2823 

vn -0.933673 -0.0595054 -0.353148
v 0.137908 0.779149 -1.75271
v 0.13375 0.789762 -1.74341
vn -0.933666 -0.0556295 -0.353799
f 2302/2422/2826 2994/2316/2826 2995/2314/2827 2993/2319/2825 2304/2421/2825 

vn -0.933673 -0.0672411 -0.351758
v 0.142525 0.765963 -1.76257
v 0.142208 0.766994 -1.76191
vn -0.933666 -0.0633804 -0.352493
v 0.138585 0.777422 -1.75419
f 2300/2423/2828 2996/2311/2828 2997/2309/2829 2998/2312/2829 2994/2316/2826 2302/2422/2826 

vn -0.933673 -0.0749445 -0.350197
v 0.146438 0.752688 -1.77029
v 0.144979 0.758024 -1.76749
vn -0.933666 -0.0711008 -0.351017
f 2298/2299/2830 2999/2300/2830 3000/2307/2831 2996/2311/2828 2300/2423/2828 

v 0.149609 0.739475 -1.77578
vn -0.933666 -0.078787 -0.349372
v 0.148786 0.743354 -1.77446
v 0.147113 0.75024 -1.77154
f 2295/1842/2442 3001/2298/2832 3002/2302/2832 3003/2301/2832 2999/2300/2830 2298/2299/2830 2291/1838/2438 

v 0.150088 0.737222 -1.77655
vn -0.925139 -0.0784104 -0.371442
f 2295/1842/2442 3004/2303/2833 3001/2298/2832

f 3004/2303/2833 2295/1842/2442 2294/1841/2441

f 3004/2303/2833 2294/1841/2441 2293/1840/2440

vn -0.933972 -0.258557 0.246668
vn -0.933972 -0.220756 0.281005
f 2622/2304/2834 3004/2303/2834 2293/1840/2835 2624/2297/2835 

vn -0.933972 -0.291078 0.207293
vn -0.933666 -0.276137 0.228071
f 2620/2305/2836 3002/2302/2836 3001/2298/2837 3004/2303/2834 2622/2304/2834 

vn -0.933972 -0.317654 0.163685
f 2618/2306/2838 3003/2301/2838 3002/2302/2836 2620/2305/2836 

vn -0.933972 -0.337743 0.116734
vn -0.933666 -0.329272 0.140883
f 2616/2308/2839 3000/2307/2839 2999/2300/2840 3003/2301/2838 2618/2306/2838 

vn -0.933972 -0.350933 0.0673989
vn -0.933666 -0.345992 0.0925087
f 2614/2310/2841 2997/2309/2841 2996/2311/2842 3000/2307/2839 2616/2308/2839 

vn -0.933972 -0.356957 0.0166872
f 2612/2313/2843 2998/2312/2843 2997/2309/2841 2614/2310/2841 

vn -0.933972 -0.355691 -0.0343653
vn -0.933666 -0.358035 -0.00888152
f 2610/2315/2844 2995/2314/2844 2994/2316/2845 2998/2312/2843 2612/2313/2843 

vn -0.933972 -0.34716 -0.084716
vn -0.933666 -0.353113 -0.0598266
f 2608/2318/2846 2992/2317/2846 2991/2320/2847 2993/2319/2847 2995/2314/2844 2610/2315/2844 

vn -0.933972 -0.331539 -0.133336
vn -0.933666 -0.340979 -0.10955
f 2606/2322/2848 2990/2321/2848 2989/2323/2849 2992/2317/2846 2608/2318/2846 

vn -0.933972 -0.309147 -0.179234
vn -0.933666 -0.321882 -0.157036
f 2962/2325/2850 2961/2324/2851 2988/2327/2851 2990/2321/2848 2606/2322/2848 2604/2326/2850 

vt 0.831409 0.917228
vn -0.933673 -0.294046 -0.204432
f 2602/2806/2852 2963/2406/2852 2962/2325/2850 2604/2326/2850 

vt 0.827217 0.921194
vn -0.933817 -0.301615 -0.19239
f 2600/2807/2853 2964/2405/2853 2963/2406/2852 2602/2806/2852 

vt 0.822786 0.924495
vn -0.933817 -0.319419 -0.161112
f 2598/2808/2854 2965/2404/2854 2964/2405/2853 2600/2807/2853 

vt 0.81816 0.927098
vn -0.933817 -0.33399 -0.128203
f 2596/2809/2855 2966/2403/2855 2965/2404/2854 2598/2808/2854 

vt 0.813387 0.928976
vn -0.933817 -0.345181 -0.0939968
f 2594/2810/2856 2967/2402/2856 2966/2403/2855 2596/2809/2855 

vt 0.808515 0.930111
vn -0.933817 -0.352878 -0.0588394
f 2592/2811/2857 2968/2401/2857 2967/2402/2856 2594/2810/2856 

vt 0.803593 0.93049
vn -0.933817 -0.357004 -0.0230864
f 2590/2812/2858 2969/2400/2858 2968/2401/2857 2592/2811/2857 

vt 0.798671 0.930111
vn -0.933817 -0.357518 0.0129001
f 2588/2813/2859 2970/2399/2859 2969/2400/2858 2590/2812/2858 

vt 0.793799 0.928976
vn -0.933817 -0.354412 0.0487562
f 2586/2814/2860 2971/2398/2860 2970/2399/2859 2588/2813/2859 

vt 0.789026 0.927098
vn -0.933817 -0.34772 0.0841187
f 2584/2815/2861 2972/2397/2861 2971/2398/2860 2586/2814/2860 

vt 0.7844 0.924495
vn -0.933817 -0.337509 0.11863
f 2582/2816/2862 2973/2396/2862 2972/2397/2861 2584/2815/2861 

vt 0.779969 0.921194
vn -0.933817 -0.323882 0.151941
f 2580/2817/2863 2974/2395/2863 2973/2396/2862 2582/2816/2862 

vt 0.775777 0.917228
vn -0.933783 -0.308176 0.181872
f 2578/2818/2864 2975/2394/2864 2974/2395/2863 2580/2817/2863 

vt 0.772533 0.913516
vn -0.933752 -0.292259 0.206617
f 2576/2819/2865 2976/2393/2865 2975/2394/2864 2578/2818/2864 

vt 0.769483 0.909438
vn -0.933752 -0.275706 0.228239
f 2574/2820/2866 2977/2392/2866 2976/2393/2865 2576/2819/2865 

vt 0.766644 0.905016
vn -0.933752 -0.257556 0.248539
f 2572/2821/2867 2978/2391/2867 2977/2392/2866 2574/2820/2866 

vt 0.764033 0.900276
vn -0.933752 -0.237915 0.2674
f 2570/2822/2868 2979/2390/2868 2978/2391/2867 2572/2821/2867 

vt 0.761665 0.895247
vn -0.933752 -0.216898 0.284714
f 2568/2823/2869 2980/2389/2869 2979/2390/2868 2570/2822/2868 

vt 0.759554 0.889956
vn -0.933752 -0.194624 0.300379
f 2566/2824/2870 2981/2388/2870 2980/2389/2869 2568/2823/2869 

vt 0.757711 0.884435
vn -0.933752 -0.171225 0.314306
f 2564/2825/2871 2982/2387/2871 2981/2388/2870 2566/2824/2870 

vt 0.756148 0.878716
vn -0.933752 -0.146834 0.326414
f 2562/2826/2872 2983/2386/2872 2982/2387/2871 2564/2825/2871 

vt 0.754874 0.872831
vn -0.933752 -0.121593 0.336632
f 2560/2827/2873 2984/2385/2873 2983/2386/2872 2562/2826/2872 

vt 0.753896 0.866815
vn -0.933752 -0.095649 0.344902
f 2558/2828/2874 2985/2384/2874 2984/2385/2873 2560/2827/2873 

vt 0.753219 0.860703
vn -0.933752 -0.069151 0.351176
f 2556/2829/2875 2986/2383/2875 2985/2384/2874 2558/2828/2874 

vt 0.752848 0.854529
vn -0.933687 -0.0490295 0.354717
f 2552/2830/2876 2987/2382/2876 2986/2383/2875 2556/2829/2875 

vn -0.933666 -0.0422794 0.355641
f 2555/2741/2877 2895/2381/2877 2987/2382/2876 2552/2830/2876 

vn -0.933666 -0.20056 0.296722
f 2292/1839/2878 2624/2297/2835 2293/1840/2835

vn -0.933666 -0.270589 -0.234627
v 0.117376 1.34613 -1.83744
vt 0.897075 0.500866
v 0.12063 1.34435 -1.84833
vt 0.901931 0.502583
v 0.121587 1.34379 -1.85149
vt 0.90334 0.503111
vn -0.93376 -0.279495 -0.22355
vt 0.923833 0.547989
f 2743/2801/2798 2939/2798/2798 2940/2800/2879 3005/2831/2879 3006/2832/2879 3007/2833/2880 2745/2834/2880 

vt 0.933178 0.472096
vn -0.933676 0.18552 -0.30632
f 2775/2835/2881 3005/2831/2881 2940/2800/2795 2777/2799/2795 

vt 0.935065 0.477822
vn -0.933676 0.177553 -0.311006
f 2773/2836/2882 3006/2832/2882 3005/2831/2881 2775/2835/2881 

vt 0.936854 0.48362
vn -0.933676 0.169467 -0.315484
v 0.123882 1.34209 -1.85927
vt 0.906797 0.50463
vn -0.933666 0.173537 -0.313294
f 2771/2837/2883 3008/2838/2883 3007/2833/2884 3006/2832/2882 2773/2836/2882 

vt 0.938544 0.489487
vn -0.933676 0.161269 -0.319753
v 0.127244 1.33948 -1.87051
vt 0.911785 0.506929
f 2769/2839/2885 3009/2840/2885 3008/2838/2883 2771/2837/2883 

vt 0.940136 0.495419
vn -0.933676 0.152963 -0.323808
v 0.130677 1.33647 -1.88194
vt 0.916849 0.509522
v 0.129208 1.33789 -1.87698
vt 0.914656 0.508315
vn -0.933666 0.157141 -0.321831
f 2767/2841/2886 3010/2842/2886 3011/2843/2887 3009/2840/2885 2769/2839/2885 

vt 0.941626 0.501411
vn -0.933676 0.144555 -0.327648
v 0.134147 1.33298 -1.89348
vt 0.921946 0.51244
f 2765/2844/2888 3012/2845/2888 3010/2842/2886 2767/2841/2886 

vt 0.943016 0.507461
vn -0.933676 0.136052 -0.33127
v 0.137673 1.32904 -1.90515
vt 0.927089 0.515679
v 0.135986 1.33107 -1.8995
vt 0.924605 0.514023
vn -0.933666 0.140325 -0.32951
f 2763/2846/2889 3013/2847/2889 3014/2848/2890 3012/2845/2888 2765/2844/2888 

vt 0.944302 0.513564
vn -0.933676 0.127457 -0.33467
v 0.141247 1.32462 -1.91692
vt 0.932264 0.51925
f 2761/2849/2891 3015/2850/2891 3013/2847/2889 2763/2846/2889 

vt 0.945486 0.519715
vn -0.933676 0.118777 -0.337848
v 0.144788 1.31965 -1.92857
vt 0.937369 0.5232
v 0.141984 1.32369 -1.9193
vt 0.933312 0.519997
vn -0.933666 0.123136 -0.336312
f 2759/2851/2892 3016/2852/2892 3017/2853/2893 3015/2850/2891 2761/2849/2891 

vt 0.946565 0.525911
vn -0.933676 0.110019 -0.340801
v 0.148372 1.31419 -1.94027
vt 0.942483 0.527491
v 0.147285 1.31599 -1.93667
vt 0.940915 0.526088
vn -0.933666 0.114416 -0.339378
f 2757/2854/2894 3018/2855/2894 3019/2856/2895 3016/2852/2892 2759/2851/2892 

vt 0.94754 0.532147
vn -0.933666 0.105619 -0.342217
f 2757/2854/2894 2755/2857/2896 3018/2855/2894

vt 0.942499 0.534141
vn -0.93376 -0.335323 -0.125102
vn -0.933666 -0.340257 -0.111774
f 2753/2858/2897 3019/2856/2897 3018/2855/2898 2755/2857/2898 

vt 0.937578 0.53674
vn -0.93376 -0.324345 -0.151301
vn -0.933666 -0.330321 -0.138406
f 2751/2859/2899 3017/2853/2899 3016/2852/2900 3019/2856/2897 2753/2858/2897 

vt 0.932806 0.539928
vn -0.93376 -0.311325 -0.176547
vn -0.933666 -0.318304 -0.164166
f 2749/2860/2901 3014/2848/2901 3013/2847/2902 3015/2850/2902 3017/2853/2899 2751/2859/2899 

vt 0.928215 0.543686
vn -0.93376 -0.296343 -0.200681
vn -0.933666 -0.304283 -0.188892
f 2747/2861/2903 3011/2843/2903 3010/2842/2904 3012/2845/2904 3014/2848/2901 2749/2860/2901 

vn -0.933666 -0.288344 -0.212429
f 2745/2834/2880 3007/2833/2880 3008/2838/2905 3009/2840/2905 3011/2843/2903 2747/2861/2903 

usemtl FrontColor
v 0.147256 1.31606 -1.93665
vt -76.397 43.6074
vt -76.5439 43.529
vt -76.3982 43.6043
f 3020/2862/2898 3018/2863/2898 3019/2864/2898

usemtl Color_D08
vt 1.56985 37.8988
vn 1.10316e-14 0.158755 0.987318
v 0.152279 0.967919 -1.54275
vt 1.58288 39.2115
vt 1.56985 39.4085
f 2555/2865/2906 2550/2145/2906 2548/2143/2906 2547/2142/2906 2544/2139/2906 2542/2137/2906 2541/2136/2906 2539/2134/2906 2537/2132/2906 2534/2129/2906 2533/2128/2906 2531/2126/2906 3021/2866/2906 2896/2867/2906 

usemtl sulawesi_kris_pamor_weapon_sumatra_weapon_ae66fa6602eece6a74b2dff70e2d4343
v 0.191988 0.946481 -0.043463
vt 0.0770217 0.696523
vn 0.0107068 -0.999742 0.0200217
v 0.186941 0.946805 -0.0434715
vt 0.077035 0.6963
vn -0.128048 -0.991427 0.0259975
v 0.185567 0.935325 -1.53746
vt 0.749925 0.770862
vn -0.128028 -0.99174 0.00773903
vt 0.749948 0.770865
vn -0.0320787 -0.999456 0.00771006
f 3022/2868/2907 3023/2869/2908 3024/2870/2909 2548/2871/2909 2550/2741/2910 

v 0.191988 0.947118 -0.0292062
vt 0.0706158 0.695448
vn 1.51265e-15 -0.983494 0.180943
v 0.186941 0.94744 -0.0292654
vt 0.0706519 0.695229
vn -0.129223 -0.975248 0.179426
f 3025/2872/2911 3026/2873/2912 3023/2869/2908 3022/2868/2907 

v 0.191988 0.951597 -0.0156563
vt 0.0646404 0.691754
vn 1.58987e-15 -0.897567 0.440878
v 0.186941 0.951891 -0.0158007
vt 0.064714 0.691558
vn -0.129223 -0.890041 0.437182
vn 1.51616e-15 -0.983494 0.180943
f 3027/2874/2913 3028/2875/2914 3026/2873/2912 3025/2872/2915 

v 0.191988 0.959583 -0.00382896
vt 0.0595434 0.685718
vn 1.53722e-15 -0.744368 0.66777
v 0.186941 0.959827 -0.00404757
vt 0.0596491 0.685559
vn -0.129223 -0.738127 0.662171
f 3029/2876/2916 3030/2877/2917 3028/2875/2914 3027/2874/2913 

v 0.191988 0.970477 0.00538946
vt 0.0557069 0.677792
vn 1.37929e-15 -0.535379 0.844612
v 0.186941 0.970652 0.00511295
vt 0.0558366 0.677683
vn -0.129223 -0.53089 0.837531
f 3031/2878/2918 3032/2879/2919 3030/2877/2917 3029/2876/2916 

v 0.191988 0.983463 0.011308
vt 0.0534182 0.66857
vn 1.11256e-15 -0.286263 0.958151
v 0.186941 0.983557 0.0109943
vt 0.0535623 0.668519
vn -0.129223 -0.283863 0.950118
vn 1.37578e-15 -0.535379 0.844612
f 3033/2880/2920 3034/2881/2921 3032/2879/2919 3031/2878/2922 

v 0.191988 0.997567 0.0134831
vt 0.0528491 0.658744
vn 7.86159e-16 -0.0156917 0.999877
v 0.186941 0.997572 0.0131557
vt 0.0529968 0.658755
vn -0.129223 -0.0155601 0.991493
f 3035/2882/2923 3036/2883/2924 3034/2881/2921 3033/2880/2920 

v 0.191988 1.01173 0.0117517
vt 0.0540421 0.649049
vn 3.79041e-16 0.256055 0.966662
v 0.186941 1.01165 0.0114352
vt 0.0541823 0.649121
vn -0.129223 0.253909 0.958557
f 3037/2884/2925 3038/2885/2926 3036/2883/2924 3035/2882/2923 

v 0.191988 1.0249 0.00624352
vt 0.0569079 0.640214
vn -6.66831e-17 0.508611 0.860996
v 0.186941 1.02473 0.00596165
vt 0.05703 0.640341
vn -0.129223 0.504347 0.853777
f 3039/2886/2927 3040/2887/2928 3038/2885/2926 3037/2884/2925 

v 0.191988 1.03608 -0.0026285
vt 0.0612315 0.632899
vn -4.94859e-16 0.723047 0.690799
v 0.186941 1.03584 -0.00285465
vt 0.0613265 0.633072
vn -0.129223 0.716985 0.685007
f 3041/2888/2929 3042/2889/2930 3040/2887/2928 3039/2886/2927 

v 0.191988 1.04443 -0.0141995
vt 0.0666891 0.627653
vn -8.7741e-16 0.88329 0.468826
v 0.186941 1.04414 -0.0143529
vt 0.0667498 0.627859
vn -0.129223 0.875884 0.464896
f 3043/2890/2931 3044/2891/2932 3042/2889/2930 3041/2888/2929 

v 0.191988 1.04933 -0.0276021
vt 0.0728715 0.624869
vn -1.20732e-15 0.977331 0.211715
v 0.186941 1.04901 -0.0276714
vt 0.0728934 0.625093
vn -0.129223 0.969137 0.20994
f 3045/2892/2933 3046/2893/2934 3044/2891/2932 3043/2890/2931 

v 0.191988 1.05042 -0.0418319
vt 0.0793154 0.624757
vn -0.0427753 0.99706 0.0635815
v 0.186941 1.05009 -0.0418506
vt 0.0793143 0.624981
vn -0.128047 0.990123 0.0570941
f 3047/2894/2935 3048/2895/2936 3046/2893/2934 3045/2892/2933 

vn -0.0320784 0.998722 0.0390681
vt 0.767659 0.651864
vn -0.128025 0.99101 0.0388532
f 2878/2740/2937 2892/2896/2938 3048/2895/2936 3047/2894/2935 

usemtl Color_D08
vt 3.20033 44.8762
f 2892/2738/2563 2879/2897/2563 2878/2739/2563

v 0.198409 1.10965 -1.56554
vt 3.39903 44.8631
f 2892/2738/2563 3049/2898/2563 2879/2897/2563

f 2891/2737/2563 3049/2898/2563 2892/2738/2563

v 0.20337 1.10868 -1.56538
vt 3.59433 44.8243
f 2891/2737/2563 3050/2899/2563 3049/2898/2563

f 2890/2736/2563 3050/2899/2563 2891/2737/2563

v 0.208159 1.10707 -1.56512
vt 3.78288 44.7603
f 2890/2736/2563 3051/2900/2563 3050/2899/2563

f 2889/2735/2563 3051/2900/2563 2890/2736/2563

v 0.212695 1.10486 -1.56477
vt 3.96147 44.6722
f 2889/2735/2563 3052/2901/2563 3051/2900/2563

f 2888/2734/2563 3052/2901/2563 2889/2735/2563

v 0.216901 1.10209 -1.56432
vt 4.12704 44.5616
f 2888/2734/2563 3053/2902/2563 3052/2901/2563

f 2887/2733/2563 3053/2902/2563 2888/2734/2563

v 0.220703 1.0988 -1.56379
vt 4.27674 44.4303
f 2887/2733/2563 3054/2903/2563 3053/2902/2563

f 2886/2732/2563 3054/2903/2563 2887/2733/2563

v 0.224038 1.09504 -1.56319
vt 4.40804 44.2806
f 2886/2732/2563 3055/2904/2563 3054/2903/2563

f 2885/2731/2563 3055/2904/2563 2886/2732/2563

v 0.226848 1.09089 -1.56252
vt 4.51866 44.115
f 2885/2731/2563 3056/2905/2563 3055/2904/2563

f 2884/2730/2563 3056/2905/2563 2885/2731/2563

v 0.229085 1.08641 -1.5618
vt 4.60673 43.9364
f 2884/2730/2563 3057/2906/2563 3056/2905/2563

v 0.22928 1.08584 -1.56171
vt 4.6144 43.9138
f 2884/2730/2563 3058/2907/2563 3057/2906/2563

f 2883/2729/2563 3058/2907/2563 2884/2730/2563

f 2882/2728/2563 3058/2907/2563 2883/2729/2563

vt 3.09213 43.5448
f 2507/2908/2563 3058/2907/2563 2882/2728/2563

vt 3.12224 43.5418
f 2509/2909/2563 3058/2907/2563 2507/2908/2563

vt 3.15094 43.5329
f 2511/2910/2563 3058/2907/2563 2509/2909/2563

vt 3.17688 43.5186
f 2513/2911/2563 3058/2907/2563 2511/2910/2563

vt 3.19883 43.4994
f 2515/2912/2563 3058/2907/2563 2513/2911/2563

vt 3.21577 43.4764
f 2517/2913/2563 3058/2907/2563 2515/2912/2563

vt 3.22689 43.4506
f 2519/2914/2563 3058/2907/2563 2517/2913/2563

vt 3.35021 43.0172
f 2521/2915/2563 3058/2907/2563 2519/2914/2563

vt 3.462 42.5812
f 2523/2916/2563 3058/2907/2563 2521/2915/2563

vt 3.5622 42.1429
f 2525/2917/2563 3058/2907/2563 2523/2916/2563

vt 3.60888 41.9108
f 2526/2918/2563 3058/2907/2563 2525/2917/2563

f 2526/2918/2563 2529/2114/2563 3058/2907/2563

f 2528/2115/2563 2529/2114/2563 2526/2918/2563

usemtl sulawesi_kris_pamor_weapon_sumatra_weapon_ae66fa6602eece6a74b2dff70e2d4343
vn 0.933666 0.0568573 0.353603
vt 0.76524 0.668115
vt 0.752346 0.754748
f 2699/2379/2939 2880/2740/2939 3058/2919/2939 2529/2743/2939 2530/2920/2939 2554/2741/2939 2701/2381/2939 2700/2380/2939 

vn 0.933674 0.0852436 0.347832
vn 0.933666 0.081256 0.348806
f 2698/2378/2940 2876/2745/2940 2880/2740/2941 2699/2379/2941 

vn 0.933697 0.0971344 0.344637
f 2697/2377/2942 2874/2746/2942 2876/2745/2940 2698/2378/2940 

vn 0.933697 0.112827 0.339823
f 2696/2376/2943 2872/2747/2943 2874/2746/2942 2697/2377/2942 

vn 0.933697 0.128283 0.334295
f 2695/2375/2944 2870/2748/2944 2872/2747/2943 2696/2376/2943 

vn 0.933697 0.143469 0.328064
f 2694/2374/2945 2868/2749/2945 2870/2748/2944 2695/2375/2944 

vn 0.933697 0.158354 0.321144
f 2693/2373/2946 2866/2750/2946 2868/2749/2945 2694/2374/2945 

vn 0.933697 0.172905 0.313549
f 2692/2372/2947 2864/2751/2947 2866/2750/2946 2693/2373/2946 

vn 0.933697 0.187094 0.305295
f 2691/2371/2948 2862/2752/2948 2864/2751/2947 2692/2372/2947 

vn 0.933697 0.200889 0.2964
f 2690/2370/2949 2860/2753/2949 2862/2752/2948 2691/2371/2948 

vn 0.933697 0.214262 0.286882
f 2689/2369/2950 2858/2754/2950 2860/2753/2949 2690/2370/2949 

vn 0.933697 0.227185 0.276761
f 2688/2368/2951 2856/2755/2951 2858/2754/2950 2689/2369/2950 

vn 0.933697 0.23963 0.266058
f 2687/2367/2952 2854/2756/2952 2856/2755/2951 2688/2368/2951 

vn 0.933709 0.25253 0.253804
f 2686/2366/2953 2852/2757/2953 2854/2756/2952 2687/2367/2952 

vn 0.933722 0.266648 0.238877
f 2685/2365/2954 2850/2758/2954 2852/2757/2953 2686/2366/2953 

vn 0.933722 0.280769 0.222108
f 2684/2364/2955 2848/2759/2955 2850/2758/2954 2685/2365/2954 

vn 0.933722 0.293837 0.204507
f 2683/2363/2956 2846/2760/2956 2848/2759/2955 2684/2364/2955 

vn 0.933722 0.305804 0.186138
f 2682/2362/2957 2844/2761/2957 2846/2760/2956 2683/2363/2956 

vn 0.933722 0.316623 0.167072
f 2681/2361/2958 2842/2762/2958 2844/2761/2957 2682/2362/2957 

vn 0.933722 0.326256 0.147379
f 2680/2360/2959 2840/2763/2959 2842/2762/2958 2681/2361/2958 

vn 0.933722 0.334665 0.127134
f 2679/2359/2960 2838/2764/2960 2840/2763/2959 2680/2360/2959 

vn 0.933722 0.341819 0.106411
f 2678/2358/2961 2836/2765/2961 2838/2764/2960 2679/2359/2960 

vn 0.933722 0.347691 0.08529
f 2677/2357/2962 2834/2766/2962 2836/2765/2961 2678/2358/2961 

vn 0.933722 0.352259 0.0638488
f 2676/2356/2963 2832/2767/2963 2834/2766/2962 2677/2357/2962 

vn 0.933722 0.355507 0.0421683
f 2675/2355/2964 2830/2768/2964 2832/2767/2963 2676/2356/2963 

vn 0.933691 0.35728 0.0239134
f 2674/2354/2965 2828/2769/2965 2830/2768/2964 2675/2355/2964 

vn 0.933673 0.357901 0.0127577
f 2673/2353/2966 2826/2770/2966 2828/2769/2965 2674/2354/2965 

vn 0.933673 0.358091 0.00517284
f 2672/2352/2967 2824/2771/2967 2826/2770/2966 2673/2353/2966 

vn 0.933673 0.35812 -0.00241438
f 2671/2351/2968 2822/2772/2968 2824/2771/2967 2672/2352/2967 

vn 0.933673 0.357988 -0.0100005
f 2670/2350/2969 2820/2773/2969 2822/2772/2968 2671/2351/2968 

vn 0.933673 0.357696 -0.0175822
f 2669/2349/2970 2818/2774/2970 2820/2773/2969 2670/2350/2969 

vn 0.933673 0.357243 -0.0251559
f 2668/2348/2971 2816/2775/2971 2818/2774/2970 2669/2349/2970 

vn 0.933673 0.35663 -0.0327184
f 2667/2347/2972 2814/2776/2972 2816/2775/2971 2668/2348/2971 

vn 0.933673 0.355857 -0.0402662
f 2666/2346/2973 2812/2777/2973 2814/2776/2972 2667/2347/2972 

vn 0.933673 0.354924 -0.0477959
f 2665/2345/2974 2810/2778/2974 2812/2777/2973 2666/2346/2973 

vn 0.933673 0.353832 -0.0553041
f 2664/2344/2975 2808/2779/2975 2810/2778/2974 2665/2345/2974 

vn 0.933673 0.352581 -0.0627875
f 2663/2343/2976 2806/2780/2976 2808/2779/2975 2664/2344/2975 

v 0.268108 1.35069 -1.82135
vn 0.933693 0.350332 -0.0740533
vn 0.933666 0.351913 -0.0665221
v 0.269013 1.34856 -1.81993
f 3059/2782/2977 2804/2781/2977 2806/2780/2976 2663/2343/2976 2662/2342/2978 3060/2783/2978 

v 0.267068 1.3531 -1.82296
vn 0.936614 0.291905 -0.193768
vn 0.933729 0.345748 -0.0927859
v 0.268001 1.35094 -1.82152
vn 0.933666 0.34873 -0.0815801
f 3061/2785/2979 2802/2784/2980 2804/2781/2977 3059/2782/2977 3062/2786/2981 

vn 0.933729 0.339018 -0.114969
f 2800/2787/2982 2802/2784/2980 3061/2785/2979

vn 0.933729 0.330866 -0.136669
f 2798/2788/2983 2800/2787/2982 3061/2785/2979

vn 0.933729 0.321327 -0.157797
f 2796/2789/2984 2798/2788/2983 3061/2785/2979

vn 0.933729 0.310441 -0.178263
f 2794/2790/2985 2796/2789/2984 3061/2785/2979

vn 0.933729 0.298252 -0.197981
f 2792/2791/2986 2794/2790/2985 3061/2785/2979

vn 0.933729 0.284813 -0.216869
f 2790/2792/2987 2792/2791/2986 3061/2785/2979

vn 0.933729 0.27018 -0.234848
f 2788/2793/2988 2790/2792/2987 3061/2785/2979

vn 0.933729 0.254414 -0.251842
f 2786/2794/2989 2788/2793/2988 3061/2785/2979

vn 0.933729 0.237581 -0.26778
f 2784/2795/2990 2786/2794/2989 3061/2785/2979

vn 0.933729 0.219752 -0.282595
f 2782/2796/2991 2784/2795/2990 3061/2785/2979

vn 0.933696 0.203924 -0.294323
f 3062/2786/2992 2780/2797/2992 2782/2796/2991 3061/2785/2979 

vn 0.933666 0.197252 -0.298931
v 0.268137 1.34828 -1.82286
v 0.266927 1.3477 -1.82701
vn 0.933676 0.193363 -0.30143
f 3060/2783/2993 3063/2798/2993 3064/2800/2994 2778/2799/2994 2780/2797/2992 3062/2786/2992 3059/2782/2993 

vn 0.933666 -0.251129 -0.255347
vn 0.93376 -0.240633 -0.26493
vn 0.93376 -0.260886 -0.245012
f 2662/2342/2995 2661/2341/2996 2742/2802/2996 2744/2801/2997 3063/2798/2997 3060/2783/2995 

vn 0.93376 -0.218865 -0.283179
f 2660/2340/2998 2740/2803/2998 2742/2802/2996 2661/2341/2996 

vn 0.93376 -0.195718 -0.299644
f 2659/2339/2999 2738/2804/2999 2740/2803/2998 2660/2340/2998 

vn 0.93376 -0.171338 -0.314222
f 2658/2338/3000 2736/2805/3000 2738/2804/2999 2659/2339/2999 

f 2657/2337/2659 2733/2431/2659 2736/2805/3000 2658/2338/3000 

vn 0.93376 -0.279495 -0.22355
v 0.259641 1.34379 -1.85149
v 0.260598 1.34435 -1.84833
vn 0.933666 -0.270589 -0.234627
v 0.263852 1.34613 -1.83744
f 3063/2798/2997 2744/2801/2997 2746/2834/3001 3065/2833/3001 3066/2832/3002 3067/2831/3002 3064/2800/3002 

vn 0.93376 -0.296343 -0.200681
v 0.25202 1.33789 -1.87698
v 0.253984 1.33948 -1.87051
vn 0.933666 -0.288344 -0.212429
v 0.257346 1.34209 -1.85927
f 3065/2833/3001 2746/2834/3001 2748/2861/3003 3068/2843/3003 3069/2840/3004 3070/2838/3004 

vn 0.93376 -0.311325 -0.176547
v 0.245242 1.33107 -1.8995
v 0.247082 1.33298 -1.89348
vn 0.933666 -0.304283 -0.188892
v 0.250551 1.33647 -1.88194
f 3068/2843/3003 2748/2861/3003 2750/2860/3005 3071/2848/3005 3072/2845/3006 3073/2842/3006 

vn 0.93376 -0.324345 -0.151301
v 0.239245 1.32369 -1.9193
v 0.239981 1.32462 -1.91692
vn 0.933666 -0.318304 -0.164166
v 0.243555 1.32904 -1.90515
f 3071/2848/3005 2750/2860/3005 2752/2859/3007 3074/2853/3007 3075/2850/3008 3076/2847/3008 

vn 0.93376 -0.335323 -0.125102
v 0.233943 1.31599 -1.93667
v 0.23644 1.31965 -1.92857
vn 0.933666 -0.330321 -0.138406
f 3074/2853/3007 2752/2859/3007 2754/2858/3009 3077/2856/3009 3078/2852/3010 

vn 0.933666 -0.340257 -0.111774
v 0.232856 1.31419 -1.94027
f 3077/2856/3009 2754/2858/3009 2756/2857/3011 3079/2855/3011 

vn 0.933666 0.105619 -0.342217
vn 0.933676 0.110019 -0.340801
f 2756/2857/3012 2758/2854/3013 3079/2855/3013

vn 0.933676 0.118777 -0.337848
vn 0.933666 0.114416 -0.339378
f 3079/2855/3013 2758/2854/3013 2760/2851/3014 3078/2852/3014 3077/2856/3015 

vn 0.933676 0.127457 -0.33467
vn 0.933666 0.123136 -0.336312
f 3078/2852/3014 2760/2851/3014 2762/2849/3016 3075/2850/3016 3074/2853/3017 

vn 0.933676 0.136052 -0.33127
f 3075/2850/3016 2762/2849/3016 2764/2846/3018 3076/2847/3018 

vn 0.933676 0.144555 -0.327648
vn 0.933666 0.140325 -0.32951
f 3076/2847/3018 2764/2846/3018 2766/2844/3019 3072/2845/3019 3071/2848/3020 

vn 0.933676 0.152963 -0.323808
f 3072/2845/3019 2766/2844/3019 2768/2841/3021 3073/2842/3021 

vn 0.933676 0.161269 -0.319753
vn 0.933666 0.157141 -0.321831
f 3073/2842/3021 2768/2841/3021 2770/2839/3022 3069/2840/3022 3068/2843/3023 

vn 0.933676 0.169467 -0.315484
f 3069/2840/3022 2770/2839/3022 2772/2837/3024 3070/2838/3024 

vn 0.933676 0.177553 -0.311006
vn 0.933666 0.173537 -0.313294
f 3070/2838/3024 2772/2837/3024 2774/2836/3025 3066/2832/3025 3065/2833/3026 

vn 0.933676 0.18552 -0.30632
f 3066/2832/3025 2774/2836/3025 2776/2835/3027 3067/2831/3027 

f 3067/2831/3027 2776/2835/3027 2778/2799/2994 3064/2800/2994 

usemtl Color_D08
vt 4.6144 44.8762
vn -9.19608e-15 0.158755 0.987318
f 2880/2921/3028 2879/2897/3028 3049/2898/3028 3050/2899/3028 3051/2900/3028 3052/2901/3028 3053/2902/3028 3054/2903/3028 3055/2904/3028 3056/2905/3028 3057/2906/3028 3058/2907/3028 

usemtl sulawesi_kris_pamor_weapon_sumatra_weapon_ae66fa6602eece6a74b2dff70e2d4343
v 0.197035 1.05009 -0.0418506
vn 4.52809e-05 -0.0575761 0.998341
vn -0.999485 0.0320892 0.000352898
vn -0.128025 -0.99101 -0.0388532
f 3080/2895/3029 3047/2894/2935 2879/2740/3030 3049/2896/3031 

v 0.197035 1.04901 -0.0276714
vn 0.129223 0.969137 0.20994
f 3080/2895/3029 3047/2894/2935 3045/2892/2933 3081/2893/3032 

v 0.197035 1.04414 -0.0143529
vn 0.129223 0.875884 0.464896
f 3081/2893/3032 3045/2892/2933 3043/2890/2931 3082/2891/3033 

vn -4.98369e-16 0.723047 0.690799
v 0.197035 1.03584 -0.00285465
vn 0.129223 0.716985 0.685007
f 3082/2891/3033 3043/2890/2931 3041/2888/3034 3083/2889/3035 

vn -7.01928e-17 0.508611 0.860996
v 0.197035 1.02473 0.00596165
vn 0.129223 0.504347 0.853777
f 3083/2889/3035 3041/2888/3034 3039/2886/3036 3084/2887/3037 

v 0.197035 1.01165 0.0114352
vn 0.129223 0.253909 0.958557
f 3084/2887/3037 3039/2886/3036 3037/2884/2925 3085/2885/3038 

v 0.197035 0.997572 0.0131557
vn 0.129223 -0.0155601 0.991493
f 3085/2885/3038 3037/2884/2925 3035/2882/2923 3086/2883/3039 

vn 1.11606e-15 -0.286263 0.958151
v 0.197035 0.983557 0.0109943
vn 0.129223 -0.283863 0.950118
f 3086/2883/3039 3035/2882/2923 3033/2880/3040 3087/2881/3041 

v 0.197035 0.970652 0.00511295
vn 0.129223 -0.53089 0.837531
f 3087/2881/3041 3033/2880/2920 3031/2878/2922 3088/2879/3042 

vn 1.37227e-15 -0.535379 0.844612
v 0.197035 0.959827 -0.00404757
vn 0.129223 -0.738127 0.662171
f 3088/2879/3042 3031/2878/3043 3029/2876/2916 3089/2877/3044 

vn 1.58636e-15 -0.897567 0.440878
v 0.197035 0.951891 -0.0158007
vn 0.129223 -0.890041 0.437182
f 3089/2877/3044 3029/2876/2916 3027/2874/3045 3090/2875/3046 

v 0.197035 0.94744 -0.0292654
vn 0.129223 -0.975248 0.179426
f 3090/2875/3046 3027/2874/2913 3025/2872/2915 3091/2873/3047 

vn 1.51967e-15 -0.983494 0.180943
v 0.197035 0.946805 -0.0434715
vn 0.128048 -0.991427 0.0259975
f 3091/2873/3047 3025/2872/3048 3022/2868/2907 3092/2869/3049 

v 0.198409 0.935325 -1.53746
vn 0.106746 -0.994256 0.00773879
f 3092/2869/3049 3022/2868/2907 3093/2870/3050

vn 0.0320787 -0.999456 0.00771006
vn 0.128028 -0.99174 0.00773903
f 2551/2741/3051 2549/2871/3052 3093/2870/3050 3022/2868/2907 

usemtl Color_D08
vt 4.6144 37.8988
vn -1.15989e-14 0.158755 0.987318
f 2554/2922/3053 2530/2120/3053 2532/2127/3053 2535/2130/3053 2536/2131/3053 2538/2133/3053 2540/2135/3053 2543/2138/3053 2545/2140/3053 2546/2141/3053 2549/2144/3053 2551/2146/3053 

usemtl sulawesi_kris_pamor_weapon_sumatra_weapon_ae66fa6602eece6a74b2dff70e2d4343
v 0.229085 0.9584 -1.53763
vt 0.750678 0.754953
vn 0.92118 -0.389122 0.0034141
vt 0.752289 0.755131
vn 0.921179 -0.389129 0.00299035
vn 0.944957 -0.327185 0.00251433
v 0.230711 0.963062 -1.54197
vt 0.752766 0.75193
vn 0.964631 -0.263596 0.00202567
v 0.230711 0.963095 -1.53767
vt 0.750831 0.751716
vn 0.964632 -0.263589 0.00246942
f 3094/2923/3054 2532/2924/3055 2530/2920/3056 3095/2925/3057 3096/2926/3058 

v 0.226848 0.953953 -1.5376
vt 0.750533 0.758019
vn 0.872705 -0.488229 0.00428013
vt 0.751838 0.758163
vn 0.861725 -0.507357 0.00427954
f 3097/2927/3059 2535/2928/3060 2532/2924/3055 3094/2923/3054 

v 0.222664 0.961309 -0.043851
vt 0.0776286 0.686312
vn 0.78758 -0.615992 0.0164785
v 0.224038 0.94983 -1.53757
vt 0.750398 0.760861
vn 0.787542 -0.616236 0.00545961
vt 0.75142 0.760974
v 0.225474 0.965431 -0.0439588
vt 0.0777973 0.683474
vn 0.861756 -0.507138 0.0136647
f 3098/2929/3061 3099/2930/3062 2536/2931/3062 2535/2928/3060 3097/2927/3059 3100/2932/3063 

v 0.220703 0.946102 -1.53754
vt 0.750277 0.763431
vn 0.70014 -0.713979 0.00613049
vt 0.751041 0.763516
v 0.219329 0.957582 -0.0437534
vt 0.0774761 0.688879
vn 0.700189 -0.713705 0.0189947
f 3101/2933/3064 2538/2934/3064 2536/2931/3062 3099/2930/3062 3098/2929/3061 3102/2935/3065 

v 0.215527 0.954313 -0.0436679
vt 0.0773423 0.69113
vn 0.601288 -0.798752 0.0211743
v 0.216901 0.942833 -1.53751
vt 0.75017 0.765685
vn 0.583729 -0.81192 0.00677625
vt 0.75071 0.765745
vn 0.601237 -0.799043 0.00669332
f 3102/2935/3065 3103/2936/3066 3104/2937/3067 2540/2938/3068 2538/2934/3064 3101/2933/3064 

v 0.219329 0.958141 -0.0312342
vt 0.0718509 0.687935
vn 0.70349 -0.698974 0.128597
v 0.215527 0.954895 -0.030637
vt 0.0714872 0.690147
vn 0.604849 -0.783195 0.144092
f 3105/2939/3069 3106/2940/3070 3103/2936/3066 3102/2935/3065 

v 0.219329 0.961657 -0.0205977
vt 0.0671603 0.685035
vn 0.70349 -0.637906 0.313335
v 0.215527 0.958695 -0.0191427
vt 0.0664183 0.687013
vn 0.604849 -0.714769 0.351089
f 3107/2941/3071 3108/2942/3072 3106/2940/3070 3105/2939/3069 

v 0.219329 0.967926 -0.0113134
vt 0.0631592 0.680296
vn 0.70349 -0.529026 0.474588
v 0.215527 0.965469 -0.00910947
vt 0.0620945 0.681893
vn 0.604849 -0.59277 0.531772
f 3109/2943/3073 3110/2944/3074 3108/2942/3072 3107/2941/3071 

v 0.219329 0.976478 -0.004077
vt 0.0601475 0.674075
vn 0.70349 -0.380496 0.60027
v 0.215527 0.974711 -0.00128947
vt 0.0588399 0.675169
vn 0.604849 -0.426343 0.672599
f 3111/2945/3075 3112/2946/3076 3110/2944/3074 3109/2943/3073 

v 0.219329 0.986671 0.000568987
vt 0.058351 0.666836
vn 0.70349 -0.203448 0.680963
v 0.215527 0.985727 0.00373124
vt 0.0568985 0.667346
vn 0.604849 -0.227963 0.763014
f 3113/2947/3077 3114/2948/3078 3112/2946/3076 3111/2945/3075 

v 0.219329 0.997743 0.0022764
vt 0.0579042 0.659122
vn 0.70349 -0.0111522 0.710618
v 0.215527 0.997691 0.00557636
vt 0.0564157 0.659011
vn 0.604849 -0.0124959 0.796242
f 3115/2949/3079 3116/2950/3080 3114/2948/3078 3113/2947/3077 

v 0.219329 1.00886 0.000917253
vt 0.0588407 0.651512
vn 0.70349 0.18198 0.687012
v 0.215527 1.00971 0.0041076
vt 0.0574277 0.650787
vn 0.604849 0.203907 0.769792
f 3117/2951/3081 3118/2952/3082 3116/2950/3080 3115/2949/3079 

v 0.219329 1.0192 -0.00340657
vt 0.0610903 0.644576
vn 0.70349 0.361473 0.611915
v 0.215527 1.02088 -0.000564967
vt 0.0598587 0.643292
vn 0.604849 0.405028 0.685646
f 3119/2953/3083 3120/2954/3084 3118/2952/3082 3117/2951/3081 

v 0.219329 1.02797 -0.010371
vt 0.0644843 0.638834
vn 0.70349 0.513873 0.490954
v 0.215527 1.03036 -0.00809112
vt 0.0635265 0.637087
vn 0.604849 0.575791 0.550111
f 3121/2955/3085 3122/2956/3086 3120/2954/3084 3119/2953/3083 

v 0.219329 1.03453 -0.0194541
vt 0.0687685 0.634716
vn 0.70349 0.627759 0.333197
v 0.215527 1.03744 -0.0179068
vt 0.0681562 0.632637
vn 0.604849 0.7034 0.373345
f 3123/2957/3087 3124/2958/3088 3122/2956/3086 3121/2955/3085 

v 0.219329 1.03838 -0.029975
vt 0.0736216 0.632531
vn 0.70349 0.694595 0.150467
v 0.215527 1.0416 -0.0292763
vt 0.0734007 0.630275
vn 0.604849 0.778288 0.168598
f 3125/2959/3089 3126/2960/3090 3124/2958/3088 3123/2957/3087 

v 0.219329 1.03933 -0.0424705
vt 0.0792801 0.632432
vn 0.00111687 -0.0590638 0.998254
v 0.215527 1.04259 -0.0422825
vt 0.0792905 0.630172
vn 0.00082028 -0.0584791 0.998288
f 3127/2961/3091 3128/2962/3092 3126/2960/3090 3125/2959/3089 

vt 0.766891 0.657026
vn -0.601196 -0.798471 -0.0317544
vt 0.766556 0.659274
vn -0.700093 -0.713482 -0.0285218
f 3127/2961/3091 3128/2962/3092 3053/2963/3093 3054/2964/3094 

v 0.211321 1.04534 -0.042124
vt 0.0792992 0.628268
vn 0.000550649 -0.0580866 0.998311
vt 0.767173 0.655133
vn -0.492627 -0.869559 -0.0344349
f 3128/2962/3092 3129/2965/3095 3052/2966/3096 3053/2963/3093 

v 0.211321 1.04432 -0.0286875
vt 0.0732146 0.628374
vn 0.496178 0.84854 0.183816
f 3128/2962/3092 3129/2965/3095 3130/2967/3097 3126/2960/3090 

v 0.206785 1.04753 -0.0419979
vt 0.0793062 0.626751
vn 0.000323558 -0.0578314 0.998326
v 0.206785 1.04648 -0.0282188
vt 0.0730664 0.626861
vn 0.379359 0.904275 0.19589
f 3129/2965/3095 3131/2968/3098 3132/2969/3099 3130/2967/3097 

vt 0.767397 0.653625
vn -0.376285 -0.925784 -0.0365276
f 3129/2965/3095 3131/2968/3098 3051/2970/3100 3052/2966/3096 

v 0.201996 1.04913 -0.0419062
vt 0.0793113 0.62565
vn 0.000151934 -0.0576728 0.998336
vt 0.76756 0.652529
vn -0.254102 -0.96643 -0.0380062
f 3131/2968/3098 3133/2971/3101 3050/2972/3102 3051/2970/3100 

v 0.201996 1.04806 -0.0278782
vt 0.0729588 0.625761
vn 0.256364 0.944669 0.20464
f 3131/2968/3098 3133/2971/3101 3134/2973/3103 3132/2969/3099 

f 3133/2971/3101 3080/2895/3029 3081/2893/3032 3134/2973/3103 

f 3133/2971/3101 3080/2895/3029 3049/2896/3031 3050/2972/3102 

v 0.201996 1.04328 -0.0148108
vt 0.066931 0.628475
vn 0.256364 0.853771 0.453158
f 3134/2973/3103 3081/2893/3032 3082/2891/3033 3135/2974/3104 

v 0.201996 1.03513 -0.00352924
vt 0.06161 0.633589
vn 0.256364 0.698883 0.667713
f 3135/2974/3104 3082/2891/3033 3083/2889/3035 3136/2975/3105 

v 0.201996 1.02423 0.00512086
vt 0.0573944 0.640721
vn 0.256364 0.491614 0.832222
f 3136/2975/3105 3083/2889/3035 3084/2887/3037 3137/2976/3106 

v 0.201996 1.0114 0.0104912
vt 0.0546004 0.649336
vn 0.256364 0.247498 0.934356
f 3137/2976/3106 3084/2887/3037 3085/2885/3038 3138/2977/3107 

v 0.201996 0.997588 0.0121793
vt 0.0534372 0.658788
vn 0.256364 -0.0151673 0.966461
f 3138/2977/3107 3085/2885/3038 3086/2883/3039 3139/2978/3108 

v 0.201996 0.983836 0.0100587
vt 0.0539921 0.668368
vn 0.256364 -0.276696 0.92613
f 3139/2978/3108 3086/2883/3039 3087/2881/3041 3140/2979/3109 

v 0.201996 0.971175 0.00428816
vt 0.0562235 0.677359
vn 0.256364 -0.517486 0.816386
f 3140/2979/3109 3087/2881/3041 3088/2879/3042 3141/2980/3110 

v 0.201996 0.960554 -0.00469967
vt 0.0599641 0.685087
vn 0.256364 -0.719491 0.645453
f 3141/2980/3110 3088/2879/3042 3089/2877/3044 3142/2981/3111 

v 0.201996 0.952767 -0.0162312
vt 0.0649336 0.690972
vn 0.256364 -0.86757 0.426144
f 3142/2981/3111 3089/2877/3044 3090/2875/3046 3143/2982/3112 

v 0.201996 0.9484 -0.0294421
vt 0.0707595 0.694574
vn 0.256364 -0.950625 0.174896
f 3143/2982/3112 3090/2875/3046 3091/2873/3047 3144/2983/3113 

v 0.201996 0.947773 -0.0434968
vt 0.0770746 0.695634
vn 0.266589 -0.963563 0.0218474
f 3144/2983/3113 3091/2873/3047 3092/2869/3049 3145/2984/3114 

vt 0.750046 0.770205
vn 0.254112 -0.967144 0.00766599
v 0.20337 0.936292 -1.53746
vt 0.749957 0.770195
f 2546/2985/3115 3146/2986/3115 3145/2984/3114 3092/2869/3049 3093/2870/3050 2549/2871/3052 

vt 0.750208 0.769118
vn 0.376304 -0.926466 0.00746576
v 0.208159 0.937886 -1.53748
vt 0.750009 0.769096
v 0.208159 0.937886 -1.53736
vt 0.749958 0.769091
vn 0.356261 -0.934356 0.00750796
f 2546/2985/3115 2545/2987/3116 3147/2988/3116 3148/2989/3117 3145/2984/3114 3146/2986/3115 

vt 0.75043 0.767623
vn 0.492659 -0.870193 0.0071403
v 0.212695 0.940079 -1.53749
vt 0.75008 0.767584
vn 0.473722 -0.880645 0.00720324
v 0.206785 0.949366 -0.0435385
vt 0.0771398 0.694536
vn 0.388294 -0.921296 0.0209884
f 2545/2987/3116 2543/2990/3118 3149/2991/3119 3150/2992/3120 3148/2989/3117 3147/2988/3116 

v 0.211321 0.951559 -0.0435959
vt 0.0772295 0.693027
vn 0.503961 -0.8635 0.0197762
f 3151/2993/3121 3149/2991/3119 2543/2990/3118 2540/2938/3068 3104/2937/3067 

f 3151/2993/3121 3150/2992/3120 3149/2991/3119

v 0.211321 0.95216 -0.0301339
vt 0.0711807 0.692011
vn 0.496178 -0.85389 0.157099
v 0.206785 0.949983 -0.0297333
vt 0.0709368 0.693495
vn 0.379359 -0.909977 0.167417
f 3152/2994/3122 3153/2995/3123 3150/2992/3120 3151/2993/3121 

v 0.211321 0.956199 -0.0179166
vt 0.0657931 0.68868
vn 0.496178 -0.779286 0.38278
v 0.206785 0.954212 -0.0169406
vt 0.0652953 0.690008
vn 0.379359 -0.830473 0.407922
f 3154/2996/3124 3155/2997/3125 3153/2995/3123 3152/2994/3122 

v 0.211321 0.963399 -0.00725246
vt 0.0611974 0.683238
vn 0.496178 -0.646276 0.579772
v 0.206785 0.961751 -0.00577409
vt 0.0604831 0.684309
vn 0.379359 -0.688726 0.617854
f 3156/2998/3126 3157/2999/3127 3155/2997/3125 3154/2996/3124 

v 0.211321 0.973222 0.00105933
vt 0.0577381 0.676091
vn 0.496178 -0.464827 0.73331
v 0.206785 0.972037 0.00292921
vt 0.056861 0.676826
vn 0.379359 -0.495359 0.781477
f 3158/3000/3128 3159/3001/3129 3157/2999/3127 3156/2998/3126 

v 0.211321 0.984931 0.00639578
vt 0.0556746 0.667777
vn 0.496178 -0.248539 0.831887
v 0.206785 0.984297 0.00851702
vt 0.0547002 0.668119
vn 0.379359 -0.264864 0.886529
f 3160/3002/3130 3161/3003/3131 3159/3001/3129 3158/3000/3128 

v 0.211321 0.997648 0.00835694
vt 0.0551614 0.658917
vn 0.496178 -0.0136239 0.868114
v 0.206785 0.997613 0.0105706
vt 0.0541629 0.658842
vn 0.379359 -0.0145187 0.925136
f 3162/3004/3132 3163/3005/3133 3161/3003/3131 3160/3002/3130 

v 0.211321 1.01042 0.00679581
vt 0.0562371 0.650176
vn 0.496178 0.222313 0.839276
v 0.206785 1.01099 0.00893589
vt 0.0552892 0.64969
vn 0.379359 0.236915 0.894404
f 3164/3006/3134 3165/3007/3135 3163/3005/3133 3162/3004/3132 

v 0.211321 1.02229 0.00182939
vt 0.058821 0.642209
vn 0.496178 0.441587 0.747535
v 0.206785 1.02342 0.00373554
vt 0.0579948 0.641348
vn 0.379359 0.470592 0.796636
f 3166/3008/3136 3167/3009/3137 3165/3007/3135 3164/3006/3134 

v 0.211321 1.03237 -0.00617007
vt 0.0627194 0.635614
vn 0.496178 0.627765 0.599766
v 0.206785 1.03397 -0.00464072
vt 0.0620769 0.634441
vn 0.379359 0.668999 0.639161
f 3168/3010/3138 3169/3011/3139 3167/3009/3137 3166/3008/3136 

v 0.211321 1.0399 -0.016603
vt 0.0676402 0.630884
vn 0.496178 0.766891 0.407045
v 0.206785 1.04186 -0.0155651
vt 0.0672295 0.629489
vn 0.379359 0.817264 0.433781
f 3170/3012/3140 3171/3013/3141 3169/3011/3139 3168/3010/3138 

f 3130/2967/3097 3132/2969/3099 3171/3013/3141 3170/3012/3140 

f 3132/2969/3099 3134/2973/3103 3135/2974/3104 3171/3013/3141 

f 3171/3013/3141 3135/2974/3104 3136/2975/3105 3169/3011/3139 

f 3169/3011/3139 3136/2975/3105 3137/2976/3106 3167/3009/3137 

f 3167/3009/3137 3137/2976/3106 3138/2977/3107 3165/3007/3135 

f 3165/3007/3135 3138/2977/3107 3139/2978/3108 3163/3005/3133 

f 3163/3005/3133 3139/2978/3108 3140/2979/3109 3161/3003/3131 

f 3161/3003/3131 3140/2979/3109 3141/2980/3110 3159/3001/3129 

f 3159/3001/3129 3141/2980/3110 3142/2981/3111 3157/2999/3127 

f 3157/2999/3127 3142/2981/3111 3143/2982/3112 3155/2997/3125 

f 3155/2997/3125 3143/2982/3112 3144/2983/3113 3153/2995/3123 

f 3153/2995/3123 3144/2983/3113 3145/2984/3114 3150/2992/3120 

f 3150/2992/3120 3145/2984/3114 3148/2989/3117

f 3126/2960/3090 3130/2967/3097 3170/3012/3140 3124/2958/3088 

f 3124/2958/3088 3170/3012/3140 3168/3010/3138 3122/2956/3086 

f 3122/2956/3086 3168/3010/3138 3166/3008/3136 3120/2954/3084 

f 3120/2954/3084 3166/3008/3136 3164/3006/3134 3118/2952/3082 

f 3118/2952/3082 3164/3006/3134 3162/3004/3132 3116/2950/3080 

f 3116/2950/3080 3162/3004/3132 3160/3002/3130 3114/2948/3078 

f 3114/2948/3078 3160/3002/3130 3158/3000/3128 3112/2946/3076 

f 3112/2946/3076 3158/3000/3128 3156/2998/3126 3110/2944/3074 

f 3110/2944/3074 3156/2998/3126 3154/2996/3124 3108/2942/3072 

f 3108/2942/3072 3154/2996/3124 3152/2994/3122 3106/2940/3070 

f 3106/2940/3070 3152/2994/3122 3151/2993/3121 3103/2936/3066 

f 3103/2936/3066 3151/2993/3121 3104/2937/3067

v 0.222664 1.03561 -0.042685
vt 0.0792683 0.635009
vn 0.00142374 -0.0599271 0.998202
vt 0.766175 0.661837
vn -0.787491 -0.615828 -0.0247839
f 3172/3014/3142 3127/2961/3091 3054/2964/3094 3055/3015/3143 

v 0.222664 1.0347 -0.0307718
vt 0.0738735 0.635104
vn 0.79034 0.59878 0.129711
f 3172/3014/3142 3127/2961/3091 3125/2959/3089 3173/3016/3144 

v 0.222664 1.03121 -0.0212184
vt 0.0694667 0.637088
vn 0.79034 0.541164 0.287235
f 3173/3016/3144 3125/2959/3089 3123/2957/3087 3174/3017/3145 

v 0.222664 1.02525 -0.0129707
vt 0.0655765 0.640827
vn 0.79034 0.442988 0.423231
f 3174/3017/3145 3123/2957/3087 3121/2955/3085 3175/3018/3146 

v 0.222664 1.01728 -0.00664681
vt 0.0624947 0.646041
vn 0.79034 0.31161 0.527505
f 3175/3018/3146 3121/2955/3085 3119/2953/3083 3176/3019/3147 

v 0.222664 1.0079 -0.00272064
vt 0.060452 0.652339
vn 0.79034 0.156877 0.592244
f 3176/3019/3147 3119/2953/3083 3117/2951/3081 3177/3020/3148 

v 0.222664 0.997802 -0.00148649
vt 0.0596016 0.659249
vn 0.79034 -0.00961381 0.612593
f 3177/3020/3148 3117/2951/3081 3115/2949/3079 3178/3021/3149 

v 0.222664 0.987749 -0.00303687
vt 0.0600073 0.666253
vn 0.79034 -0.175384 0.587029
f 3178/3021/3149 3115/2949/3079 3113/2947/3077 3179/3022/3150 

v 0.222664 0.978493 -0.00725558
vt 0.0616386 0.672827
vn 0.79034 -0.32801 0.517467
f 3179/3022/3150 3113/2947/3077 3111/2945/3075 3180/3023/3151 

v 0.222664 0.970727 -0.0138264
vt 0.0643733 0.678476
vn 0.79034 -0.456051 0.409122
f 3180/3023/3151 3111/2945/3075 3109/2943/3073 3181/3024/3152 

v 0.222664 0.965035 -0.0222569
vt 0.0680064 0.682779
vn 0.79034 -0.549911 0.270112
f 3181/3024/3152 3109/2943/3073 3107/2941/3071 3182/3025/3153 

v 0.222664 0.961842 -0.0319152
vt 0.0722656 0.685412
vn 0.79034 -0.602556 0.110858
f 3182/3025/3153 3107/2941/3071 3105/2939/3069 3183/3026/3154 

f 3183/3026/3154 3105/2939/3069 3102/2935/3065 3098/2929/3061 

v 0.225474 0.965935 -0.0326683
vt 0.0727242 0.682622
vn 0.863802 -0.495514 0.0911647
f 3184/3027/3155 3183/3026/3154 3098/2929/3061 3100/2932/3063 

v 0.225474 0.968771 -0.0240918
vt 0.0689421 0.680284
vn 0.863802 -0.452222 0.222128
f 3185/3028/3156 3182/3025/3153 3183/3026/3154 3184/3027/3155 

v 0.225474 0.973825 -0.0166056
vt 0.0657159 0.676463
vn 0.863802 -0.375035 0.336443
f 3186/3029/3157 3181/3024/3152 3182/3025/3153 3185/3028/3156 

v 0.225474 0.980721 -0.0107708
vt 0.0632876 0.671446
vn 0.863802 -0.26974 0.425542
f 3187/3030/3158 3180/3023/3151 3181/3024/3152 3186/3029/3157 

v 0.225474 0.98894 -0.00702464
vt 0.061839 0.665609
vn 0.863802 -0.144228 0.482746
f 3188/3031/3159 3179/3022/3150 3180/3023/3151 3187/3030/3158 

v 0.225474 0.997868 -0.00564792
vt 0.0614787 0.65939
vn 0.863802 -0.00790596 0.503769
f 3189/3032/3160 3178/3021/3149 3179/3022/3150 3188/3031/3159 

v 0.225474 1.00683 -0.00674383
vt 0.0622339 0.653254
vn 0.863802 0.129009 0.487034
f 3190/3033/3161 3177/3020/3148 3178/3021/3149 3189/3032/3160 

v 0.225474 1.01517 -0.0102302
vt 0.0640477 0.647661
vn 0.863802 0.256254 0.433796
f 3191/3034/3162 3176/3019/3147 3177/3020/3148 3190/3033/3161 

v 0.225474 1.02224 -0.0158458
vt 0.0667844 0.643031
vn 0.863802 0.364293 0.348046
f 3192/3035/3163 3175/3018/3146 3176/3019/3147 3191/3034/3162 

v 0.225474 1.02753 -0.0231697
vt 0.0702388 0.639711
vn 0.863802 0.445029 0.236209
f 3193/3036/3164 3174/3017/3145 3175/3018/3146 3192/3035/3163 

v 0.225474 1.03063 -0.0316529
vt 0.074152 0.637949
vn 0.863802 0.49241 0.106669
f 3194/3037/3165 3173/3016/3144 3174/3017/3145 3193/3036/3164 

v 0.225474 1.03149 -0.0429221
vt 0.0792552 0.63786
vn 0.00172535 -0.0612348 0.998122
f 3195/3038/3166 3172/3014/3142 3173/3016/3144 3194/3037/3165 

vt 0.765753 0.664671
vn -0.861685 -0.507025 -0.0205985
f 3195/3038/3166 3172/3014/3142 3055/3015/3143 3056/3039/3167 

v 0.227711 1.02705 -0.0431779
vt 0.079241 0.640934
vn 0.00210645 -0.0636527 0.99797
vt 0.765298 0.667728
vn -0.92115 -0.388878 -0.0160345
f 3196/3040/3168 3195/3038/3166 3056/3039/3167 3057/3041/3169 

v 0.227711 1.02624 -0.0326034
vt 0.0744524 0.641018
vn 0.922488 0.377275 0.0817275
f 3196/3040/3168 3195/3038/3166 3194/3037/3165 3197/3042/3170 

v 0.227711 1.02356 -0.0252744
vt 0.0710717 0.64254
vn 0.922488 0.340972 0.180979
f 3197/3042/3170 3194/3037/3165 3193/3036/3164 3198/3043/3171 

v 0.227711 1.019 -0.018947
vt 0.0680873 0.645409
vn 0.922488 0.279114 0.266666
f 3198/3043/3171 3193/3036/3164 3192/3035/3163 3199/3044/3172 

v 0.227711 1.01288 -0.0140955
vt 0.065723 0.649409
vn 0.922488 0.196337 0.332366
f 3199/3044/3172 3192/3035/3163 3191/3034/3162 3200/3045/3173 

v 0.227711 1.00568 -0.0110835
vt 0.0641559 0.65424
vn 0.922488 0.0988439 0.373156
f 3200/3045/3173 3191/3034/3162 3190/3033/3161 3201/3046/3174 

v 0.227711 0.997938 -0.0101367
vt 0.0635035 0.659542
vn 0.922488 -0.00605739 0.385978
f 3201/3046/3174 3190/3033/3161 3189/3032/3160 3202/3047/3175 

v 0.227711 0.990225 -0.0113261
vt 0.0638148 0.664915
vn 0.922488 -0.110505 0.369871
f 3202/3047/3175 3189/3032/3160 3188/3031/3159 3203/3048/3176 

v 0.227711 0.983124 -0.0145625
vt 0.0650663 0.669958
vn 0.922488 -0.20667 0.326042
f 3203/3048/3176 3188/3031/3159 3187/3030/3158 3204/3049/3177 

v 0.227711 0.977167 -0.0196035
vt 0.0671642 0.674292
vn 0.922488 -0.287345 0.257776
f 3204/3049/3177 3187/3030/3158 3186/3029/3157 3205/3050/3178 

v 0.227711 0.9728 -0.0260711
vt 0.0699514 0.677593
vn 0.922488 -0.346484 0.17019
f 3205/3050/3178 3186/3029/3157 3185/3028/3156 3206/3051/3179 

v 0.227711 0.970351 -0.0334806
vt 0.0732189 0.679613
vn 0.922488 -0.379653 0.0698486
f 3206/3051/3179 3185/3028/3156 3184/3027/3155 3207/3052/3180 

v 0.227711 0.969877 -0.0440751
vt 0.0779793 0.680412
vn 0.921201 -0.388943 0.0105998
f 3207/3052/3180 3184/3027/3155 3100/2932/3063 3208/3053/3181 

f 3100/2932/3063 3097/2927/3059 3094/2923/3054 3208/3053/3181 

v 0.229337 0.974572 -0.044198
vt 0.0781715 0.677179
vn 0.964641 -0.263464 0.00733694
f 3208/3053/3181 3094/2923/3054 3096/2926/3058 3209/3054/3182 

v 0.231698 0.967958 -1.53771
vt 0.750989 0.748363
vn 0.991107 -0.133061 0.00147856
v 0.230323 0.979434 -0.0443252
vt 0.0783705 0.673831
vn 0.991109 -0.132997 0.00393574
f 3209/3054/3182 3096/2926/3058 3210/3055/3183 3211/3056/3184 

v 0.231698 0.967919 -1.54275
vt 0.753259 0.748614
vn 0.991106 -0.133068 0.00102259
f 3096/2926/3058 3095/2925/3057 3212/3057/3185 3210/3055/3183 

usemtl Color_D08
vt -4.67074 39.0178
vn -9.66831e-14 -0.158755 -0.987318
vt -4.6144 38.8532
vt -4.6144 41.3812
vt -4.6144 43.9138
v 0.230711 1.08168 -1.56104
vt -4.67074 43.7479
v 0.231698 1.07679 -1.56025
vt -4.70959 43.5526
v 0.232028 1.0718 -1.55945
vt -4.72261 43.3539
v 0.232028 0.972861 -1.54354
vt -4.72261 39.4085
vt -4.70959 39.2115
f 3095/3058/3186 2530/3059/3186 2529/3060/3186 3058/3061/3186 3213/3062/3186 3214/3063/3186 3215/3064/3186 3216/3065/3186 3212/3066/3186 

usemtl sulawesi_kris_pamor_weapon_sumatra_weapon_ae66fa6602eece6a74b2dff70e2d4343
v 0.229337 1.02236 -0.043448
vt 0.0792261 0.64418
vn 0.00244198 -0.0680474 0.997679
vn -0.94493 -0.326988 -0.0136371
vt 0.764817 0.670956
vn -0.964609 -0.263446 -0.0111714
f 3217/3067/3187 3196/3040/3168 3057/3041/3169 3058/2919/3188 3213/3068/3189 

v 0.229337 1.02161 -0.0336069
vt 0.0747696 0.644258
vn 0.96526 0.255369 0.0553197
f 3217/3067/3187 3196/3040/3168 3197/3042/3170 3218/3069/3190 

v 0.229337 1.01938 -0.0274966
vt 0.0719511 0.645527
vn 0.96526 0.230797 0.122501
f 3218/3069/3190 3197/3042/3170 3198/3043/3171 3219/3070/3191 

v 0.229337 1.01557 -0.0222213
vt 0.0694629 0.647919
vn 0.96526 0.188927 0.180501
f 3219/3070/3191 3198/3043/3171 3199/3044/3172 3220/3071/3192 

v 0.229337 1.01047 -0.0181765
vt 0.0674917 0.651254
vn 0.96526 0.132896 0.224972
f 3220/3071/3192 3199/3044/3172 3200/3045/3173 3221/3072/3193 

v 0.229337 1.00447 -0.0156653
vt 0.0661852 0.655282
vn 0.96526 0.0669054 0.252582
f 3221/3072/3193 3200/3045/3173 3201/3046/3174 3222/3073/3194 

v 0.229337 0.998012 -0.014876
vt 0.0656413 0.659702
vn 0.96526 -0.00410012 0.26126
f 3222/3073/3194 3201/3046/3174 3202/3047/3175 3223/3074/3195 

v 0.229337 0.991582 -0.0158676
vt 0.0659008 0.664181
vn 0.96526 -0.0747983 0.250358
f 3223/3074/3195 3202/3047/3175 3203/3048/3176 3224/3075/3196 

v 0.229337 0.985662 -0.0185659
vt 0.0669442 0.668386
vn 0.96526 -0.13989 0.220691
f 3224/3075/3196 3203/3048/3176 3204/3049/3177 3225/3076/3197 

v 0.229337 0.980695 -0.0227686
vt 0.0686933 0.671999
vn 0.96526 -0.194498 0.174483
f 3225/3076/3197 3204/3049/3177 3205/3050/3178 3226/3077/3198 

v 0.229337 0.977054 -0.0281608
vt 0.0710171 0.674751
vn 0.96526 -0.234528 0.115198
f 3226/3077/3198 3205/3050/3178 3206/3051/3179 3227/3078/3199 

v 0.229337 0.975012 -0.0343382
vt 0.0737413 0.676435
vn 0.96526 -0.25698 0.0472791
f 3227/3078/3199 3206/3051/3179 3207/3052/3180 3228/3079/3200 

f 3228/3079/3200 3207/3052/3180 3208/3053/3181 3209/3054/3182 

v 0.230323 0.979841 -0.0352265
vt 0.0742822 0.673144
vn 0.991271 -0.129665 0.0238558
f 3229/3080/3201 3228/3079/3200 3209/3054/3182 3211/3056/3184 

v 0.230323 0.981461 -0.0303252
vt 0.0721208 0.671808
vn 0.991271 -0.118336 0.058126
f 3230/3081/3202 3227/3078/3199 3228/3079/3200 3229/3080/3201 

v 0.230323 0.98435 -0.0260469
vt 0.0702771 0.669625
vn 0.991271 -0.0981385 0.0880397
f 3231/3082/3203 3226/3077/3198 3227/3078/3199 3230/3081/3202 

v 0.230323 0.98829 -0.0227124
vt 0.0688893 0.666758
vn 0.991271 -0.070585 0.111355
f 3232/3083/3204 3225/3076/3197 3226/3077/3198 3231/3082/3203 

v 0.230323 0.992988 -0.0205715
vt 0.0680615 0.663422
vn 0.991271 -0.0377413 0.126324
f 3233/3084/3205 3224/3075/3196 3225/3076/3197 3232/3083/3204 

v 0.230323 0.998089 -0.0197847
vt 0.0678556 0.659868
vn 0.991271 -0.00206881 0.131825
f 3234/3085/3206 3223/3074/3195 3224/3075/3196 3233/3084/3205 

v 0.230323 1.00321 -0.020411
vt 0.0682871 0.656361
vn 0.991271 0.0337587 0.127446
f 3235/3086/3207 3222/3073/3194 3223/3074/3195 3234/3085/3206 

v 0.230323 1.00798 -0.0224035
vt 0.0693237 0.653165
vn 0.991271 0.067056 0.113515
f 3236/3087/3208 3221/3072/3193 3222/3073/3194 3235/3086/3207 

v 0.230323 1.01202 -0.0256127
vt 0.0708877 0.650519
vn 0.991271 0.0953275 0.0910759
f 3237/3088/3209 3220/3071/3192 3221/3072/3193 3236/3087/3208 

v 0.230323 1.01504 -0.0297982
vt 0.0728619 0.648621
vn 0.991271 0.116454 0.0618107
f 3238/3089/3210 3219/3070/3191 3220/3071/3192 3237/3088/3209 

v 0.230323 1.01681 -0.0346463
vt 0.0750982 0.647614
vn 0.991271 0.128853 0.0279129
f 3239/3090/3211 3218/3069/3190 3219/3070/3191 3238/3089/3210 

v 0.230323 1.01751 -0.0437277
vt 0.0792107 0.647542
vn 0.00275183 -0.0814968 0.99667
f 3240/3091/3212 3217/3067/3187 3218/3069/3190 3239/3090/3211 

vt 0.76432 0.674299
vn -0.991095 -0.133016 -0.00609758
f 3240/3091/3212 3217/3067/3187 3213/3068/3189 3214/3092/3213 

v 0.230654 1.01257 -0.0440123
vt 0.0791949 0.650963
vn 0.999999 -7.3548e-07 0.00112967
vn 0.997802 -0.0662085 -0.0025857
f 3241/3093/3214 3240/3091/3212 3214/3092/3213 3215/2744/3215 

v 0.230654 1.01193 -0.0357038
vt 0.0754325 0.651029
vn 0.999028 0.0430765 0.00933149
f 3241/3093/3214 3240/3091/3212 3239/3090/3211 3242/3094/3216 

v 0.230654 1.01063 -0.0321399
vt 0.0737885 0.651769
vn 0.999028 0.0389315 0.0206638
f 3242/3094/3216 3239/3090/3211 3238/3089/3210 3243/3095/3217 

v 0.230654 1.00841 -0.0290631
vt 0.0723373 0.653164
vn 0.999028 0.0318687 0.0304474
f 3243/3095/3217 3238/3089/3210 3237/3088/3209 3244/3096/3218 

v 0.230654 1.00544 -0.026704
vt 0.0711876 0.655109
vn 0.999028 0.0224173 0.0379489
f 3244/3096/3218 3237/3088/3209 3236/3087/3208 3245/3097/3219 

v 0.230654 1.00193 -0.0252393
vt 0.0704256 0.657458
vn 0.999028 0.0112858 0.0426062
f 3245/3097/3219 3236/3087/3208 3235/3086/3207 3246/3098/3220 

v 0.230654 0.998168 -0.0247789
vt 0.0701084 0.660036
vn 0.999028 -0.000691621 0.0440702
f 3246/3098/3220 3235/3086/3207 3234/3085/3206 3247/3099/3221 

v 0.230654 0.994417 -0.0253573
vt 0.0702597 0.662649
vn 0.999028 -0.0126172 0.0422311
f 3247/3099/3221 3234/3085/3206 3233/3084/3205 3248/3100/3222 

v 0.230654 0.990964 -0.0269311
vt 0.0708683 0.665101
vn 0.999028 -0.0235971 0.0372268
f 3248/3100/3222 3233/3084/3205 3232/3083/3204 3249/3101/3223 

v 0.230654 0.988067 -0.0293823
vt 0.0718884 0.667209
vn 0.999028 -0.0328085 0.0294324
f 3249/3101/3223 3232/3083/3204 3231/3082/3203 3250/3102/3224 

v 0.230654 0.985944 -0.0325273
vt 0.0732438 0.668814
vn 0.999028 -0.0395608 0.019432
f 3250/3102/3224 3231/3082/3203 3230/3081/3202 3251/3103/3225 

v 0.230654 0.984753 -0.0361303
vt 0.0748327 0.669796
vn 0.999028 -0.0433481 0.00797517
f 3251/3103/3225 3230/3081/3202 3229/3080/3201 3252/3104/3226 

v 0.230654 0.984381 -0.0444546
vt 0.078573 0.670424
vn 0.999443 -0.0333549 0.00133254
f 3252/3104/3226 3229/3080/3201 3211/3056/3184 3253/3105/3227 

v 0.232028 0.972906 -1.53774
vt 0.751151 0.744952
vn 0.999644 -0.0266561 0.000756083
f 3211/3056/3184 3210/3055/3183 3254/3106/3228 3253/3105/3227 

vn 0.999443 -0.0333713 0.00025645
f 3210/3055/3183 3212/3057/3185 3216/2742/3229 3254/3106/3228 

f 3216/2742/3229 3215/2744/3215 3254/3106/3228

f 3215/2744/3215 3241/3093/3214 3254/3106/3228

f 3254/3106/3228 3241/3093/3214 3253/3105/3227

f 3250/3102/3224 3251/3103/3225 3252/3104/3226 3253/3105/3227 3241/3093/3214 3242/3094/3216 3243/3095/3217 3244/3096/3218 3245/3097/3219 3246/3098/3220 3247/3099/3221 3248/3100/3222 3249/3101/3223 

f 2551/2741/3051 3022/2868/2907 2550/2741/2910

f 2879/2740/3030 2878/2740/2937 3047/2894/2935

vn 0.933666 -0.0422794 0.355641
vn 0.933687 -0.0490295 0.354717
f 2701/2381/3230 2554/2741/3230 2553/2830/3231 2702/2382/3231 

vn 0.933752 -0.069151 0.351176
f 2702/2382/3231 2553/2830/3231 2557/2829/3232 2703/2383/3232 

vn 0.933752 -0.095649 0.344902
f 2703/2383/3232 2557/2829/3232 2559/2828/3233 2704/2384/3233 

vn 0.933752 -0.121593 0.336632
f 2704/2384/3233 2559/2828/3233 2561/2827/3234 2705/2385/3234 

vn 0.933752 -0.146834 0.326414
f 2705/2385/3234 2561/2827/3234 2563/2826/3235 2706/2386/3235 

vn 0.933752 -0.171225 0.314306
f 2706/2386/3235 2563/2826/3235 2565/2825/3236 2707/2387/3236 

vn 0.933752 -0.194624 0.300379
f 2707/2387/3236 2565/2825/3236 2567/2824/3237 2708/2388/3237 

vn 0.933752 -0.216898 0.284714
f 2708/2388/3237 2567/2824/3237 2569/2823/3238 2709/2389/3238 

vn 0.933752 -0.237915 0.2674
f 2709/2389/3238 2569/2823/3238 2571/2822/3239 2710/2390/3239 

vn 0.933752 -0.257556 0.248539
f 2710/2390/3239 2571/2822/3239 2573/2821/3240 2711/2391/3240 

vn 0.933752 -0.275706 0.228239
f 2711/2391/3240 2573/2821/3240 2575/2820/3241 2712/2392/3241 

vn 0.933752 -0.292259 0.206617
f 2712/2392/3241 2575/2820/3241 2577/2819/3242 2713/2393/3242 

vn 0.933783 -0.308176 0.181872
f 2713/2393/3242 2577/2819/3242 2579/2818/3243 2714/2394/3243 

vn 0.933817 -0.323882 0.151941
f 2714/2394/3243 2579/2818/3243 2581/2817/3244 2715/2395/3244 

vn 0.933817 -0.337509 0.11863
f 2715/2395/3244 2581/2817/3244 2583/2816/3245 2716/2396/3245 

vn 0.933817 -0.34772 0.0841187
f 2716/2396/3245 2583/2816/3245 2585/2815/3246 2717/2397/3246 

vn 0.933817 -0.354412 0.0487562
f 2717/2397/3246 2585/2815/3246 2587/2814/3247 2718/2398/3247 

vn 0.933817 -0.357518 0.0129001
f 2718/2398/3247 2587/2814/3247 2589/2813/3248 2719/2399/3248 

vn 0.933817 -0.357004 -0.0230864
f 2719/2399/3248 2589/2813/3248 2591/2812/3249 2720/2400/3249 

vn 0.933817 -0.352878 -0.0588394
f 2720/2400/3249 2591/2812/3249 2593/2811/3250 2721/2401/3250 

vn 0.933817 -0.345181 -0.0939968
f 2721/2401/3250 2593/2811/3250 2595/2810/3251 2722/2402/3251 

vn 0.933817 -0.33399 -0.128203
f 2722/2402/3251 2595/2810/3251 2597/2809/3252 2723/2403/3252 

vn 0.933817 -0.319419 -0.161112
f 2723/2403/3252 2597/2809/3252 2599/2808/3253 2724/2404/3253 

vn 0.933817 -0.301615 -0.19239
f 2724/2404/3253 2599/2808/3253 2601/2807/3254 2725/2405/3254 

vn 0.933673 -0.294046 -0.204432
f 2725/2405/3254 2601/2807/3254 2603/2806/3255 2726/2406/3255 

f 2726/2406/3255 2603/2806/3255 2605/2326/2630 2646/2325/2630 

usemtl Color_D08
vt 3.06201 43.5418
f 2882/2728/2563 2505/3107/2563 2507/2908/2563

vt 3.03331 43.5329
f 2882/2728/2563 2503/3108/2563 2505/3107/2563

vt 3.00737 43.5186
f 2882/2728/2563 2501/3109/2563 2503/3108/2563

vt 2.98542 43.4994
f 2882/2728/2563 2499/3110/2563 2501/3109/2563

vt 2.96849 43.4764
f 2882/2728/2563 2497/3111/2563 2499/3110/2563

vt 2.95736 43.4506
f 2882/2728/2563 2495/3112/2563 2497/3111/2563

f 2881/2727/2563 2495/3112/2563 2882/2728/2563

vt 2.83404 43.0172
f 2881/2727/2563 2493/3113/2563 2495/3112/2563

vt 2.72225 42.5812
f 2881/2727/2563 2491/3114/2563 2493/3113/2563

vt 2.62205 42.1429
f 2881/2727/2563 2488/3115/2563 2491/3114/2563

vt 2.57538 41.9108
f 2881/2727/2563 2485/3116/2563 2488/3115/2563

vt 1.56985 41.3812
f 2897/3117/2563 2485/3116/2563 2881/2727/2563

vt 2.62205 40.8918
f 2897/3117/2563 2483/3118/2563 2485/3116/2563

vt 2.65862 40.1897
f 2897/3117/2563 2481/3119/2563 2483/3118/2563

vt 2.72225 39.9182
f 2897/3117/2563 2479/3120/2563 2481/3119/2563

vt 2.83404 39.493
f 2897/3117/2563 2477/3121/2563 2479/3120/2563

f 2896/2867/2563 2477/3121/2563 2897/3117/2563

f 3021/2866/2563 2477/3121/2563 2896/2867/2563

vt 2.95736 39.0703
f 3021/2866/2563 2475/3122/2563 2477/3121/2563

vt 2.96849 39.0451
f 3021/2866/2563 2473/3123/2563 2475/3122/2563

vt 2.98542 39.0226
f 3021/2866/2563 2471/3124/2563 2473/3123/2563

f 2531/2126/2563 2471/3124/2563 3021/2866/2563

vt 3.00737 39.004
f 2531/2126/2563 2469/3125/2563 2471/3124/2563

vt 3.03331 38.99
f 2531/2126/2563 2467/3126/2563 2469/3125/2563

vt 3.06201 38.9813
f 2531/2126/2563 2465/3127/2563 2467/3126/2563

f 2531/2126/2563 2463/2125/2563 2465/3127/2563

usemtl sulawesi_kris_pamor_weapon_sumatra_weapon_ae66fa6602eece6a74b2dff70e2d4343
v 0.153266 0.963095 -1.53767
vn -0.964632 -0.263589 0.00246942
v 0.152279 0.967958 -1.53771
vn -0.991107 -0.133061 0.00147856
vn -0.991106 -0.133068 0.00102259
vn -0.964631 -0.263596 0.00202567
f 3255/2926/3256 3256/3055/3257 3021/3057/3258 2531/2925/3259 

v 0.15464 0.974572 -0.044198
vn -0.964641 -0.263464 0.00733694
v 0.153653 0.979434 -0.0443252
vn -0.991109 -0.132997 0.00393574
f 3257/3054/3260 3258/3056/3261 3256/3055/3257 3255/2926/3256 

v 0.15464 0.975012 -0.0343382
vn -0.96526 -0.25698 0.0472791
v 0.153653 0.979841 -0.0352265
vn -0.991271 -0.129665 0.0238558
f 3259/3079/3262 3260/3080/3263 3258/3056/3261 3257/3054/3260 

v 0.15464 0.977054 -0.0281608
vn -0.96526 -0.234528 0.115198
v 0.153653 0.981461 -0.0303252
vn -0.991271 -0.118336 0.058126
f 3261/3078/3264 3262/3081/3265 3260/3080/3263 3259/3079/3262 

v 0.15464 0.980695 -0.0227686
vn -0.96526 -0.194498 0.174483
v 0.153653 0.98435 -0.0260469
vn -0.991271 -0.0981385 0.0880397
f 3263/3077/3266 3264/3082/3267 3262/3081/3265 3261/3078/3264 

v 0.15464 0.985662 -0.0185659
vn -0.96526 -0.13989 0.220691
v 0.153653 0.98829 -0.0227124
vn -0.991271 -0.070585 0.111355
f 3265/3076/3268 3266/3083/3269 3264/3082/3267 3263/3077/3266 

v 0.15464 0.991582 -0.0158676
vn -0.96526 -0.0747983 0.250358
v 0.153653 0.992988 -0.0205715
vn -0.991271 -0.0377413 0.126324
f 3267/3075/3270 3268/3084/3271 3266/3083/3269 3265/3076/3268 

v 0.15464 0.998012 -0.014876
vn -0.96526 -0.00410012 0.26126
v 0.153653 0.998089 -0.0197847
vn -0.991271 -0.00206881 0.131825
f 3269/3074/3272 3270/3085/3273 3268/3084/3271 3267/3075/3270 

v 0.15464 1.00447 -0.0156653
vn -0.96526 0.0669054 0.252582
v 0.153653 1.00321 -0.020411
vn -0.991271 0.0337587 0.127446
f 3271/3073/3274 3272/3086/3275 3270/3085/3273 3269/3074/3272 

v 0.15464 1.01047 -0.0181765
vn -0.96526 0.132896 0.224972
v 0.153653 1.00798 -0.0224035
vn -0.991271 0.067056 0.113515
f 3273/3072/3276 3274/3087/3277 3272/3086/3275 3271/3073/3274 

v 0.15464 1.01557 -0.0222213
vn -0.96526 0.188927 0.180501
v 0.153653 1.01202 -0.0256127
vn -0.991271 0.0953275 0.0910759
f 3275/3071/3278 3276/3088/3279 3274/3087/3277 3273/3072/3276 

v 0.15464 1.01938 -0.0274966
vn -0.96526 0.230797 0.122501
v 0.153653 1.01504 -0.0297982
vn -0.991271 0.116454 0.0618107
f 3277/3070/3280 3278/3089/3281 3276/3088/3279 3275/3071/3278 

v 0.15464 1.02161 -0.0336069
vn -0.96526 0.255369 0.0553197
v 0.153653 1.01681 -0.0346463
vn -0.991271 0.128853 0.0279129
f 3279/3069/3282 3280/3090/3283 3278/3089/3281 3277/3070/3280 

v 0.15464 1.02236 -0.043448
vn -0.96463 0.263145 0.0155949
v 0.153653 1.01751 -0.0437277
vn -0.991103 0.132852 0.00810161
f 3281/3067/3284 3282/3091/3285 3280/3090/3283 3279/3069/3282 

vn -0.964611 0.263442 0.0111712
vn -0.991095 0.133016 0.00609758
f 3282/3091/3285 3281/3067/3284 2883/3068/3286 2882/3092/3287 

v 0.156266 1.02705 -0.0431779
vn -0.921186 0.388455 0.0227935
vn -0.921151 0.388875 0.0160344
f 3281/3067/3284 3283/3040/3288 2884/3041/3289 2883/3068/3286 

v 0.156266 1.02624 -0.0326034
vn -0.922488 0.377275 0.0817275
f 3283/3040/3288 3281/3067/3284 3279/3069/3282 3284/3042/3290 

v 0.156266 1.02356 -0.0252744
vn -0.922488 0.340972 0.180979
f 3284/3042/3290 3279/3069/3282 3277/3070/3280 3285/3043/3291 

v 0.156266 1.019 -0.018947
vn -0.922488 0.279114 0.266666
f 3285/3043/3291 3277/3070/3280 3275/3071/3278 3286/3044/3292 

v 0.156266 1.01288 -0.0140955
vn -0.922488 0.196337 0.332366
f 3286/3044/3292 3275/3071/3278 3273/3072/3276 3287/3045/3293 

v 0.156266 1.00568 -0.0110835
vn -0.922488 0.0988439 0.373156
f 3287/3045/3293 3273/3072/3276 3271/3073/3274 3288/3046/3294 

v 0.156266 0.997938 -0.0101367
vn -0.922488 -0.00605739 0.385978
f 3288/3046/3294 3271/3073/3274 3269/3074/3272 3289/3047/3295 

v 0.156266 0.990225 -0.0113261
vn -0.922488 -0.110505 0.369871
f 3289/3047/3295 3269/3074/3272 3267/3075/3270 3290/3048/3296 

v 0.156266 0.983124 -0.0145625
vn -0.922488 -0.20667 0.326042
f 3290/3048/3296 3267/3075/3270 3265/3076/3268 3291/3049/3297 

v 0.156266 0.977167 -0.0196035
vn -0.922488 -0.287345 0.257776
f 3291/3049/3297 3265/3076/3268 3263/3077/3266 3292/3050/3298 

v 0.156266 0.9728 -0.0260711
vn -0.922488 -0.346484 0.17019
f 3292/3050/3298 3263/3077/3266 3261/3078/3264 3293/3051/3299 

v 0.156266 0.970351 -0.0334806
vn -0.922488 -0.379653 0.0698486
f 3293/3051/3299 3261/3078/3264 3259/3079/3262 3294/3052/3300 

v 0.156266 0.969877 -0.0440751
vn -0.921204 -0.388935 0.0105995
f 3294/3052/3300 3259/3079/3262 3257/3054/3260 3295/3053/3301 

v 0.154892 0.9584 -1.53763
vn -0.929577 -0.368611 0.00339731
f 3295/3053/3301 3257/3054/3260 3255/2926/3256 3296/2923/3302 

vn -0.921187 -0.389106 0.00340163
f 3296/2923/3302 3255/2926/3256 2531/2925/3259 2533/2924/3303 

vn -0.861736 -0.507335 0.00469082
v 0.157129 0.953953 -1.5376
v 0.158503 0.965431 -0.0439588
vn -0.861761 -0.507131 0.0136645
f 3295/3053/3301 3296/2923/3302 2533/2924/3303 2534/2928/3304 3297/2927/3304 3298/2932/3305 

v 0.161313 0.961309 -0.043851
vn -0.78758 -0.615992 0.0164785
vn -0.787542 -0.616236 0.00545961
v 0.159938 0.94983 -1.53757
f 3299/2929/3306 3298/2932/3305 3297/2927/3304 2534/2928/3304 2537/2931/3307 3300/2930/3307 

v 0.161313 0.961842 -0.0319152
vn -0.79034 -0.602556 0.110858
v 0.158503 0.965935 -0.0326683
vn -0.863802 -0.495514 0.0911647
f 3301/3026/3308 3302/3027/3309 3298/2932/3305 3299/2929/3306 

v 0.161313 0.965035 -0.0222569
vn -0.79034 -0.549911 0.270112
v 0.158503 0.968771 -0.0240918
vn -0.863802 -0.452222 0.222128
f 3303/3025/3310 3304/3028/3311 3302/3027/3309 3301/3026/3308 

v 0.161313 0.970727 -0.0138264
vn -0.79034 -0.456051 0.409122
v 0.158503 0.973825 -0.0166056
vn -0.863802 -0.375035 0.336443
f 3305/3024/3312 3306/3029/3313 3304/3028/3311 3303/3025/3310 

v 0.161313 0.978493 -0.00725558
vn -0.79034 -0.32801 0.517467
v 0.158503 0.980721 -0.0107708
vn -0.863802 -0.26974 0.425542
f 3307/3023/3314 3308/3030/3315 3306/3029/3313 3305/3024/3312 

v 0.161313 0.987749 -0.00303687
vn -0.79034 -0.175384 0.587029
v 0.158503 0.98894 -0.00702464
vn -0.863802 -0.144228 0.482746
f 3309/3022/3316 3310/3031/3317 3308/3030/3315 3307/3023/3314 

v 0.161313 0.997802 -0.00148649
vn -0.79034 -0.00961381 0.612593
v 0.158503 0.997868 -0.00564792
vn -0.863802 -0.00790596 0.503769
f 3311/3021/3318 3312/3032/3319 3310/3031/3317 3309/3022/3316 

v 0.161313 1.0079 -0.00272064
vn -0.79034 0.156877 0.592244
v 0.158503 1.00683 -0.00674383
vn -0.863802 0.129009 0.487034
f 3313/3020/3320 3314/3033/3321 3312/3032/3319 3311/3021/3318 

v 0.161313 1.01728 -0.00664681
vn -0.79034 0.31161 0.527505
v 0.158503 1.01517 -0.0102302
vn -0.863802 0.256254 0.433796
f 3315/3019/3322 3316/3034/3323 3314/3033/3321 3313/3020/3320 

v 0.161313 1.02525 -0.0129707
vn -0.79034 0.442988 0.423231
v 0.158503 1.02224 -0.0158458
vn -0.863802 0.364293 0.348046
f 3317/3018/3324 3318/3035/3325 3316/3034/3323 3315/3019/3322 

v 0.161313 1.03121 -0.0212184
vn -0.79034 0.541164 0.287235
v 0.158503 1.02753 -0.0231697
vn -0.863802 0.445029 0.236209
f 3319/3017/3326 3320/3036/3327 3318/3035/3325 3317/3018/3324 

v 0.161313 1.0347 -0.0307718
vn -0.79034 0.59878 0.129711
v 0.158503 1.03063 -0.0316529
vn -0.863802 0.49241 0.106669
f 3321/3016/3328 3322/3037/3329 3320/3036/3327 3319/3017/3326 

v 0.161313 1.03561 -0.042685
vn -0.787555 0.615204 0.0357948
v 0.158503 1.03149 -0.0429221
vn -0.861736 0.506495 0.0295662
f 3323/3014/3330 3324/3038/3331 3322/3037/3329 3321/3016/3328 

vn -0.787491 0.615828 0.0247839
vn -0.861685 0.507025 0.0205985
f 3324/3038/3331 3323/3014/3330 2886/3015/3332 2885/3039/3333 

v 0.164647 1.03933 -0.0424705
vn -0.700165 0.712781 0.0413761
vn -0.700093 0.713482 0.0285218
f 3323/3014/3330 3325/2961/3334 2887/2964/3335 2886/3015/3332 

v 0.164647 1.03838 -0.029975
vn -0.70349 0.694595 0.150467
f 3325/2961/3334 3323/3014/3330 3321/3016/3328 3326/2959/3336 

v 0.164647 1.03453 -0.0194541
vn -0.70349 0.627759 0.333197
f 3326/2959/3336 3321/3016/3328 3319/3017/3326 3327/2957/3337 

v 0.164647 1.02797 -0.010371
vn -0.70349 0.513873 0.490954
f 3327/2957/3337 3319/3017/3326 3317/3018/3324 3328/2955/3338 

v 0.164647 1.0192 -0.00340657
vn -0.70349 0.361473 0.611915
f 3328/2955/3338 3317/3018/3324 3315/3019/3322 3329/2953/3339 

v 0.164647 1.00886 0.000917253
vn -0.70349 0.18198 0.687012
f 3329/2953/3339 3315/3019/3322 3313/3020/3320 3330/2951/3340 

v 0.164647 0.997743 0.0022764
vn -0.70349 -0.0111522 0.710618
f 3330/2951/3340 3313/3020/3320 3311/3021/3318 3331/2949/3341 

v 0.164647 0.986671 0.000568987
vn -0.70349 -0.203448 0.680963
f 3331/2949/3341 3311/3021/3318 3309/3022/3316 3332/2947/3342 

v 0.164647 0.976478 -0.004077
vn -0.70349 -0.380496 0.60027
f 3332/2947/3342 3309/3022/3316 3307/3023/3314 3333/2945/3343 

v 0.164647 0.967926 -0.0113134
vn -0.70349 -0.529026 0.474588
f 3333/2945/3343 3307/3023/3314 3305/3024/3312 3334/2943/3344 

v 0.164647 0.961657 -0.0205977
vn -0.70349 -0.637906 0.313335
f 3334/2943/3344 3305/3024/3312 3303/3025/3310 3335/2941/3345 

v 0.164647 0.958141 -0.0312342
vn -0.70349 -0.698974 0.128597
f 3335/2941/3345 3303/3025/3310 3301/3026/3308 3336/2939/3346 

v 0.164647 0.957582 -0.0437534
vn -0.700189 -0.713705 0.0189947
f 3336/2939/3346 3301/3026/3308 3299/2929/3306 3337/2935/3347 

vn -0.70014 -0.713979 0.00613049
v 0.163273 0.946102 -1.53754
f 3299/2929/3306 3300/2930/3307 2537/2931/3307 2539/2934/3348 3338/2933/3348 3337/2935/3347 

vn -0.601237 -0.799043 0.0066933
v 0.167076 0.942833 -1.53751
v 0.16845 0.954313 -0.0436679
vn -0.590819 -0.806596 0.0183273
f 3337/2935/3347 3338/2933/3348 2539/2934/3348 2541/2938/3349 3339/2937/3349 3340/2936/3350 

vn -0.492658 -0.870194 0.00714027
v 0.171281 0.940079 -1.53749
vn -0.511358 -0.859339 0.00707411
f 2541/2938/3349 2542/2990/3351 3341/2991/3352 3340/2936/3350 3339/2937/3349 

vn -0.376304 -0.926466 0.00746575
v 0.175817 0.937886 -1.53748
v 0.177192 0.949366 -0.0435385
vn -0.364345 -0.931026 0.0210411
v 0.172655 0.951559 -0.0435959
vn -0.49271 -0.86989 0.0229855
f 2544/2987/3353 3342/2988/3353 3343/2992/3354 3344/2993/3355 3341/2991/3352 2542/2990/3351 

vn -0.254112 -0.967144 0.00766598
v 0.180607 0.936292 -1.53746
vn -0.274817 -0.961466 0.00764139
f 2544/2987/3353 2547/2985/3356 3345/2986/3357 3343/2992/3354 3342/2988/3353 

v 0.181981 0.947773 -0.0434968
vn -0.254148 -0.966831 0.0254121
f 2548/2871/2909 3024/2870/2909 3023/2869/2908 3346/2984/3358 3345/2986/3357 2547/2985/3356 

v 0.181981 0.9484 -0.0294421
vn -0.256364 -0.950625 0.174896
f 3026/2873/2912 3347/2983/3359 3346/2984/3358 3023/2869/2908 

v 0.181981 0.952767 -0.0162312
vn -0.256364 -0.86757 0.426144
f 3028/2875/2914 3348/2982/3360 3347/2983/3359 3026/2873/2912 

v 0.181981 0.960554 -0.00469967
vn -0.256364 -0.719491 0.645453
f 3030/2877/2917 3349/2981/3361 3348/2982/3360 3028/2875/2914 

v 0.181981 0.971175 0.00428816
vn -0.256364 -0.517486 0.816386
f 3032/2879/2919 3350/2980/3362 3349/2981/3361 3030/2877/2917 

v 0.181981 0.983836 0.0100587
vn -0.256364 -0.276696 0.92613
f 3034/2881/2921 3351/2979/3363 3350/2980/3362 3032/2879/2919 

v 0.181981 0.997588 0.0121793
vn -0.256364 -0.0151673 0.966461
f 3036/2883/2924 3352/2978/3364 3351/2979/3363 3034/2881/2921 

v 0.181981 1.0114 0.0104912
vn -0.256364 0.247498 0.934356
f 3038/2885/2926 3353/2977/3365 3352/2978/3364 3036/2883/2924 

v 0.181981 1.02423 0.00512086
vn -0.256364 0.491614 0.832222
f 3040/2887/2928 3354/2976/3366 3353/2977/3365 3038/2885/2926 

v 0.181981 1.03513 -0.00352924
vn -0.256364 0.698883 0.667713
f 3042/2889/2930 3355/2975/3367 3354/2976/3366 3040/2887/2928 

v 0.181981 1.04328 -0.0148108
vn -0.256364 0.853771 0.453158
f 3044/2891/2932 3356/2974/3368 3355/2975/3367 3042/2889/2930 

v 0.181981 1.04806 -0.0278782
vn -0.256364 0.944669 0.20464
f 3046/2893/2934 3357/2973/3369 3356/2974/3368 3044/2891/2932 

v 0.181981 1.04913 -0.0419062
vn -0.254145 0.965559 0.0557359
f 3048/2895/2936 3358/2971/3370 3357/2973/3369 3046/2893/2934 

vn -0.254102 0.96643 0.0380062
f 2892/2896/2938 2891/2972/3371 3358/2971/3370 3048/2895/2936 

vn -0.376285 0.925784 0.0365276
v 0.177192 1.04753 -0.0419979
vn -0.376344 0.924937 0.0534511
f 2891/2972/3371 2890/2970/3372 3359/2968/3373 3358/2971/3370 

vn -0.492627 0.869559 0.0344349
v 0.172655 1.04534 -0.042124
vn -0.492698 0.868747 0.0502668
f 2890/2970/3372 2889/2966/3374 3360/2965/3375 3359/2968/3373 

vn -0.601196 0.798471 0.0317544
v 0.16845 1.04259 -0.0422825
vn -0.601271 0.797707 0.0462236
f 2889/2966/3374 2888/2963/3376 3361/2962/3377 3360/2965/3375 

f 2888/2963/3376 2887/2964/3335 3325/2961/3334 3361/2962/3377 

v 0.16845 1.0416 -0.0292763
vn -0.604849 0.778288 0.168598
f 3361/2962/3377 3325/2961/3334 3326/2959/3336 3362/2960/3378 

v 0.16845 1.03744 -0.0179068
vn -0.604849 0.7034 0.373345
f 3362/2960/3378 3326/2959/3336 3327/2957/3337 3363/2958/3379 

v 0.16845 1.03036 -0.00809112
vn -0.604849 0.575791 0.550111
f 3363/2958/3379 3327/2957/3337 3328/2955/3338 3364/2956/3380 

v 0.16845 1.02088 -0.000564967
vn -0.604849 0.405028 0.685646
f 3364/2956/3380 3328/2955/3338 3329/2953/3339 3365/2954/3381 

v 0.16845 1.00971 0.0041076
vn -0.604849 0.203907 0.769792
f 3365/2954/3381 3329/2953/3339 3330/2951/3340 3366/2952/3382 

v 0.16845 0.997691 0.00557636
vn -0.604849 -0.0124959 0.796242
f 3366/2952/3382 3330/2951/3340 3331/2949/3341 3367/2950/3383 

v 0.16845 0.985727 0.00373124
vn -0.604849 -0.227963 0.763014
f 3367/2950/3383 3331/2949/3341 3332/2947/3342 3368/2948/3384 

v 0.16845 0.974711 -0.00128947
vn -0.604849 -0.426343 0.672599
f 3368/2948/3384 3332/2947/3342 3333/2945/3343 3369/2946/3385 

v 0.16845 0.965469 -0.00910947
vn -0.604849 -0.59277 0.531772
f 3369/2946/3385 3333/2945/3343 3334/2943/3344 3370/2944/3386 

v 0.16845 0.958695 -0.0191427
vn -0.604849 -0.714769 0.351089
f 3370/2944/3386 3334/2943/3344 3335/2941/3345 3371/2942/3387 

v 0.16845 0.954895 -0.030637
vn -0.604849 -0.783195 0.144092
f 3371/2942/3387 3335/2941/3345 3336/2939/3346 3372/2940/3388 

f 3372/2940/3388 3336/2939/3346 3337/2935/3347 3340/2936/3350 

v 0.172655 0.95216 -0.0301339
vn -0.496178 -0.85389 0.157099
f 3373/2994/3389 3372/2940/3388 3340/2936/3350 3344/2993/3355 

v 0.172655 0.956199 -0.0179166
vn -0.496178 -0.779286 0.38278
f 3374/2996/3390 3371/2942/3387 3372/2940/3388 3373/2994/3389 

v 0.172655 0.963399 -0.00725246
vn -0.496178 -0.646276 0.579772
f 3375/2998/3391 3370/2944/3386 3371/2942/3387 3374/2996/3390 

v 0.172655 0.973222 0.00105933
vn -0.496178 -0.464827 0.73331
f 3376/3000/3392 3369/2946/3385 3370/2944/3386 3375/2998/3391 

v 0.172655 0.984931 0.00639578
vn -0.496178 -0.248539 0.831887
f 3377/3002/3393 3368/2948/3384 3369/2946/3385 3376/3000/3392 

v 0.172655 0.997648 0.00835694
vn -0.496178 -0.0136239 0.868114
f 3378/3004/3394 3367/2950/3383 3368/2948/3384 3377/3002/3393 

v 0.172655 1.01042 0.00679581
vn -0.496178 0.222313 0.839276
f 3379/3006/3395 3366/2952/3382 3367/2950/3383 3378/3004/3394 

v 0.172655 1.02229 0.00182939
vn -0.496178 0.441587 0.747535
f 3380/3008/3396 3365/2954/3381 3366/2952/3382 3379/3006/3395 

v 0.172655 1.03237 -0.00617007
vn -0.496178 0.627765 0.599766
f 3381/3010/3397 3364/2956/3380 3365/2954/3381 3380/3008/3396 

v 0.172655 1.0399 -0.016603
vn -0.496178 0.766891 0.407045
f 3382/3012/3398 3363/2958/3379 3364/2956/3380 3381/3010/3397 

v 0.172655 1.04432 -0.0286875
vn -0.496178 0.84854 0.183816
f 3383/2967/3399 3362/2960/3378 3363/2958/3379 3382/3012/3398 

f 3360/2965/3375 3361/2962/3377 3362/2960/3378 3383/2967/3399 

v 0.177192 1.04648 -0.0282188
vn -0.379359 0.904275 0.19589
f 3359/2968/3373 3360/2965/3375 3383/2967/3399 3384/2969/3400 

v 0.177192 1.04186 -0.0155651
vn -0.379359 0.817264 0.433781
f 3384/2969/3400 3383/2967/3399 3382/3012/3398 3385/3013/3401 

v 0.177192 1.03397 -0.00464072
vn -0.379359 0.668999 0.639161
f 3385/3013/3401 3382/3012/3398 3381/3010/3397 3386/3011/3402 

v 0.177192 1.02342 0.00373554
vn -0.379359 0.470592 0.796636
f 3386/3011/3402 3381/3010/3397 3380/3008/3396 3387/3009/3403 

v 0.177192 1.01099 0.00893589
vn -0.379359 0.236915 0.894404
f 3387/3009/3403 3380/3008/3396 3379/3006/3395 3388/3007/3404 

v 0.177192 0.997613 0.0105706
vn -0.379359 -0.0145187 0.925136
f 3388/3007/3404 3379/3006/3395 3378/3004/3394 3389/3005/3405 

v 0.177192 0.984297 0.00851702
vn -0.379359 -0.264864 0.886529
f 3389/3005/3405 3378/3004/3394 3377/3002/3393 3390/3003/3406 

v 0.177192 0.972037 0.00292921
vn -0.379359 -0.495359 0.781477
f 3390/3003/3406 3377/3002/3393 3376/3000/3392 3391/3001/3407 

v 0.177192 0.961751 -0.00577409
vn -0.379359 -0.688726 0.617854
f 3391/3001/3407 3376/3000/3392 3375/2998/3391 3392/2999/3408 

v 0.177192 0.954212 -0.0169406
vn -0.379359 -0.830473 0.407922
f 3392/2999/3408 3375/2998/3391 3374/2996/3390 3393/2997/3409 

v 0.177192 0.949983 -0.0297333
vn -0.379359 -0.909977 0.167417
f 3393/2997/3409 3374/2996/3390 3373/2994/3389 3394/2995/3410 

f 3394/2995/3410 3373/2994/3389 3344/2993/3355 3343/2992/3354 

f 3347/2983/3359 3394/2995/3410 3343/2992/3354 3346/2984/3358 

f 3348/2982/3360 3393/2997/3409 3394/2995/3410 3347/2983/3359 

f 3349/2981/3361 3392/2999/3408 3393/2997/3409 3348/2982/3360 

f 3350/2980/3362 3391/3001/3407 3392/2999/3408 3349/2981/3361 

f 3351/2979/3363 3390/3003/3406 3391/3001/3407 3350/2980/3362 

f 3352/2978/3364 3389/3005/3405 3390/3003/3406 3351/2979/3363 

f 3353/2977/3365 3388/3007/3404 3389/3005/3405 3352/2978/3364 

f 3354/2976/3366 3387/3009/3403 3388/3007/3404 3353/2977/3365 

f 3355/2975/3367 3386/3011/3402 3387/3009/3403 3354/2976/3366 

f 3356/2974/3368 3385/3013/3401 3386/3011/3402 3355/2975/3367 

f 3357/2973/3369 3384/2969/3400 3385/3013/3401 3356/2974/3368 

f 3358/2971/3370 3359/2968/3373 3384/2969/3400 3357/2973/3369 

f 3346/2984/3358 3343/2992/3354 3345/2986/3357

f 3344/2993/3355 3340/2936/3350 3341/2991/3352

f 3283/3040/3288 3324/3038/3331 2885/3039/3333 2884/3041/3289 

f 3324/3038/3331 3283/3040/3288 3284/3042/3290 3322/3037/3329 

f 3322/3037/3329 3284/3042/3290 3285/3043/3291 3320/3036/3327 

f 3320/3036/3327 3285/3043/3291 3286/3044/3292 3318/3035/3325 

f 3318/3035/3325 3286/3044/3292 3287/3045/3293 3316/3034/3323 

f 3316/3034/3323 3287/3045/3293 3288/3046/3294 3314/3033/3321 

f 3314/3033/3321 3288/3046/3294 3289/3047/3295 3312/3032/3319 

f 3312/3032/3319 3289/3047/3295 3290/3048/3296 3310/3031/3317 

f 3310/3031/3317 3290/3048/3296 3291/3049/3297 3308/3030/3315 

f 3308/3030/3315 3291/3049/3297 3292/3050/3298 3306/3029/3313 

f 3306/3029/3313 3292/3050/3298 3293/3051/3299 3304/3028/3311 

f 3304/3028/3311 3293/3051/3299 3294/3052/3300 3302/3027/3309 

f 3302/3027/3309 3294/3052/3300 3295/3053/3301 3298/2932/3305 

v 0.153323 1.01257 -0.0440123
vn -0.999641 0.0266951 0.00208366
vn -0.99975 0.0223124 0.00147624
f 3395/3093/3411 3282/3091/3285 2882/3092/3287 2881/2744/3412 

v 0.153323 1.01193 -0.0357038
vn -0.999028 0.0430765 0.00933149
f 3282/3091/3285 3395/3093/3411 3396/3094/3413 3280/3090/3283 

v 0.153323 1.01063 -0.0321399
vn -0.999028 0.0389315 0.0206638
v 0.153323 0.984381 -0.0444546
vn -0.999443 -0.0333549 0.00133254
v 0.153323 0.984753 -0.0361303
vn -0.999028 -0.0433481 0.00797517
v 0.153323 0.985944 -0.0325273
vn -0.999028 -0.0395608 0.019432
v 0.153323 0.988067 -0.0293823
vn -0.999028 -0.0328085 0.0294324
v 0.153323 0.990964 -0.0269311
vn -0.999028 -0.0235971 0.0372268
v 0.153323 0.994417 -0.0253573
vn -0.999028 -0.0126172 0.0422311
v 0.153323 0.998168 -0.0247789
vn -0.999028 -0.000691621 0.0440702
v 0.153323 1.00193 -0.0252393
vn -0.999028 0.0112858 0.0426062
v 0.153323 1.00544 -0.026704
vn -0.999028 0.0224173 0.0379489
v 0.153323 1.00841 -0.0290631
vn -0.999028 0.0318687 0.0304474
f 3397/3095/3414 3396/3094/3413 3395/3093/3411 3398/3105/3415 3399/3104/3416 3400/3103/3417 3401/3102/3418 3402/3101/3419 3403/3100/3420 3404/3099/3421 3405/3098/3422 3406/3097/3423 3407/3096/3424 

f 3280/3090/3283 3396/3094/3413 3397/3095/3414 3278/3089/3281 

f 3278/3089/3281 3397/3095/3414 3407/3096/3424 3276/3088/3279 

f 3276/3088/3279 3407/3096/3424 3406/3097/3423 3274/3087/3277 

f 3274/3087/3277 3406/3097/3423 3405/3098/3422 3272/3086/3275 

f 3272/3086/3275 3405/3098/3422 3404/3099/3421 3270/3085/3273 

f 3270/3085/3273 3404/3099/3421 3403/3100/3420 3268/3084/3271 

f 3268/3084/3271 3403/3100/3420 3402/3101/3419 3266/3083/3269 

f 3266/3083/3269 3402/3101/3419 3401/3102/3418 3264/3082/3267 

f 3264/3082/3267 3401/3102/3418 3400/3103/3417 3262/3081/3265 

f 3262/3081/3265 3400/3103/3417 3399/3104/3416 3260/3080/3263 

f 3260/3080/3263 3399/3104/3416 3398/3105/3415 3258/3056/3261 

v 0.151948 0.972906 -1.53774
vn -0.999644 -0.0266561 0.000756083
f 3258/3056/3261 3398/3105/3415 3408/3106/3425 3256/3055/3257 

f 3408/3106/3425 3398/3105/3415 3395/3093/3411

f 2881/2744/3412 3408/3106/3425 3395/3093/3411

vn -0.999443 -0.0333713 0.00025645
vn -1 2.77078e-16 1.21319e-14
f 2896/2742/3426 3408/3106/3425 2881/2744/3412 2897/2743/3427 

f 3256/3055/3257 3408/3106/3425 2896/2742/3426 3021/3057/3258 

vn -0.976585 -0.190077 -0.100764
vt 0.889035 0.638882
vt 0.886884 0.648632
vn -0.98203 -0.166743 -0.0883948
f 2524/2092/3428 2400/3128/3428 2399/3129/3429 2527/2094/3429 

vn -0.970444 -0.213219 -0.113033
vt 0.891264 0.629118
vn -0.973599 -0.20168 -0.106916
f 2522/2095/3430 2395/3130/3430 2394/2428/3431 2400/3128/3428 2524/2092/3428 

vn -0.963619 -0.236149 -0.125188
vt 0.893664 0.61928
f 2520/2097/3432 2396/3131/3432 2395/3130/3430 2522/2095/3430 

vn -0.939408 -0.302874 -0.160561
vt 0.896105 0.609463
vn -0.959951 -0.247536 -0.131225
f 2518/2099/3433 2378/3132/3433 2377/2429/3434 2396/3131/3432 2520/2097/3432 

vn -0.862308 -0.447404 -0.23718
vt 0.896265 0.608869
f 2516/2101/3435 2379/3133/3435 2378/3132/3433 2518/2099/3433 

vn -0.727497 -0.606198 -0.321361
vt 0.896407 0.608338
f 2514/2103/3436 2380/3134/3436 2379/3133/3435 2516/2101/3435 

vn -0.564472 -0.72931 -0.386626
vt 0.896525 0.607898
f 2512/2105/3437 2381/3135/3437 2380/3134/3436 2514/2103/3436 

vn -0.38402 -0.815782 -0.432467
vt 0.896613 0.607567
f 2510/2107/3438 2382/3136/3438 2381/3135/3437 2512/2105/3437 

vn -0.194052 -0.866732 -0.459477
vt 0.896668 0.607362
f 2508/2109/3439 2383/3137/3439 2382/3136/3438 2510/2107/3438 

vn 8.10123e-15 -0.883527 -0.46838
vt 0.896687 0.607293
f 2506/2111/3440 2384/3138/3440 2383/3137/3439 2508/2109/3439 

vn 0.194052 -0.866732 -0.459477
f 2504/2109/3441 2385/3137/3441 2384/3138/3440 2506/2111/3440 

vn 0.38402 -0.815782 -0.432467
f 2502/2107/3442 2386/3136/3442 2385/3137/3441 2504/2109/3441 

vn 0.564472 -0.72931 -0.386626
f 2500/2105/3443 2387/3135/3443 2386/3136/3442 2502/2107/3442 

vn 0.727497 -0.606198 -0.321361
f 2498/2103/3444 2388/3134/3444 2387/3135/3443 2500/2105/3443 

vn 0.862308 -0.447404 -0.23718
f 2496/2101/3445 2389/3133/3445 2388/3134/3444 2498/2103/3444 

vn 0.939408 -0.302874 -0.160561
f 2494/2099/3446 2390/3132/3446 2389/3133/3445 2496/2101/3445 

vn 0.963619 -0.236149 -0.125188
vn 0.959951 -0.247536 -0.131225
f 2492/2097/3447 2374/3131/3447 2373/2429/3448 2390/3132/3446 2494/2099/3446 

vn 0.970444 -0.213219 -0.113033
f 2490/2095/3449 2375/3130/3449 2374/3131/3447 2492/2097/3447 

vn 0.976585 -0.190077 -0.100764
vn 0.973599 -0.20168 -0.106916
f 2487/2092/3450 2370/3128/3450 2369/2428/3451 2375/3130/3449 2490/2095/3449 

vn 0.98203 -0.166743 -0.0883948
f 2489/2094/3452 2371/3129/3452 2370/3128/3450 2487/2092/3450 

v 0.174473 1.0259 -1.65318
vt 0.804712 0.713542
vn 0.98677 -0.143241 -0.0759357
vt 0.884853 0.658334
vn 0.984488 -0.155017 -0.0821786
f 3409/3139/3453 2366/3140/3453 2365/2427/3454 2371/3129/3452 2489/2094/3452 

v 0.172819 1.01509 -1.65624
vt 0.805778 0.721141
vn 0.990797 -0.119593 -0.0633992
vt 0.882946 0.66798
f 3410/3141/3455 2367/3142/3455 2366/3140/3453 3409/3139/3453 

v 0.171465 1.00668 -1.66391
vt 0.80899 0.727285
vn 0.994101 -0.0958224 -0.0507979
vt 0.881102 0.677607
vn 0.992539 -0.107725 -0.057108
v 0.171741 1.00645 -1.65869
vt 0.806629 0.72721
f 3411/3143/3456 2362/3144/3456 2361/2426/3457 2367/3142/3455 3410/3141/3455 3412/3145/3457 

v 0.170411 1.0078 -1.68964
vt 0.820614 0.727654
vn 0.996678 -0.0719535 -0.0381444
vt 0.879432 0.687135
f 2362/3144/3456 3411/3143/3456 3413/3146/3458 2363/3147/3458 

vt 0.868922 0.764694
vn 0.996678 0.0750171 -0.0316976
vn 0.994101 0.0999023 -0.0422125
vt 0.868211 0.772693
f 2345/3148/3459 3413/3146/3459 3411/3143/3460 2346/3149/3460 

vt 0.869743 0.756765
vn 0.998523 0.0500545 -0.0211499
v 0.169657 1.00893 -1.71541
vt 0.832259 0.728024
vn 0.997692 0.0625461 -0.0264281
f 2352/3150/3461 3414/3151/3461 3413/3146/3459 2345/3148/3459 2344/2413/3462 

vt 0.870613 0.748863
vn 0.99963 0.0250402 -0.0105804
v 0.169205 1.01007 -1.74121
vt 0.843918 0.728394
f 2351/3152/3463 3415/3153/3463 3414/3151/3461 2352/3150/3461 

vt 0.871484 0.740956
vn 0.999908 0.0125222 -0.0052911
v 0.169054 1.0112 -1.76702
vt 0.855583 0.728765
f 2350/3154/3464 3416/3155/3464 3415/3153/3463 2351/3152/3463 

vt 0.874882 0.71547
f 3416/3155/2799 2359/3156/2799 2354/2424/2799 2349/2414/2799 2350/3154/2799 

vt 0.876322 0.706071
vn 0.99963 -0.0240176 -0.0127323
vn 0.999908 -0.0120108 -0.00636723
f 2358/3157/3465 3415/3153/3465 3416/3155/3466 2359/3156/3466 

vt 0.877762 0.696677
vn 0.998523 -0.0480103 -0.0254515
f 2357/3158/3467 3414/3151/3467 3415/3153/3465 2358/3157/3465 

vn 0.997692 -0.0599919 -0.0318032
f 3414/3151/3467 2357/3158/3467 2356/2425/3468 2363/3147/3458 3413/3146/3458 

vn 0.992539 0.112312 -0.0474561
v 0.172819 1.01281 -1.62106
vn 0.990797 0.124685 -0.0526841
f 2346/3149/3460 3411/3143/3460 3412/3145/3469 3417/2066/3470 2347/2067/3470 

vn 0.990797 -0.135076 -0.008735
vn 0.992539 -0.121672 -0.0078682
f 3410/3141/3471 3417/2066/3471 3412/3145/3472

v 0.174473 1.02057 -1.57075
vn 0.98677 -0.161786 -0.0104622
v 0.174031 1.01783 -1.57387
vn 0.988872 -0.148456 -0.00960019
v 0.173704 1.01707 -1.59587
f 3418/2071/3473 3419/2070/3474 3420/2065/3474 3417/2066/3471 3410/3141/3471 3409/3139/3473 

vn 0.98677 0.0104622 -0.161786
v 0.174473 1.01524 -1.57109
vn 0.988872 0.00960019 -0.148456
f 3418/2071/3475 3421/2069/3475 3419/2070/3476

f 2486/2072/2535 3421/2069/3475 3418/2071/3475 2484/2073/2535 

v 0.176425 1.00144 -1.5916
vn 0.98203 0.187053 -0.0250595
v 0.174473 1.0121 -1.59451
vn 0.98677 0.160688 -0.0215274
f 3422/2061/3477 3423/2063/3478 3421/2069/3478 2486/2072/3477 

vn 0.98203 0.173843 -0.0734552
vn 0.98677 0.14934 -0.0631018
f 3422/2061/3479 2341/2062/3479 2340/2064/3480 3423/2063/3480 

vn 0.976585 0.19817 -0.0837342
f 2482/2058/3481 2342/2059/3481 2341/2062/3479 3422/2061/3479 

vn 0.970444 0.222297 -0.0939291
vn 0.973599 0.210267 -0.0888459
f 2478/2056/3482 2335/2057/3482 2334/2060/3483 2342/2059/3481 2482/2058/3481 

vn 0.963619 0.246203 -0.10403
f 2476/2054/3484 2336/2055/3484 2335/2057/3482 2478/2056/3482 

vn 0.939408 0.315769 -0.133425
f 2474/2049/3485 2337/2050/3485 2336/2055/3484 2476/2054/3484 

vn 0.862308 0.466454 -0.197094
vn 0.914783 0.372092 -0.157223
f 2472/2053/3486 2320/2052/3486 2319/2051/3487 2337/2050/3485 2474/2049/3485 

vn 0.727497 0.632008 -0.267047
vt 0.864575 0.8298
f 2470/2080/3488 2321/3159/3488 2320/2052/3486 2472/2053/3486 

vn 0.564472 0.760362 -0.321282
vt 0.86456 0.830155
f 2468/2082/3489 2322/3160/3489 2321/3159/3488 2470/2080/3488 

vn 0.38402 0.850516 -0.359376
vt 0.864548 0.830421
f 2466/2084/3490 2323/3161/3490 2322/3160/3489 2468/2082/3489 

vn 0.194052 0.903635 -0.38182
vt 0.864541 0.830586
f 2464/2086/3491 2324/3162/3491 2323/3161/3490 2466/2084/3490 

vn 1.69624e-14 0.921145 -0.389219
vt 0.864538 0.830642
f 2462/2088/3492 2325/3163/3492 2324/3162/3491 2464/2086/3491 

vn -0.194052 0.903635 -0.38182
f 2460/2086/3493 2326/3162/3493 2325/3163/3492 2462/2088/3492 

vn -0.38402 0.850516 -0.359376
f 2458/2084/3494 2327/3161/3494 2326/3162/3493 2460/2086/3493 

vn -0.564472 0.760362 -0.321282
f 2456/2082/3495 2328/3160/3495 2327/3161/3494 2458/2084/3494 

vn -0.727497 0.632008 -0.267047
f 2454/2080/3496 2329/3159/3496 2328/3160/3495 2456/2082/3495 

f 2435/2053/2497 2330/2052/2497 2329/3159/3496 2454/2080/3496 

f 2482/2058/2531 3422/2061/3477 2486/2072/3477 2480/2074/2531 

vn 0.988872 0.137035 -0.0579024
f 2347/2067/3470 3417/2066/3470 3420/2065/3497 3423/2063/3480 2340/2064/3480 2339/2068/3497 

vn 0.988872 0.147448 -0.0197537
f 3423/2063/3478 3420/2065/3498 3419/2070/3498 3421/2069/3478 

f 2484/2073/2539 3418/2071/3473 3409/3139/3473 2489/2094/2539 

vn -0.984488 -0.155017 -0.0821786
vn -0.98677 -0.143241 -0.0759357
v 0.206755 1.0259 -1.65318
f 2527/2094/3429 2399/3129/3429 2398/2427/3499 2404/3140/3500 3424/3139/3500 

vn -0.990797 -0.119593 -0.0633992
v 0.208409 1.01509 -1.65624
f 3424/3139/3500 2404/3140/3500 2403/3142/3501 3425/3141/3501 

vn -0.992539 -0.107725 -0.057108
vn -0.994101 -0.0958224 -0.0507979
v 0.209763 1.00668 -1.66391
v 0.209488 1.00645 -1.65869
f 3425/3141/3501 2403/3142/3501 2402/2426/3502 2408/3144/3503 3426/3143/3503 3427/3145/3502 

vn -0.996678 -0.0719535 -0.0381444
v 0.210818 1.0078 -1.68964
f 2407/3147/3504 3428/3146/3504 3426/3143/3503 2408/3144/3503 

vn -0.997692 -0.0599919 -0.0318032
vn -0.998523 -0.0480103 -0.0254515
v 0.211571 1.00893 -1.71541
f 3428/3146/3504 2407/3147/3504 2406/2425/3505 2413/3158/3506 3429/3151/3506 

vn -0.99963 -0.0240176 -0.0127323
v 0.212023 1.01007 -1.74121
f 2412/3157/3507 3430/3153/3507 3429/3151/3506 2413/3158/3506 

vn -0.999908 -0.0120108 -0.00636723
v 0.212174 1.0112 -1.76702
f 2411/3156/3508 3431/3155/3508 3430/3153/3507 2412/3157/3507 

f 3431/3155/2631 2420/3154/2631 2415/2414/2631 2410/2424/2631 2411/3156/2631 

vn -0.99963 0.0250402 -0.0105804
vn -0.999908 0.0125222 -0.0052911
f 2419/3152/3509 3430/3153/3509 3431/3155/3510 2420/3154/3510 

vn -0.998523 0.0500545 -0.0211499
f 2418/3150/3511 3429/3151/3511 3430/3153/3509 2419/3152/3509 

vn -0.996678 0.0750171 -0.0316976
vn -0.997692 0.0625461 -0.0264281
f 2425/3148/3512 3428/3146/3512 3429/3151/3511 2418/3150/3511 2417/2413/3513 

vn -0.994101 0.0999023 -0.0422125
f 2424/3149/3514 3426/3143/3514 3428/3146/3512 2425/3148/3512 

vn -0.992539 0.112312 -0.0474561
f 2423/2067/2505 2442/2066/2505 3427/3145/3515 3426/3143/3514 2424/3149/3514 

vn -0.990797 -0.135076 -0.008735
vn -0.992539 -0.121672 -0.0078682
f 3425/3141/3516 3427/3145/3517 2442/2066/3516

vn -0.988872 -0.148456 -0.00960019
vn -0.98677 -0.161786 -0.0104622
f 3425/3141/3516 2442/2066/3516 2441/2065/3518 2444/2070/3518 2445/2071/3519 3424/3139/3519 

f 2445/2071/3519 2447/2073/2558 2527/2094/2558 3424/3139/3519 

